original_row_id,merchant_id,merchant_name,mcc,merchant_category,business_type,city,state,onboarding_date,settlement_account,has_settlement_account,merchant_status,declared_avg_ticket_size,ticket_size_was_negative,is_suspended_or_blocked,missing_mcc_or_category,category_median_ticket_size,id_collision_flag
2058,MCH1001,Anand-Kothari,,Grocery,Partnership,Pune,Maharashtra,2026-02-17 06:54:00,7962506762,True,Active,332.55,False,False,True,1233.545,False
940,MCH1002,"Apte, Saha and Edwin",5812.0,Restaurant,Private Limited,Bengaluru,Karnataka,2026-07-01 09:01:00,XXXX8596,True,Active,1671.2,False,False,False,1327.31,False
2228,MCH1003,"Nayar, Batta and Barad",5699.0,Apparel,Private Limited,Chennai,Tamil Nadu,,,False,Active,792.91,False,False,False,1252.4299999999998,False
401,MCH1004,Pillai-Mohan,4131.0,Travel,Sole Proprietor,Lucknow,Uttar Pradesh,2023-04-08 00:00:00,3448414449,True,Active,342.7,False,False,False,1012.28,False
1040,MCH1005,SAGAR AND SONS,5912.0,Pharmacy,Partnership,Ludhiana,Punjab,2024-02-06 00:00:00,IPTY9767700049775,True,Active,967.53,False,False,False,1300.55,False
3150,MCH1007_1,Jain-Wadhwa,7011.0,Hotel,Private Limited,Chennai,Tamil Nadu,2025-06-30 00:00:00,,False,Inactive,,True,False,False,1161.77,True
970,MCH1007_2,"Sunder, Wason and Pau",5812.0,Restaurant,Partnership,Jaipur,Rajasthan,2023-11-19 00:00:00,,False,Active,164.45,False,False,False,1327.31,True
5431,MCH1009,Bha11a-Dave,,Transportation,Individual,Mumbai,Maharashtra,2024-01-08 00:00:00,BAVP5007663773178,True,Active,1496.0,False,False,True,1225.12,False
3754,MCH1010,Menon-Andra,,Grocery,Private Limited,Delhi,Delhi,2024-11-17 00:00:00,XXXX4837,True,Active,678.36,False,False,True,1233.545,False
1677,MCH1011,Wable and Sons,5411.0,Grocery,Private Limited,Ludhiana,Punjab,2023-11-02 00:00:00,,False,Active,6536.07,False,False,False,1233.545,False
4712,MCH1014_1,"Agate, Saxena and Pandit",5311.0,Department Store,Partnership,Jalandhar,Punjab,2023-12-21 00:00:00,3851769270,True,Active,1096.96,False,False,False,1356.755,True
448,MCH1014_2,"Raghavan, Barad and Bahl",5812.0,Restaurant,Partnership,Pune,Maharashtra,2024-03-23 00:00:00,PDTL9868386773357,True,Active,,False,False,False,1327.31,True
1180,MCH1015,Mannan-Subramaniam,7011.0,Hotel,Individual,Hyderabad,Telangana,2024-05-19 00:00:00,,False,Active,,True,False,False,1161.77,False
5659,MCH1016_1,"CHAR, BHARGAVA AND CHAUDHARY",5812.0,Restaurant,Private Limited,Hyderabad,Telangana,,TODJ2902550918108,True,Active,1933.0,False,False,False,1327.31,True
4912,MCH1016_2,"Mangat, Som and Deshmukh",5942.0,Books & Stationery,Individual,Pune,Maharashtra,2025-02-08 00:00:00,OOIR2591293670615,True,Suspended,756.28,False,True,False,1167.225,True
1031,MCH1016_3,"Reddy, Amble and Parmar",4814.0,Telecom,Partnership,Chennai,Tamil Nadu,2023-03-10 00:00:00,,False,Active,517.37,False,False,False,1213.17,True
4708,MCH1018,Kannan-Khatri,5311.0,Department Store,Individual,Jalandhar,Punjab,2023-03-19 00:00:00,,False,Active,1791.0,False,False,False,1356.755,False
3007,MCH1019,Iyer-Thaker,5699.0,Apparel,Partnership,Kolkata,West Bengal,2025-05-23 00:00:00,XXXX9462,True,Active,,False,False,False,1252.4299999999998,False
706,MCH1020,Garg-Kale,4131.0,Transportation,Sole Proprietor,Amritsar,Punjab,2023-05-09 00:00:00,,False,Active,1015.68,False,False,False,1225.12,False
4454,MCH1021_1,Naik-Karpe,5411.0,Grocery,Sole Proprietor,Mumbai,Maharashtra,2025-11-16 17:48:36,BPUY6277335937444,True,Active,2341.57,False,False,False,1233.545,True
4289,MCH1021_2,VARGHESE-RAMACHANDRAN,5812.0,Restaurant,Private Limited,Amritsar,Punjab,,,False,Active,734.0,False,False,False,1327.31,True
5539,MCH1022,Ramesh-Bhat,,Misc Retail,Private Limited,Hyderabad,Telangana,,,False,Active,3026.17,False,False,True,1276.92,False
4567,MCH1032_1,Manda-Hayer,7011.0,Hotel,Partnership,Amritsar,Punjab,2025-04-20 00:00:00,XXXX4099,True,Active,674.56,False,False,False,1161.77,True
3093,MCH1032_2,Nori-Nigam,7011.0,Hotel,Sole Proprietor,Pune,Maharashtra,2025-09-21 00:00:00,DXHQ1859405929058,True,Active,652.29,False,False,False,1161.77,True
3620,MCH1033_1,Sidhu and Sons,4814.0,Mobile Recharge,Individual,Jalandhar,Punjab,2023-09-11 00:00:00,WXKC0706100279623,True,Active,1871.48,False,False,False,1108.585,True
6070,MCH1033_2,Virk PLC,7011.0,Hotel,Individual,Amritsar,Punjab,2023-07-08 00:00:00,XXXX6158,True,Closed,,True,False,False,1161.77,True
1549,MCH1034,DEVI-CHAUDHARI,7011.0,Hotel,Private Limited,Delhi,Delhi,2024-06-17 22:15:00,XXXX9097,True,Active,243.38,False,False,False,1161.77,False
683,MCH1035,  Minhas-Khatri  ,5812.0,Restaurant,Sole Proprietor,Mumbai,Maharashtra,2024-01-24 00:00:00,LDCT0604920639781,True,Active,5777.68,False,False,False,1327.31,False
4600,MCH1039_1,Lal-Barad,4814.0,Telecom,Sole Proprietor,Lucknow,Uttar Pradesh,2025-07-28 00:43:00,,False,Active,3062.03,False,False,False,1213.17,True
1395,MCH1039_2,Palan-Mody,4814.0,Mobile Recharge,Individual,Hyderabad,Telangana,2023-07-14 00:00:00,,False,Active,,True,False,False,1108.585,True
4975,MCH1040_1,chand plc,5912.0,Pharmacy,Individual,Pune,Maharashtra,2024-09-08 00:00:00,,False,Active,653.92,False,False,False,1300.55,True
5312,MCH1040_2,Krishnan and S0ns,5411.0,Grocery,Sole Proprietor,Jalandhar,Punjab,2023-01-06 00:00:00,5805252531,True,Active,1030.03,False,False,False,1233.545,True
4690,MCH1041,Pat1a-S0m,,Apparel,Private Limited,Kolkata,West Bengal,2024-04-21 00:00:00,,False,Active,3701.53,False,False,True,1252.4299999999998,False
1802,MCH1044,"Jha, Salvi and Setty",5311.0,Retail,Partnership,Hyderabad,Telangana,2024-10-28 00:00:00,VZSQ7155957356020,True,Active,1084.93,False,False,False,1126.42,False
3452,MCH1047_1,"natarajan, kashyap and goel",,Hotel,Private Limited,Kolkata,West Bengal,2023-08-01 00:00:00,XXXX9448,True,Active,2594.0,False,False,True,1161.77,True
2849,MCH1047_2,Rana-Aurora,4814.0,Telecom,Partnership,Bengaluru,Karnataka,2023-08-20 01:01:00,BJXS0430805448675,True,Active,1003.46,False,False,False,1213.17,True
3243,MCH1050,Trivedi-Zachariah,5699.0,Apparel,Sole Proprietor,Jaipur,Rajasthan,2025-01-30 00:00:00,0368449602,True,Active,2479.88,False,False,False,1252.4299999999998,False
4327,MCH1053,"gera, grover and sehgal",4814.0,Mobile Recharge,Individual,Amritsar,Punjab,2025-02-22 00:00:00,,False,Active,,True,False,False,1108.585,False
4568,MCH1054,  Cheema Ltd  ,5311.0,Department Store,Private Limited,Pune,Maharashtra,2023-05-27 00:00:00,,False,Active,868.09,False,False,False,1356.755,False
774,MCH1055,Dhingra-Kapoor,5311.0,Retail,Partnership,Bengaluru,Karnataka,2024-12-30 03:08:34,6794786904,True,Active,,True,False,False,1126.42,False
2799,MCH1056,Mital-Jhaveri,5311.0,Department Store,Partnership,Amritsar,Punjab,2023-09-10 00:09:34,6820698589,True,Active,5938.05,False,False,False,1356.755,False
4415,MCH1058,"Vyas,VirkandDatta",5311.0,Department Store,Partnership,Pune,Maharashtra,2023-01-20 00:00:00,XXXX0826,True,Active,1504.39,False,False,False,1356.755,False
3306,MCH1059,Prasad Ltd,4814.0,Mobile Recharge,Partnership,Hyderabad,Telangana,2023-03-18 00:00:00,XXXX9900,True,Active,4187.75,False,False,False,1108.585,False
1195,MCH1060_1,Goda and Sons,5311.0,Department Store,Sole Proprietor,Chennai,Tamil Nadu,2023-05-18 00:00:00,2862334269,True,Closed,2371.8,False,False,False,1356.755,True
4554,MCH1060_2,Sampath-Dora,,Restaurant,Partnership,Jalandhar,Punjab,2023-07-27 03:57:00,,False,Active,2594.73,False,False,True,1327.31,True
149,MCH1060_3,"Subramaniam, Rama and Contractor",4131.0,Transportation,Individual,Hyderabad,Telangana,2024-05-02 09:00:14,FXHY9362967598468,True,Active,480.0,False,False,False,1225.12,True
3413,MCH1063,"Samra, Sur and Venkataraman",5999.0,Misc Retail,Private Limited,Chennai,Tamil Nadu,2023-06-13 00:00:00,2476053551,True,Active,1297.7,False,False,False,1276.92,False
5201,MCH1064_1,Mishra-Badami,5942.0,Books & Stationery,Sole Proprietor,Lucknow,Uttar Pradesh,2025-03-12 00:00:00,,False,Active,2393.66,False,False,False,1167.225,True
2890,MCH1064_2,Nanda Ltd,5812.0,Restaurant,Individual,Amritsar,Punjab,2025-09-09 22:49:04,,False,Active,1182.15,False,False,False,1327.31,True
2130,MCH1068,Mall-Palan,,Misc Retail,Sole Proprietor,Jaipur,Rajasthan,2026-09-02 09:23:00,PKRN8629349498422,True,Active,663.04,False,False,True,1276.92,False
2302,MCH1070,Pandya PLC,5999.0,Misc Retail,Private Limited,Chennai,Tamil Nadu,2024-09-03 00:00:00,,False,Active,1259.2,False,False,False,1276.92,False
4668,MCH1071_1,"Keer, Roy and Narayanan",,Pharmacy,Sole Proprietor,Jaipur,Rajasthan,2025-04-17 00:00:00,4373595007,True,Active,619.21,False,False,True,1300.55,True
3639,MCH1071_2,ShankarGroup,7011.0,Hotel,Individual,Mumbai,Maharashtra,2024-06-23 13:38:43,6765564160,True,Active,,True,False,False,1161.77,True
4719,MCH1071_3,  Wali and Sons  ,4814.0,Mobile Recharge,Sole Proprietor,Bengaluru,Karnataka,2025-01-21 00:00:00,,False,Active,1437.33,False,False,False,1108.585,True
3286,MCH1072,Kalla-Khalsa,5812.0,Restaurant,Private Limited,Mumbai,Maharashtra,2025-11-10 00:00:00,,False,Inactive,422.23,False,False,False,1327.31,False
947,MCH1073,"Dasgupta,RayandDara",,Pharmacy,Partnership,Lucknow,Uttar Pradesh,2024-09-22 00:00:00,XXXX7293,True,Suspended,1002.63,False,True,True,1300.55,False
236,MCH1075_1,Lala PLC,4814.0,Mobile Recharge,Individual,Pune,Maharashtra,2024-06-01 00:00:00,IPNE1576095102770,True,Suspended,1162.41,False,True,False,1108.585,True
3312,MCH1075_2,Pingle-Mohan,5912.0,Pharmacy,Sole Proprietor,Ludhiana,Punjab,2025-02-24 00:00:00,XXXX2118,True,Active,1639.19,False,False,False,1300.55,True
1571,MCH1077_1,Mitter and Sons,5812.0,Restaurant,Individual,Chennai,Tamil Nadu,2026-01-12 00:00:00,,False,Inactive,606.84,False,False,False,1327.31,True
3155,MCH1077_2,"Peri, Pai and Dani",5311.0,Department Store,Individual,Pune,Maharashtra,2025-07-24 01:37:17,OBKX2096371467257,True,Active,1189.85,False,False,False,1356.755,True
2401,MCH1077_3,Taneja-Nagar,5411.0,Grocery,Individual,Amritsar,Punjab,2026-02-27 00:00:00,QQWI6101172213624,True,Active,358.21,False,False,False,1233.545,True
2071,MCH1079,Sharaf and Sons,,Mobile Recharge,Sole Proprietor,Pune,Maharashtra,2023-10-20 00:00:00,,False,Active,455.39,False,False,True,1108.585,False
953,MCH1081,Mistry Group,5812.0,Restaurant,Private Limited,Mumbai,Maharashtra,2025-05-27 00:00:00,XXXX5682,True,Active,2299.04,False,False,False,1327.31,False
5014,MCH1082,Oommen Inc,7011.0,Hotel,Partnership,Amritsar,Punjab,,6717543820,True,Active,833.19,False,False,False,1161.77,False
4172,MCH1083,Chaudhry-Bhat,5812.0,Restaurant,Sole Proprietor,Jalandhar,Punjab,2025-04-30 00:00:00,DSMZ2555394666399,True,Inactive,730.39,False,False,False,1327.31,False
3846,MCH1084,Krishnamurthy Inc,5999.0,Misc Retail,Private Limited,Jalandhar,Punjab,2025-04-21 00:00:00,7207827487,True,Active,4469.21,False,False,False,1276.92,False
4856,MCH1086,Agrawal-Sule,,Apparel,Individual,Ludhiana,Punjab,2023-11-13 00:00:00,,False,Active,1355.59,False,False,True,1252.4299999999998,False
5327,MCH1087,"Mitter, Sawhney and Luthra",7011.0,Hotel,Partnership,Chennai,Tamil Nadu,2025-04-19 00:00:00,,False,Suspended,2381.71,False,True,False,1161.77,False
2378,MCH1089_1,"Mann, Edwin and Misra",5411.0,Grocery,Individual,Jaipur,Rajasthan,,7489263549,True,Active,678.0,False,False,False,1233.545,True
6161,MCH1089_2,RANDHAWA-BARAD,5942.0,Books & Stationery,Individual,Jalandhar,Punjab,2025-06-12 00:00:00,,False,Active,8714.78,False,False,False,1167.225,True
3485,MCH1093,"dubey, uppal and bhatt",5812.0,Restaurant,Private Limited,Pune,Maharashtra,2025-04-26 00:00:00,,False,Closed,4005.67,False,False,False,1327.31,False
3749,MCH1095,Mander Group,4814.0,Mobile Recharge,Partnership,Kolkata,West Bengal,2023-01-30 03:08:00,XXXX5510,True,Active,1277.94,False,False,False,1108.585,False
3228,MCH1096,Subramanian-Prasad,5699.0,Apparel,Individual,Hyderabad,Telangana,2025-03-07 02:41:50,,False,Active,8373.82,False,False,False,1252.4299999999998,False
4019,MCH1097,"Narayan, Datta and Chowdhury",5999.0,Misc Retail,Individual,Lucknow,Uttar Pradesh,2025-05-09 00:00:00,,False,Active,343.8,False,False,False,1276.92,False
5251,MCH1098,"raval, yadav and yogi",7011.0,Hotel,Private Limited,Jaipur,Rajasthan,2023-12-01 00:00:00,XXXX3614,True,Active,181.0,False,False,False,1161.77,False
3234,MCH1100,swamy inc,5311.0,Retail,Partnership,Ludhiana,Punjab,2024-08-17 00:00:00,9084083237,True,Inactive,2008.22,False,False,False,1126.42,False
5149,MCH1101_1,"Deo, Gill and Dhaliwal",5812.0,Restaurant,Private Limited,Delhi,Delhi,2023-05-26 09:37:00,,False,Active,1076.28,False,False,False,1327.31,True
1897,MCH1101_2,Mangal Inc,5912.0,Pharmacy,Individual,Chennai,Tamil Nadu,2023-06-19 00:00:00,XXXX7862,True,Active,2025.16,False,False,False,1300.55,True
3707,MCH1101_3,Ramaswamy-Prabhakar,5912.0,Pharmacy,Sole Proprietor,Chennai,Tamil Nadu,2025-06-02 00:00:00,,False,Active,8687.0,False,False,False,1300.55,True
3610,MCH1101_4,Seshadri-Rajagopalan,4814.0,Mobile Recharge,Individual,Kolkata,West Bengal,2023-06-28 00:00:00,,False,Inactive,3516.26,False,False,False,1108.585,True
3874,MCH1101_5,Sethi Ltd,5812.0,Restaurant,Partnership,Kolkata,West Bengal,2023-08-10 00:00:00,,False,Active,840.25,False,False,False,1327.31,True
4976,MCH1104,Chander LLC,4814.0,Telecom,Private Limited,Delhi,Delhi,2024-09-05 00:00:00,,False,Active,778.62,False,False,False,1213.17,False
1381,MCH1106_1,"Agrawal, Ganguly and Kalla",5411.0,Grocery,Private Limited,Delhi,Delhi,2024-08-25 00:00:00,ZKGK4764088745020,True,Active,1100.28,False,False,False,1233.545,True
482,MCH1106_2,"narang, wali and aurora",5411.0,Grocery,Sole Proprietor,Jalandhar,Punjab,2023-10-04 00:00:00,XKBE4857491773438,True,Active,1853.84,False,False,False,1233.545,True
3367,MCH1107,Sen-Das,,Mobile Recharge,Private Limited,Chennai,Tamil Nadu,2024-09-16 00:00:00,VDXT6754486241555,True,Active,,False,False,True,1108.585,False
439,MCH1109_1,Sinha-Bumb,4131.0,Transportation,Private Limited,Amritsar,Punjab,2023-11-02 07:38:00,,False,Active,,True,False,False,1225.12,True
2200,MCH1109_2,Solanki Ltd,5311.0,Department Store,Partnership,Mumbai,Maharashtra,2023-07-23 00:00:00,XXXX9384,True,Active,1262.18,False,False,False,1356.755,True
6082,MCH1115,Nadkarni LLC,4131.0,Transportation,Partnership,Jalandhar,Punjab,,,False,Active,6943.0,False,False,False,1225.12,False
5252,MCH1118_1,"BASAK, PILLAI AND ARORA",5999.0,Misc Retail,Private Limited,Chennai,Tamil Nadu,2026-01-06 00:00:00,,False,Active,3933.25,False,False,False,1276.92,True
4704,MCH1118_2,ChokshiInc,4131.0,Transportation,Partnership,Jalandhar,Punjab,2025-07-26 00:00:00,XXXX1304,True,Active,590.75,False,False,False,1225.12,True
3518,MCH1122_1,Bakshi and Sons,,Department Store,Private Limited,Chennai,Tamil Nadu,2023-03-09 00:00:00,,False,Active,638.59,False,False,True,1356.755,True
4130,MCH1122_2,"Rana, Choudhury and Garde",5912.0,Pharmacy,Partnership,Ludhiana,Punjab,2024-11-30 00:00:00,XXXX6047,True,Active,4792.92,False,False,False,1300.55,True
999,MCH1124_1,Andra Inc,7011.0,Hotel,Partnership,Lucknow,Uttar Pradesh,2023-08-07 00:00:00,,False,Active,5664.0,False,False,False,1161.77,True
3494,MCH1124_2,"Hayre, Chana and Bhasin",5699.0,Apparel,Sole Proprietor,Jaipur,Rajasthan,2024-05-10 00:00:00,,False,Active,843.01,False,False,False,1252.4299999999998,True
3296,MCH1126,"Nayak, Dhaliwal and Soman",5411.0,Grocery,Partnership,Jalandhar,Punjab,2026-02-12 00:00:00,,False,Active,564.83,False,False,False,1233.545,False
5713,MCH1128_1,Natt-Keer,5999.0,Misc Retail,Sole Proprietor,Hyderabad,Telangana,2026-01-10 12:42:55,XXXX1918,True,Active,1028.32,False,False,False,1276.92,True
6071,MCH1128_2,Srinivasan Group,,Grocery,Private Limited,Chennai,Tamil Nadu,2024-04-19 00:00:00,,False,Active,,True,False,True,1233.545,True
4161,MCH1130_1,Bhargava-Dara,5311.0,Department Store,Individual,Amritsar,Punjab,2025-06-14 00:00:00,8689036086,True,Active,2188.62,False,False,False,1356.755,True
521,MCH1130_2,"K0thari, Singh and Sura",5311.0,Department Store,Sole Proprietor,Ludhiana,Punjab,2025-09-20 00:31:00,,False,Active,3514.91,False,False,False,1356.755,True
4755,MCH1132,Cheema Inc,5999.0,Misc Retail,Sole Proprietor,Ludhiana,Punjab,2023-09-10 00:00:00,3299217122,True,Active,,False,False,False,1276.92,False
1905,MCH1133,Shere Ltd,5912.0,Pharmacy,Partnership,Bengaluru,Karnataka,2025-06-10 00:00:00,,False,Active,11501.53,False,False,False,1300.55,False
993,MCH1134_1,"Sani, Uppal and Pillai",,Pharmacy,Partnership,Kolkata,West Bengal,2025-04-11 00:00:00,,False,Active,6246.52,False,False,True,1300.55,True
5994,MCH1134_2,"Shenoy, Gokhale and Soman",5411.0,Grocery,Individual,Delhi,Delhi,2024-12-11 00:00:00,KZYJ5215017385369,True,Active,284.86,False,False,False,1233.545,True
1925,MCH1136,"bahri, kanda and seth",5942.0,Books & Stationery,Private Limited,Chennai,Tamil Nadu,2023-07-17 00:00:00,XXXX4885,True,Active,896.84,False,False,False,1167.225,False
1176,MCH1138,"Shan,BuchandTank",5942.0,Books & Stationery,Sole Proprietor,Bengaluru,Karnataka,2024-03-07 21:25:00,XXXX0724,True,Active,1369.64,False,False,False,1167.225,False
4428,MCH1142_1,"Master, Soni and Kapadia",4814.0,Mobile Recharge,Sole Proprietor,Chennai,Tamil Nadu,2024-10-06 12:07:57,4563871051,True,Active,252.13,False,False,False,1108.585,True
1634,MCH1142_2,MORAR LLC,5999.0,Misc Retail,Sole Proprietor,Jalandhar,Punjab,,,False,Active,,False,False,False,1276.92,True
2676,MCH1143,ARYA-KHANNA,4131.0,Transportation,Sole Proprietor,Jalandhar,Punjab,2023-08-16 00:00:00,9953530102,True,Active,486.39,False,False,False,1225.12,False
6133,MCH1144,Morar-Rattan,5699.0,Apparel,Sole Proprietor,Jaipur,Rajasthan,2025-01-20 00:00:00,,False,Active,1182.28,False,False,False,1252.4299999999998,False
2054,MCH1147,Dayal-Sabharwal,4814.0,Mobile Recharge,Individual,Kolkata,West Bengal,2023-11-23 00:00:00,XXXX2380,True,Inactive,939.97,False,False,False,1108.585,False
638,MCH1148,Deep-Manda,4131.0,Transportation,Individual,Amritsar,Punjab,2025-06-15 00:35:23,,False,Active,3461.0,False,False,False,1225.12,False
5441,MCH1152,Raman-Choudhury,,Grocery,Partnership,Chennai,Tamil Nadu,2025-12-19 00:00:00,XXXX0685,True,Active,233.0,False,False,True,1233.545,False
6098,MCH1153_1,"Johal, Suri and Rama",5999.0,Misc Retail,Sole Proprietor,Kolkata,West Bengal,2023-05-08 00:00:00,XXXX9937,True,Active,153.84,False,False,False,1276.92,True
1498,MCH1153_2,"Oommen, Sastry and Varty",5311.0,Department Store,Private Limited,Amritsar,Punjab,2024-06-17 00:00:00,XXXX3616,True,Active,873.51,False,False,False,1356.755,True
648,MCH1154_1,"oommen, tata and randhawa",,Hotel,Partnership,Kolkata,West Bengal,2025-04-18 00:00:00,RBFJ6015227406897,True,Active,655.3,False,False,True,1161.77,True
4893,MCH1154_2,Saran and Sons,5912.0,Pharmacy,Private Limited,Pune,Maharashtra,2023-12-26 00:00:00,TCTB2753134775657,True,Active,871.24,False,False,False,1300.55,True
2344,MCH1155,Sha LLC,4131.0,Transportation,Sole Proprietor,Amritsar,Punjab,2024-03-08 00:00:00,,False,Inactive,1753.08,False,False,False,1225.12,False
3159,MCH1159_1,De Ltd,5942.0,Books & Stationery,Individual,Kolkata,West Bengal,2025-12-05 15:35:26,,False,Active,1672.61,False,False,False,1167.225,True
393,MCH1159_2,Sabharwal-Gole,4814.0,Telecom,Partnership,Hyderabad,Telangana,,XXXX4659,True,Closed,790.13,False,False,False,1213.17,True
5001,MCH1161,"Kuruvilla, Pall and Ravel",5411.0,Grocery,Private Limited,Jalandhar,Punjab,2023-12-29 00:00:00,,False,Active,549.82,False,False,False,1233.545,False
5685,MCH1162,"Anand, Mistry and Khare",5999.0,Misc Retail,Private Limited,Delhi,Delhi,2025-12-02 00:00:00,XXXX2346,True,Active,1311.0,False,False,False,1276.92,False
4773,MCH1163_1,Chauhan Group,5912.0,Pharmacy,Sole Proprietor,Kolkata,West Bengal,2024-04-10 00:00:00,,False,Active,2218.96,False,False,False,1300.55,True
4764,MCH1163_2,"Gour, Comar and Palan",4814.0,Telecom,Partnership,Ludhiana,Punjab,2025-10-25 00:00:00,BYWD2962302915002,True,Closed,5449.73,False,False,False,1213.17,True
346,MCH1164,Goda PLC,4131.0,Transportation,Partnership,Ludhiana,Punjab,2025-10-27 00:00:00,,False,Active,953.0,False,False,False,1225.12,False
2079,MCH1168_1,"Dugal, Thaker and Rana",5699.0,Apparel,Partnership,Hyderabad,Telangana,2023-04-28 00:00:00,ZVAL3726006910876,True,Inactive,900.21,False,False,False,1252.4299999999998,True
49,MCH1168_2,  Sekhon Inc  ,5411.0,Grocery,Sole Proprietor,Hyderabad,Telangana,2025-07-26 21:06:00,,False,Active,6003.0,False,False,False,1233.545,True
2019,MCH1168_3,"Seshadri, Borah and Sachdeva",,Pharmacy,Individual,Pune,Maharashtra,2026-01-04 03:19:25,CWXA5916653675162,True,Active,4780.41,False,False,True,1300.55,True
1527,MCH1169,Dey-Gupta,5812.0,Restaurant,Individual,Bengaluru,Karnataka,2023-03-17 00:00:00,0295503532,True,Active,1427.7,False,False,False,1327.31,False
71,MCH1170,"Wali, Bala and Sanghvi",5311.0,Department Store,Sole Proprietor,Bengaluru,Karnataka,2023-01-04 15:30:00,,False,Inactive,1109.65,False,False,False,1356.755,False
5537,MCH1171,Sampath-Shroff,5912.0,Pharmacy,Partnership,Delhi,Delhi,2026-01-19 05:21:00,,False,Active,393.94,False,False,False,1300.55,False
1227,MCH1174,Mander-Kari,5411.0,Grocery,Partnership,Jalandhar,Punjab,2023-05-01 00:00:00,,False,Active,1013.97,False,False,False,1233.545,False
5231,MCH1177,"Mistry, Savant and Jha",4131.0,Transportation,Sole Proprietor,Amritsar,Punjab,2025-08-29 18:32:00,,False,Active,1663.99,False,False,False,1225.12,False
3905,MCH1179,Suresh-Chand,5942.0,Books & Stationery,Partnership,Chennai,Tamil Nadu,2025-11-19 00:00:00,,False,Active,,False,False,False,1167.225,False
2578,MCH1180,Sangha and Sons,5411.0,Grocery,Individual,Hyderabad,Telangana,2023-11-03 00:00:00,VUOK6265318074983,True,Active,993.08,False,False,False,1233.545,False
3241,MCH1183,Rajan LLC,5812.0,Restaurant,Private Limited,Bengaluru,Karnataka,2023-02-02 00:00:00,,False,Active,1717.84,False,False,False,1327.31,False
4826,MCH1185,"Buch, Barad and Toor",5999.0,Misc Retail,Partnership,Jalandhar,Punjab,2024-06-16 00:00:00,6769671490,True,Active,2955.34,False,False,False,1276.92,False
4878,MCH1188,M0rar Ltd,5912.0,Pharmacy,Individual,Hyderabad,Telangana,2024-02-19 00:00:00,3674511273,True,Active,1156.7,False,False,False,1300.55,False
4194,MCH1189,"rai, doctor and dar",5699.0,Apparel,Sole Proprietor,Mumbai,Maharashtra,2024-11-13 20:40:00,8075572970,True,Active,1513.0,False,False,False,1252.4299999999998,False
969,MCH1191,raval ltd,4814.0,Mobile Recharge,Individual,Kolkata,West Bengal,2023-01-19 00:18:56,,False,Inactive,1670.52,False,False,False,1108.585,False
3623,MCH1193,"Padmanabhan, Sekhon and Dhawan",5812.0,Restaurant,Partnership,Lucknow,Uttar Pradesh,2025-01-16 00:00:00,,False,Active,1712.05,False,False,False,1327.31,False
343,MCH1195_1,Cherian-Rana,4131.0,Transportation,Sole Proprietor,Jalandhar,Punjab,2025-09-09 00:00:00,,False,Active,364.17,False,False,False,1225.12,True
1495,MCH1195_2,Parekh-Patla,5942.0,Books & Stationery,Partnership,Ludhiana,Punjab,2023-06-27 00:00:00,,False,Active,741.86,False,False,False,1167.225,True
331,MCH1197,"Gaba, Wadhwa and Sahni",5411.0,Grocery,Private Limited,Mumbai,Maharashtra,2024-08-01 00:00:00,8143796682,True,Active,488.96,False,False,False,1233.545,False
581,MCH1199_1,Chad-Grewal,5812.0,Restaurant,Sole Proprietor,Hyderabad,Telangana,2024-11-22 00:00:00,8520358001,True,Active,187.18,False,False,False,1327.31,True
4120,MCH1199_2,"  Chatterjee, Chada and Ghose  ",5812.0,Restaurant,Private Limited,Chennai,Tamil Nadu,2025-04-14 01:46:00,,False,Active,6574.56,False,False,False,1327.31,True
6080,MCH1200,  Vora and Sons  ,,Apparel,Private Limited,Pune,Maharashtra,2023-02-08 00:00:00,MQRX2052089170910,True,Active,1072.0,False,False,True,1252.4299999999998,False
6054,MCH1202,KOSHY-BORDE,5311.0,Retail,Partnership,Ludhiana,Punjab,2023-04-27 14:11:10,QMOB6262370066772,True,Active,1998.99,False,False,False,1126.42,False
3929,MCH1204,  Rana Group  ,5311.0,Department Store,Private Limited,Jaipur,Rajasthan,2025-05-24 15:30:29,,False,Active,733.33,False,False,False,1356.755,False
1401,MCH1207,"pillai, oak and barman",5812.0,Restaurant,Individual,Delhi,Delhi,2024-04-11 00:00:00,,False,Active,1280.08,False,False,False,1327.31,False
5245,MCH1210,"Dua, Buch and Kaul",,Books & Stationery,Private Limited,Mumbai,Maharashtra,,9379400368,True,Suspended,1903.0,False,True,True,1167.225,False
1993,MCH1211,"  Munshi, Pai and Sibal  ",5311.0,Retail,Sole Proprietor,Delhi,Delhi,2023-01-04 00:00:00,NHYW6672789857023,True,Active,296.16,False,False,False,1126.42,False
389,MCH1213,Ray LLC,5912.0,Pharmacy,Partnership,Pune,Maharashtra,2024-01-07 18:33:52,1805958295,True,Active,1556.0,False,False,False,1300.55,False
101,MCH1214_1,Padmanabhan Gr0up,4814.0,Telecom,Individual,Amritsar,Punjab,2025-08-24 00:00:00,,False,Active,,True,False,False,1213.17,True
3894,MCH1214_2,Patel-Bhatti,5311.0,Department Store,Individual,Jalandhar,Punjab,2024-10-05 17:31:40,XXXX0366,True,Active,1829.91,False,False,False,1356.755,True
105,MCH1216_1,"Agarwal, Dave and Vala",7011.0,Hotel,Sole Proprietor,Chennai,Tamil Nadu,2024-10-18 00:00:00,,False,Active,2228.42,False,False,False,1161.77,True
1476,MCH1216_2,Mani Ltd,5999.0,Misc Retail,Sole Proprietor,Amritsar,Punjab,2025-04-05 19:50:02,WWHE9096090604868,True,Active,228.0,False,False,False,1276.92,True
4750,MCH1219_1,Buta1a Ltd,5699.0,Apparel,Sole Proprietor,Lucknow,Uttar Pradesh,2025-10-23 00:00:00,1736220262,True,Active,1046.51,False,False,False,1252.4299999999998,True
2348,MCH1219_2,Khare-Puri,5812.0,Restaurant,Partnership,Amritsar,Punjab,2024-11-21 00:00:00,,False,Active,2174.0,False,False,False,1327.31,True
5310,MCH1219_3,Srinivas-Bobal,5912.0,Pharmacy,Sole Proprietor,Chennai,Tamil Nadu,2023-08-27 00:00:00,,False,Active,2814.27,False,False,False,1300.55,True
2845,MCH1221_1,"BAKSHI, DOCTOR AND BOBAL",7011.0,Hotel,Partnership,Mumbai,Maharashtra,,XXXX9345,True,Active,1302.2,False,False,False,1161.77,True
4465,MCH1221_2,Nadig-Ray,5942.0,Books & Stationery,Individual,Delhi,Delhi,2024-12-22 00:00:00,7362492315,True,Active,618.0,False,False,False,1167.225,True
1075,MCH1221_3,"SASTRY, KAPOOR AND VARUGHESE",5812.0,Restaurant,Partnership,Jalandhar,Punjab,2025-04-26 00:00:00,,False,Inactive,3430.0,False,False,False,1327.31,True
1883,MCH1222,Dass-Dugar,5411.0,Grocery,Sole Proprietor,Kolkata,West Bengal,2023-11-07 18:19:21,,False,Active,,False,False,False,1233.545,False
3120,MCH1224,setty-sami,5942.0,Books & Stationery,Individual,Kolkata,West Bengal,2023-02-09 05:59:00,7626814027,True,Active,609.48,False,False,False,1167.225,False
3016,MCH1226_1,"APTE, PINGLE AND PAL",,Hotel,Private Limited,Hyderabad,Telangana,2024-01-03 00:00:00,,False,Active,2290.0,False,False,True,1161.77,True
770,MCH1226_2,Nadkarni Ltd,5912.0,Pharmacy,Sole Proprietor,Ludhiana,Punjab,,,False,Active,602.21,False,False,False,1300.55,True
5094,MCH1227_1,  Dyal Ltd  ,5999.0,Misc Retail,Individual,Ludhiana,Punjab,2025-09-21 00:00:00,QLYV4506400926648,True,Active,602.09,False,False,False,1276.92,True
1465,MCH1227_2,"Madan, More and Pal",5411.0,Grocery,Sole Proprietor,Hyderabad,Telangana,2025-08-12 00:01:00,3802553962,True,Active,1078.83,False,False,False,1233.545,True
803,MCH1227_3,"Nazareth, Zacharia and Swaminathan",5812.0,Restaurant,Private Limited,Ludhiana,Punjab,2023-03-21 16:36:39,MUJQ0020831226650,True,Active,870.36,False,False,False,1327.31,True
1659,MCH1227_4,Shah and Sons,5699.0,Apparel,Private Limited,Lucknow,Uttar Pradesh,2023-07-01 00:00:00,,False,Active,1660.63,False,False,False,1252.4299999999998,True
5474,MCH1229_1,Hayre Inc,,Misc Retail,Sole Proprietor,Kolkata,West Bengal,2023-08-14 00:08:00,,False,Active,527.5,False,False,True,1276.92,True
4592,MCH1229_2,"Sen, Dewan and Tripathi",5942.0,Books & Stationery,Private Limited,Amritsar,Punjab,2025-02-19 00:00:00,JECT9983029325791,True,Active,2028.74,False,False,False,1167.225,True
6101,MCH1233,"Upadhyay, Lall and Kala",5942.0,Books & Stationery,Private Limited,Pune,Maharashtra,2024-07-19 00:00:00,,False,Active,,True,False,False,1167.225,False
699,MCH1234_1,Comar-Kari,4131.0,Transportation,Sole Proprietor,Jalandhar,Punjab,,IUGP6821222732474,True,Active,1120.89,False,False,False,1225.12,True
957,MCH1234_2,"Shah, Pathak and Bera",,Hotel,Partnership,Jaipur,Rajasthan,2025-10-06 00:00:00,,False,Active,354.58,False,False,True,1161.77,True
1202,MCH1237,Agarwal-Kibe,7011.0,Hotel,Partnership,Mumbai,Maharashtra,2023-03-30 00:00:00,CKEI2680343648784,True,Active,750.84,False,False,False,1161.77,False
3499,MCH1243,"Buch, Atwal and Roy",5912.0,Pharmacy,Partnership,Ludhiana,Punjab,2025-12-06 08:43:00,,False,Active,1323.94,False,False,False,1300.55,False
5917,MCH1245,"Kumer, Varghese and Dhawan",,Pharmacy,Partnership,Pune,Maharashtra,2023-08-23 00:00:00,,False,Active,725.32,False,False,True,1300.55,False
4029,MCH1247,"Nayak, Lala and Pillai",5411.0,Grocery,Sole Proprietor,Bengaluru,Karnataka,2023-01-19 00:00:00,9109437765,True,Inactive,677.02,False,False,False,1233.545,False
6203,MCH1249_1,"Garg, Saha and Rattan",5999.0,Misc Retail,Partnership,Jalandhar,Punjab,2023-08-21 00:00:00,,False,Active,,True,False,False,1276.92,True
2410,MCH1249_2,"Varkey, Kulkarni and More",5311.0,Retail,Sole Proprietor,Bengaluru,Karnataka,2023-07-26 21:44:19,,False,Active,1049.44,False,False,False,1126.42,True
2034,MCH1250_1,Ben-Thaman,5411.0,Grocery,Sole Proprietor,Bengaluru,Karnataka,,BWCW6486975518274,True,Suspended,1524.37,False,True,False,1233.545,True
2343,MCH1250_2,BHARDWAJ-WABLE,4131.0,Transportation,Private Limited,Pune,Maharashtra,2025-04-11 10:39:00,,False,Active,515.0,False,False,False,1225.12,True
4825,MCH1250_3,  Kata Group  ,5812.0,Restaurant,Private Limited,Chennai,Tamil Nadu,2023-12-22 01:25:00,,False,Active,1162.22,False,False,False,1327.31,True
5092,MCH1254,Pant-Muni,4131.0,Travel,Partnership,Delhi,Delhi,2023-10-21 00:00:00,,False,Active,781.27,False,False,False,1012.28,False
1416,MCH1255_1,"Bose, Memon and Luthra",5942.0,Books & Stationery,Partnership,Pune,Maharashtra,2023-05-27 08:30:18,XXXX6249,True,Active,1129.38,False,False,False,1167.225,True
1368,MCH1255_2,La1a and S0ns,4814.0,Telecom,Partnership,Kolkata,West Bengal,2023-07-19 00:00:00,8344362943,True,Inactive,772.22,False,False,False,1213.17,True
136,MCH1256,Vala Inc,5912.0,Pharmacy,Sole Proprietor,Kolkata,West Bengal,2025-01-17 00:00:00,,False,Suspended,1415.24,False,True,False,1300.55,False
5107,MCH1257,Varma-Maharaj,5942.0,Books & Stationery,Sole Proprietor,Kolkata,West Bengal,2023-04-15 16:16:00,VIAW9051693811302,True,Active,3059.27,False,False,False,1167.225,False
5430,MCH1259,"Wagle, Verma and Ramanathan",,Pharmacy,Private Limited,Jaipur,Rajasthan,2025-08-12 00:00:00,,False,Active,548.2,False,False,True,1300.55,False
1407,MCH1260_1,KOTHARI-NADKARNI,5699.0,Apparel,Private Limited,Lucknow,Uttar Pradesh,2026-01-15 00:00:00,6850024093,True,Active,2375.4,False,False,False,1252.4299999999998,True
1532,MCH1260_2,OOMMEN-JHA,5411.0,Grocery,Individual,Delhi,Delhi,,XXXX3006,True,Active,1093.23,False,False,False,1233.545,True
216,MCH1261,"Cheema, Savant and Bakshi",5311.0,Retail,Sole Proprietor,Ludhiana,Punjab,2024-06-03 00:00:00,EXGQ1328686965867,True,Closed,,False,False,False,1126.42,False
1723,MCH1262_1,CharInc,4814.0,Telecom,Individual,Pune,Maharashtra,2025-06-28 00:00:00,4484109203,True,Active,489.52,False,False,False,1213.17,True
4027,MCH1262_2,Lad and Sons,7011.0,Hotel,Individual,Jalandhar,Punjab,2025-11-17 01:26:45,XXXX6412,True,Active,503.65,False,False,False,1161.77,True
529,MCH1263_1,Krishnan-Venkataraman,,Telecom,Partnership,Kolkata,West Bengal,,,False,Active,565.9,False,False,True,1213.17,True
1005,MCH1263_2,Memon-Choudhary,5912.0,Pharmacy,Private Limited,Hyderabad,Telangana,2025-11-27 22:51:46,,False,Active,1888.17,False,False,False,1300.55,True
2781,MCH1263_3,"Soman, Chaudhary and Luthra",4814.0,Mobile Recharge,Partnership,Hyderabad,Telangana,2023-06-27 20:38:00,,False,Active,696.55,False,False,False,1108.585,True
2977,MCH1267,master-tiwari,4814.0,Telecom,Private Limited,Lucknow,Uttar Pradesh,,,False,Inactive,1213.17,False,False,False,1213.17,False
3764,MCH1268,Vyas Ltd,5311.0,Retail,Individual,Amritsar,Punjab,2023-06-28 00:00:00,,False,Active,,False,False,False,1126.42,False
5241,MCH1269,SHUKLA PLC,5699.0,Apparel,Individual,Hyderabad,Telangana,2025-03-03 19:00:09,,False,Active,1758.28,False,False,False,1252.4299999999998,False
587,MCH1270,Tiwari and Sons,5311.0,Department Store,Private Limited,Hyderabad,Telangana,2023-06-02 14:56:50,,False,Active,1107.02,False,False,False,1356.755,False
1834,MCH1272,  Garg Inc  ,4131.0,Transportation,Partnership,Jaipur,Rajasthan,2023-05-28 22:37:00,7553237450,True,Active,549.87,False,False,False,1225.12,False
402,MCH1275,Kata Group,7011.0,Hotel,Partnership,Lucknow,Uttar Pradesh,2025-11-09 07:33:00,XXXX0284,True,Active,252.53,False,False,False,1161.77,False
5124,MCH1277_1,Bhatnagar-Borah,5812.0,Restaurant,Individual,Kolkata,West Bengal,,4086473586,True,Active,3540.87,False,False,False,1327.31,True
1052,MCH1277_2,Deol-Nayak,4131.0,Transportation,Individual,Bengaluru,Karnataka,,,False,Active,1188.0,False,False,False,1225.12,True
4287,MCH1280,"Ben, Madan and Dey",5942.0,Books & Stationery,Private Limited,Lucknow,Uttar Pradesh,2025-06-13 00:00:00,,False,Active,1308.81,False,False,False,1167.225,False
2457,MCH1285,hayer plc,5912.0,Pharmacy,Individual,Bengaluru,Karnataka,2023-09-24 07:15:32,,False,Active,436.7,False,False,False,1300.55,False
3869,MCH1288,"jain, loke and zacharia",4131.0,Transportation,Sole Proprietor,Bengaluru,Karnataka,2023-07-17 08:08:00,XXXX2041,True,Active,915.81,False,False,False,1225.12,False
1898,MCH1292,Gera-Nayak,7011.0,Hotel,Sole Proprietor,Chennai,Tamil Nadu,2023-09-25 00:00:00,,False,Active,267.0,False,False,False,1161.77,False
841,MCH1293,"Kohli, Rajan and Nair",5699.0,Apparel,Sole Proprietor,Jaipur,Rajasthan,2023-04-09 06:47:00,XXXX7079,True,Active,915.17,False,False,False,1252.4299999999998,False
1153,MCH1294,Rajagopalan Group,5912.0,Pharmacy,Individual,Amritsar,Punjab,2024-08-29 05:38:00,XXXX1888,True,Active,539.82,False,False,False,1300.55,False
845,MCH1296,Gaba-Rama,5912.0,Pharmacy,Individual,Delhi,Delhi,2023-01-16 00:00:00,6728414996,True,Active,2547.8,False,False,False,1300.55,False
5173,MCH1297,Luthra and Sons,5411.0,Grocery,Private Limited,Delhi,Delhi,2023-06-12 01:16:32,5942366474,True,Active,381.86,False,False,False,1233.545,False
1363,MCH1298,"Raghavan,ReddyandSangha",5942.0,Books & Stationery,Sole Proprietor,Hyderabad,Telangana,2025-04-28 00:00:00,XXXX0353,True,Active,364.92,False,False,False,1167.225,False
3161,MCH1299,mutti plc,5699.0,Apparel,Partnership,Jaipur,Rajasthan,2023-06-27 00:00:00,8421728078,True,Active,605.64,False,False,False,1252.4299999999998,False
2499,MCH1304,sama ltd,5912.0,Pharmacy,Individual,Bengaluru,Karnataka,2024-02-27 00:00:00,9710613459,True,Active,4095.57,False,False,False,1300.55,False
5684,MCH1305,Ghose-Batta,4131.0,Transportation,Individual,Hyderabad,Telangana,2025-12-20 00:00:00,,False,Closed,380.06,False,False,False,1225.12,False
5996,MCH1308,SUBRAMANIAM-SHANKAR,5912.0,Pharmacy,Partnership,Bengaluru,Karnataka,2024-12-28 00:00:00,RSHZ2134290298030,True,Inactive,2112.78,False,False,False,1300.55,False
893,MCH1309,"Jhaveri, Dasgupta and Kata",5699.0,Apparel,Individual,Mumbai,Maharashtra,2023-09-20 00:00:00,XXXX1715,True,Active,929.23,False,False,False,1252.4299999999998,False
3044,MCH1311,"Dugal, Munshi and Kunda",4814.0,Telecom,Individual,Jaipur,Rajasthan,2025-03-27 21:22:00,XXXX7230,True,Active,1605.92,False,False,False,1213.17,False
5963,MCH1314,"Pant, Mammen and Doctor",5699.0,Apparel,Individual,Jaipur,Rajasthan,2023-11-12 16:47:12,,False,Active,1045.43,False,False,False,1252.4299999999998,False
4752,MCH1318,GUPTA LLC,4814.0,Telecom,Private Limited,Jaipur,Rajasthan,,0618978505,True,Active,,False,False,False,1213.17,False
1212,MCH1320,  Babu-Khatri  ,5699.0,Apparel,Individual,Kolkata,West Bengal,2023-11-24 10:52:12,XXXX8923,True,Suspended,,False,True,False,1252.4299999999998,False
793,MCH1321,Borah-Dhaliwal,7011.0,Hotel,Sole Proprietor,Amritsar,Punjab,2025-12-06 00:00:00,XXXX0908,True,Active,7973.89,False,False,False,1161.77,False
2046,MCH1323,DHAR AND SONS,5942.0,Books & Stationery,Partnership,Amritsar,Punjab,,BGGB6995281283064,True,Active,,True,False,False,1167.225,False
5667,MCH1324,"EDWIN, SAVANT AND TANDON",7011.0,Hotel,Partnership,Bengaluru,Karnataka,2026-01-26 00:00:00,,False,Active,1192.31,False,False,False,1161.77,False
3797,MCH1326,"Chaudhry, Agrawa1 and Sridhar",5942.0,Books & Stationery,Sole Proprietor,Bengaluru,Karnataka,2024-05-20 00:00:00,ZQNQ7613300121760,True,Active,177.58,False,False,False,1167.225,False
5336,MCH1327,GandhiPLC,5699.0,Apparel,Sole Proprietor,Lucknow,Uttar Pradesh,2023-11-02 00:00:00,XXXX1458,True,Active,902.09,False,False,False,1252.4299999999998,False
2528,MCH1328,Buch and Sons,7011.0,Hotel,Sole Proprietor,Chennai,Tamil Nadu,2025-03-28 00:00:00,JVTH6188797527471,True,Active,711.0,False,False,False,1161.77,False
48,MCH1331,"Garg, Bobal and Jain",4131.0,Travel,Individual,Kolkata,West Bengal,2024-06-29 00:00:00,,False,Active,3720.61,False,False,False,1012.28,False
1226,MCH1333,Sastry PLC,4814.0,Mobile Recharge,Individual,Amritsar,Punjab,2025-09-18 18:25:49,DIOZ5944277163234,True,Closed,1548.51,False,False,False,1108.585,False
2443,MCH1334,"KALITA, SARRAF AND BHARDWAJ",5999.0,Misc Retail,Individual,Bengaluru,Karnataka,2025-09-28 00:00:00,RPOB8162410396498,True,Active,1780.83,False,False,False,1276.92,False
3812,MCH1335,"Wagle, Kamdar and Mallick",7011.0,Hotel,Sole Proprietor,Mumbai,Maharashtra,2024-05-03 01:55:00,OQHA9321120180853,True,Suspended,398.0,False,True,False,1161.77,False
5876,MCH1336_1,Contractor-Dube,5912.0,Pharmacy,Partnership,Jalandhar,Punjab,2025-05-26 00:00:00,,False,Active,885.0,False,False,False,1300.55,True
3520,MCH1336_2,"NARAYANAN, ANAND AND KALITA",5999.0,Misc Retail,Sole Proprietor,Ludhiana,Punjab,,XXXX4236,True,Active,699.0,False,False,False,1276.92,True
3097,MCH1336_3,Tandon-Pant,5311.0,Department Store,Sole Proprietor,Jaipur,Rajasthan,2025-09-04 05:40:18,EOFD1587956050833,True,Active,991.0,False,False,False,1356.755,True
1511,MCH1336_4,"Zachariah, Bhattacharyya and Hegde",5699.0,Apparel,Sole Proprietor,Bengaluru,Karnataka,2024-08-30 12:55:19,DKKL1392349779906,True,Active,919.0,False,False,False,1252.4299999999998,True
6209,MCH1340_1,"Dash, Saxena and Kara",4131.0,Transportation,Private Limited,Hyderabad,Telangana,2024-04-03 00:00:00,,False,Inactive,4203.63,False,False,False,1225.12,True
1218,MCH1340_2,Pingle-Lad,5999.0,Misc Retail,Individual,Chennai,Tamil Nadu,2023-02-09 00:00:00,,False,Active,,False,False,False,1276.92,True
5104,MCH1343_1,"Madan,TrivediandGanguly",,Apparel,Individual,Bengaluru,Karnataka,2025-10-15 00:00:00,QSCH7195613672769,True,Active,1927.76,False,False,True,1252.4299999999998,True
5865,MCH1343_2,NARASIMHAN-SHETTY,5999.0,Misc Retail,Individual,Kolkata,West Bengal,2023-08-18 00:00:00,LWCS5510064722287,True,Active,3443.8,False,False,False,1276.92,True
264,MCH1345,Bhat Inc,5311.0,Department Store,Private Limited,Hyderabad,Telangana,2025-01-28 00:00:00,XXXX9759,True,Active,1702.79,False,False,False,1356.755,False
3930,MCH1347,D’ALIA GROUP,7011.0,Hotel,Private Limited,Chennai,Tamil Nadu,2023-07-02 00:00:00,XXXX4418,True,Active,1739.0,False,False,False,1161.77,False
2794,MCH1349_1,Bahri and Sons,5912.0,Pharmacy,Individual,Hyderabad,Telangana,2025-06-08 00:00:00,BGVV4182827632214,True,Active,2320.2,False,False,False,1300.55,True
3281,MCH1349_2,MITAL-NARASIMHAN,5311.0,Department Store,Private Limited,Jaipur,Rajasthan,2025-02-14 00:00:00,0965472450,True,Active,538.14,False,False,False,1356.755,True
1664,MCH1349_3,Verma-Rastogi,5942.0,Books & Stationery,Partnership,Mumbai,Maharashtra,2024-12-30 09:34:19,0030472757,True,Suspended,1183.3,False,True,False,1167.225,True
2843,MCH1350,"KRISHNAMURTHY, DUTT AND SURA",4814.0,Mobile Recharge,Partnership,Mumbai,Maharashtra,2024-07-25 00:00:00,3860313878,True,Active,1360.18,False,False,False,1108.585,False
4265,MCH1352_1,"Bandi, Soman and Manne",5812.0,Restaurant,Individual,Jalandhar,Punjab,2026-01-28 00:00:00,,False,Active,4146.0,False,False,False,1327.31,True
3864,MCH1352_2,MUKHERJEE-SETHI,5812.0,Restaurant,Sole Proprietor,Pune,Maharashtra,2024-03-19 01:21:36,,False,Active,,True,False,False,1327.31,True
480,MCH1353_1,Chada and Sons,4131.0,Transportation,Partnership,Jaipur,Rajasthan,2023-11-25 07:19:00,,False,Active,2641.0,False,False,False,1225.12,True
6033,MCH1353_2,Lata LLC,5999.0,Misc Retail,Individual,Kolkata,West Bengal,,,False,Suspended,1213.36,False,True,False,1276.92,True
2572,MCH1358_1,Bhatia-Sekhon,5942.0,Books & Stationery,Private Limited,Jaipur,Rajasthan,2025-05-01 00:00:00,XXXX4241,True,Active,1421.8,False,False,False,1167.225,True
88,MCH1358_2,"CHAUDRY, BARAL AND MODI",4131.0,Transportation,Individual,Ludhiana,Punjab,2025-06-07 00:00:00,3312553110,True,Active,2115.38,False,False,False,1225.12,True
4395,MCH1359,  Palan-Minhas  ,,Apparel,Individual,Chennai,Tamil Nadu,2024-08-24 00:00:00,,False,Active,1891.91,False,False,True,1252.4299999999998,False
5480,MCH1363,Rattan-Shere,7011.0,Hotel,Sole Proprietor,Chennai,Tamil Nadu,2025-08-19 00:00:00,,False,Active,926.5,False,False,False,1161.77,False
3072,MCH1364_1,Ba1 Gr0up,5942.0,Books & Stationery,Sole Proprietor,Lucknow,Uttar Pradesh,2025-02-21 00:00:00,,False,Active,,True,False,False,1167.225,True
2800,MCH1364_2,Krishnamurthy LLC,4131.0,Transportation,Individual,Hyderabad,Telangana,2023-02-01 00:00:00,IIJY7170442781592,True,Active,377.26,False,False,False,1225.12,True
5899,MCH1364_3,kumar llc,5942.0,Books & Stationery,Partnership,Jalandhar,Punjab,2023-04-15 00:00:00,UUOX3735339322838,True,Active,1017.95,False,False,False,1167.225,True
5022,MCH1365_1,  Agate PLC  ,5942.0,Books & Stationery,Partnership,Pune,Maharashtra,2024-12-10 00:00:00,,False,Active,,True,False,False,1167.225,True
3314,MCH1365_2,Ahluwalia-Choudhary,5311.0,Retail,Private Limited,Ludhiana,Punjab,2023-10-03 00:00:00,XXXX5844,True,Active,4292.21,False,False,False,1126.42,True
3381,MCH1366,"shah, roy and srinivasan",,Grocery,Sole Proprietor,Kolkata,West Bengal,2023-08-03 07:31:06,5320028837,True,Active,935.11,False,False,True,1233.545,False
5051,MCH1370,Wable LLC,4814.0,Telecom,Private Limited,Jalandhar,Punjab,2023-11-19 00:00:00,6802604838,True,Active,3898.88,False,False,False,1213.17,False
5972,MCH1375_1,Doctor-Srinivasan,5912.0,Pharmacy,Private Limited,Chennai,Tamil Nadu,,,False,Active,300.0,False,False,False,1300.55,True
134,MCH1375_2,Golla and Sons,5912.0,Pharmacy,Partnership,Bengaluru,Karnataka,2023-08-01 13:43:00,,False,Active,503.66,False,False,False,1300.55,True
280,MCH1375_3,"sahota, johal and shanker",5411.0,Grocery,Individual,Jalandhar,Punjab,2025-03-02 00:00:00,PHOZ2706415438619,True,Suspended,1836.94,False,True,False,1233.545,True
3769,MCH1377_1,Sinha-Gaba,5411.0,Grocery,Private Limited,Pune,Maharashtra,2025-12-04 06:37:25,YBUL0961027329909,True,Inactive,1471.43,False,False,False,1233.545,True
2392,MCH1377_2,"TANEJA, DIN AND KAUL",5812.0,Restaurant,Sole Proprietor,Delhi,Delhi,2025-10-05 09:00:44,QWQZ7332733729369,True,Active,767.08,False,False,False,1327.31,True
711,MCH1378,Patil-Deshmukh,5311.0,Department Store,Private Limited,Chennai,Tamil Nadu,2023-10-09 00:00:00,HYZE0588457086111,True,Active,387.99,False,False,False,1356.755,False
4292,MCH1379,Chokshi Ltd,5912.0,Pharmacy,Individual,Chennai,Tamil Nadu,2024-01-23 00:00:00,XXXX4340,True,Active,2729.5,False,False,False,1300.55,False
4401,MCH1380_1,Bhatia-Oza,4814.0,Telecom,Partnership,Jaipur,Rajasthan,2023-07-11 00:00:00,,False,Suspended,479.32,False,True,False,1213.17,True
1766,MCH1380_2,Mahal-Khare,5999.0,Misc Retail,Private Limited,Mumbai,Maharashtra,2025-02-23 00:44:00,TLPQ4078335945068,True,Active,3004.0,False,False,False,1276.92,True
1156,MCH1383,dubey group,,Grocery,Individual,Hyderabad,Telangana,2023-03-09 16:33:00,JDGO5125225131187,True,Active,,False,False,True,1233.545,False
768,MCH1384_1,Naidu-Bhatti,5812.0,Restaurant,Individual,Ludhiana,Punjab,2024-03-04 00:00:00,,False,Active,3910.34,False,False,False,1327.31,True
39,MCH1384_2,THAKUR-BEN,4814.0,Telecom,Individual,Hyderabad,Telangana,2023-11-04 00:00:00,,False,Active,1433.16,False,False,False,1213.17,True
5686,MCH1387,HANDA-TALWAR,4131.0,Travel,Sole Proprietor,Lucknow,Uttar Pradesh,2023-05-10 03:18:00,,False,Active,754.0,False,False,False,1012.28,False
3563,MCH1388,"Kala, Kunda and Pandit",5912.0,Pharmacy,Sole Proprietor,Bengaluru,Karnataka,2025-07-22 00:00:00,PZDL0297294331143,True,Active,3155.43,False,False,False,1300.55,False
2193,MCH1389,munshi-behl,5411.0,Grocery,Individual,Pune,Maharashtra,2023-06-17 00:00:00,,False,Active,3913.0,False,False,False,1233.545,False
6145,MCH1391,"Kale, Shroff and Barad",7011.0,Hotel,Individual,Kolkata,West Bengal,2025-10-31 06:57:00,,False,Suspended,2757.0,False,True,False,1161.77,False
129,MCH1392,Johal-Gaba,5912.0,Pharmacy,Private Limited,Pune,Maharashtra,2024-02-20 00:00:00,XXXX9354,True,Inactive,4352.7,False,False,False,1300.55,False
3180,MCH1393,HEGDE-BAHRI,5912.0,Pharmacy,Partnership,Ludhiana,Punjab,2024-11-15 00:00:00,BAUM6641100955450,True,Active,6478.07,False,False,False,1300.55,False
1667,MCH1395,Venkatesh LLC,5812.0,Restaurant,Partnership,Lucknow,Uttar Pradesh,2023-04-16 01:21:59,2640758547,True,Active,641.0,False,False,False,1327.31,False
2710,MCH1397_1,"Bir,RavelandSwaminathan",5411.0,Grocery,Partnership,Pune,Maharashtra,2023-07-16 00:00:00,,False,Active,6150.31,False,False,False,1233.545,True
5907,MCH1397_2,Memon LLC,,Books & Stationery,Private Limited,Bengaluru,Karnataka,2025-04-18 00:00:00,XXXX0515,True,Active,1062.38,False,False,True,1167.225,True
4266,MCH1400,Kapoor-Bhalla,5699.0,Apparel,Partnership,Chennai,Tamil Nadu,2023-05-17 00:00:00,,False,Active,913.08,False,False,False,1252.4299999999998,False
3303,MCH1401,Din and Sons,5411.0,Grocery,Individual,Amritsar,Punjab,2025-07-20 20:31:24,2717124397,True,Active,286.09,False,False,False,1233.545,False
5848,MCH1405_1,chandra inc,5311.0,Department Store,Partnership,Ludhiana,Punjab,2026-02-10 00:00:00,4121935460,True,Inactive,1248.0,False,False,False,1356.755,True
15,MCH1405_2,Sawhney-Naru1a,5912.0,Pharmacy,Sole Proprietor,Lucknow,Uttar Pradesh,2024-12-31 00:00:00,,False,Suspended,3091.86,False,True,False,1300.55,True
4509,MCH1406,Parmer-Goswami,7011.0,Hotel,Private Limited,Bengaluru,Karnataka,2024-07-11 00:00:00,XXXX3050,True,Active,2632.53,False,False,False,1161.77,False
3445,MCH1409,Baral LLC,5912.0,Pharmacy,Individual,Hyderabad,Telangana,2023-03-06 00:00:00,,False,Active,,True,False,False,1300.55,False
519,MCH1417,"sekhon, parsa and bandi",4814.0,Telecom,Sole Proprietor,Mumbai,Maharashtra,2026-01-26 00:00:00,,False,Active,1501.66,False,False,False,1213.17,False
1217,MCH1420_1,Aggarwal-Garde,4131.0,Transportation,Sole Proprietor,Mumbai,Maharashtra,2024-03-18 00:00:00,XXXX4337,True,Active,830.85,False,False,False,1225.12,True
3426,MCH1420_2,"Hayer, Malhotra and Dugar",5311.0,Retail,Individual,Pune,Maharashtra,2023-07-08 22:38:55,XXXX5505,True,Active,1649.54,False,False,False,1126.42,True
298,MCH1420_3,"Nath, Setty and Pai",7011.0,Hotel,Partnership,Kolkata,West Bengal,2023-04-08 00:00:00,,False,Inactive,1986.0,False,False,False,1161.77,True
715,MCH1422,Merchant and Sons,5912.0,Pharmacy,Individual,Hyderabad,Telangana,2023-04-25 00:00:00,,False,Active,4074.0,False,False,False,1300.55,False
5148,MCH1424,"GOEL, BALAY AND DUA",7011.0,Hotel,Private Limited,Jalandhar,Punjab,2025-10-19 00:36:54,,False,Active,5339.46,False,False,False,1161.77,False
4622,MCH1428,De-Natarajan,4131.0,Transportation,Individual,Mumbai,Maharashtra,2025-12-30 00:00:00,IPNL0786549644750,True,Active,1289.0,False,False,False,1225.12,False
1847,MCH1429,Pal Ltd,5411.0,Grocery,Individual,Jaipur,Rajasthan,2024-10-13 00:00:00,YBSQ5701995451285,True,Active,258.0,False,False,False,1233.545,False
1593,MCH1430,"Bhavsar, Dora and Singh",5812.0,Restaurant,Private Limited,Delhi,Delhi,2024-03-07 00:00:00,,False,Active,238.76,False,False,False,1327.31,False
5263,MCH1434,Kale and Sons,5812.0,Restaurant,Private Limited,Jalandhar,Punjab,2023-04-25 00:00:00,0258989067,True,Active,985.73,False,False,False,1327.31,False
502,MCH1438_1,"Memon, Chaudhuri and Choudhry",5812.0,Restaurant,Sole Proprietor,Amritsar,Punjab,2024-05-17 00:00:00,,False,Active,2393.0,False,False,False,1327.31,True
1939,MCH1438_2,Pandit-Menon,5999.0,Misc Retail,Partnership,Bengaluru,Karnataka,2023-11-22 00:00:00,ZQNR3407194415594,True,Active,409.59,False,False,False,1276.92,True
878,MCH1439,Chawla Ltd,,Transportation,Individual,Chennai,Tamil Nadu,2023-05-10 00:00:00,OYZO1535504454366,True,Active,6190.53,False,False,True,1225.12,False
3977,MCH1441,"Kakar, Parsa and Sodhi",5999.0,Misc Retail,Partnership,Lucknow,Uttar Pradesh,2024-06-09 00:00:00,SBUL4886955523512,True,Active,1723.15,False,False,False,1276.92,False
1042,MCH1442,  Wadhwa-Walla  ,7011.0,Hotel,Private Limited,Pune,Maharashtra,2025-12-13 00:00:00,,False,Active,1483.74,False,False,False,1161.77,False
6125,MCH1443,Swamy PLC,5999.0,Misc Retail,Private Limited,Lucknow,Uttar Pradesh,2023-06-10 00:00:00,,False,Closed,209.63,False,False,False,1276.92,False
2008,MCH1445,Wali PLC,5411.0,Grocery,Sole Proprietor,Hyderabad,Telangana,2023-11-09 17:23:59,8128323198,True,Active,1200.0,False,False,False,1233.545,False
5358,MCH1446,Sunder-Sathe,5311.0,Department Store,Sole Proprietor,Chennai,Tamil Nadu,2024-11-18 00:00:00,XXXX0028,True,Active,3885.08,False,False,False,1356.755,False
124,MCH1447_1,"Dara, Om and Chaudhry",5699.0,Apparel,Private Limited,Bengaluru,Karnataka,2023-04-29 00:00:00,NJHB3866390601882,True,Inactive,373.0,False,False,False,1252.4299999999998,True
5957,MCH1447_2,Uppal Ltd,5912.0,Pharmacy,Partnership,Lucknow,Uttar Pradesh,2026-02-20 00:00:00,,False,Active,236.04,False,False,False,1300.55,True
3817,MCH1448,TAK AND SONS,5999.0,Misc Retail,Sole Proprietor,Mumbai,Maharashtra,2024-03-30 02:02:17,XXXX9348,True,Active,2897.23,False,False,False,1276.92,False
5260,MCH1449,"Chadha, Ramakrishnan and Badami",7011.0,Hotel,Partnership,Hyderabad,Telangana,2023-09-28 15:52:52,,False,Suspended,1634.83,False,True,False,1161.77,False
4282,MCH1450,"HORA, KUNDA AND DANI",5311.0,Department Store,Sole Proprietor,Ludhiana,Punjab,2023-10-30 00:00:00,XXXX1537,True,Inactive,1853.9,False,False,False,1356.755,False
842,MCH1454_1,"Bali, Kurian and Garde",5812.0,Restaurant,Partnership,Lucknow,Uttar Pradesh,2023-07-29 14:13:18,,False,Active,1592.02,False,False,False,1327.31,True
3539,MCH1454_2,Mishra-Batra,5999.0,Misc Retail,Sole Proprietor,Hyderabad,Telangana,2025-02-12 20:43:00,ARMV5646544388660,True,Active,163.44,False,False,False,1276.92,True
47,MCH1454_3,WableInc,5999.0,Misc Retail,Individual,Lucknow,Uttar Pradesh,2025-06-18 00:00:00,7787448001,True,Active,2617.0,False,False,False,1276.92,True
4218,MCH1456,Madan-Ganesh,5699.0,Apparel,Individual,Amritsar,Punjab,2025-11-01 00:00:00,,False,Active,,False,False,False,1252.4299999999998,False
155,MCH1457,Shetty Group,5999.0,Misc Retail,Individual,Jalandhar,Punjab,2025-07-11 00:00:00,7979475554,True,Active,1159.43,False,False,False,1276.92,False
684,MCH1458,Chatterjee-Saran,,Department Store,Sole Proprietor,Jalandhar,Punjab,2025-05-09 00:00:00,XXXX1187,True,Inactive,658.54,False,False,True,1356.755,False
3704,MCH1459,"Palla, Saini and Date",7011.0,Hotel,Individual,Ludhiana,Punjab,2024-02-20 00:00:00,,False,Suspended,1582.79,False,True,False,1161.77,False
4809,MCH1462,Swamy Inc,5912.0,Pharmacy,Private Limited,Jalandhar,Punjab,2023-09-13 00:00:00,CPHK2049802773880,True,Inactive,1411.0,False,False,False,1300.55,False
2120,MCH1465_1,"GARG, MALLICK AND CHADHA",5812.0,Restaurant,Private Limited,Delhi,Delhi,2024-03-24 17:13:00,AINO3925620579339,True,Active,443.93,False,False,False,1327.31,True
574,MCH1465_2,"Shah, Solanki and Rajagopalan",5699.0,Apparel,Individual,Lucknow,Uttar Pradesh,2024-10-04 00:00:00,XXXX9396,True,Suspended,725.72,False,True,False,1252.4299999999998,True
2529,MCH1469,"CHOUDHURY, JANI AND RAMASWAMY",5942.0,Books & Stationery,Sole Proprietor,Bengaluru,Karnataka,2025-03-28 00:00:00,XXXX9996,True,Active,416.0,False,False,False,1167.225,False
616,MCH1473,Lata-Khurana,,Pharmacy,Partnership,Hyderabad,Telangana,,,False,Inactive,326.76,False,False,True,1300.55,False
829,MCH1474,"sami, sur and tank",4131.0,Transportation,Private Limited,Pune,Maharashtra,,XXXX6224,True,Active,1645.61,False,False,False,1225.12,False
5492,MCH1475,"Bora, Bhakta and Aurora",,Department Store,Private Limited,Kolkata,West Bengal,2024-06-11 00:00:00,8871048979,True,Active,1652.87,False,False,True,1356.755,False
4141,MCH1477,Ahluwalia-Devan,5912.0,Pharmacy,Partnership,Jaipur,Rajasthan,2024-04-15 00:00:00,XXXX2364,True,Active,551.17,False,False,False,1300.55,False
4093,MCH1478,Sah0ta LLC,5912.0,Pharmacy,Individual,Jaipur,Rajasthan,2024-09-12 18:14:03,1321864172,True,Inactive,2037.0,False,False,False,1300.55,False
1602,MCH1479,"Mandal, Barad and Srinivasan",5942.0,Books & Stationery,Partnership,Kolkata,West Bengal,2025-07-27 00:00:00,XXXX4686,True,Active,,False,False,False,1167.225,False
6110,MCH1480,  Bala-Magar  ,5999.0,Misc Retail,Individual,Hyderabad,Telangana,,,False,Active,,False,False,False,1276.92,False
4837,MCH1482,"Bahri,SarinandHora",5999.0,Misc Retail,Partnership,Hyderabad,Telangana,2024-01-26 00:00:00,2731738944,True,Inactive,1651.0,False,False,False,1276.92,False
5166,MCH1483,Mohan-Kari,5942.0,Books & Stationery,Private Limited,Amritsar,Punjab,2026-02-11 00:00:00,XXXX3338,True,Active,1901.08,False,False,False,1167.225,False
4002,MCH1484,"  Uppal, Butala and Tata  ",7011.0,Hotel,Individual,Bengaluru,Karnataka,2025-02-18 00:00:00,,False,Active,,True,False,False,1161.77,False
2730,MCH1488,"Chada, Gopal and Rajagopal",4814.0,Mobile Recharge,Sole Proprietor,Jaipur,Rajasthan,2026-01-02 00:00:00,,False,Active,1905.0,False,False,False,1108.585,False
3943,MCH1491_1,"Sarna, Chand and Goda",4814.0,Telecom,Sole Proprietor,Ludhiana,Punjab,2026-01-27 00:00:00,,False,Active,1075.6,False,False,False,1213.17,True
5380,MCH1491_2,Tripathi Ltd,5699.0,Apparel,Private Limited,Kolkata,West Bengal,2024-06-20 00:00:00,XXXX2255,True,Active,,True,False,False,1252.4299999999998,True
4788,MCH1492_1,Ganesan LLC,5999.0,Misc Retail,Partnership,Hyderabad,Telangana,2023-08-19 12:27:00,1007001196,True,Active,3316.76,False,False,False,1276.92,True
113,MCH1492_2,"PANCHAL, BAIL AND NADKARNI",5912.0,Pharmacy,Sole Proprietor,Jaipur,Rajasthan,2024-07-05 00:00:00,,False,Inactive,6674.02,False,False,False,1300.55,True
5073,MCH1493,"Kar, Nath and Koshy",5942.0,Books & Stationery,Individual,Bengaluru,Karnataka,2023-01-28 00:00:00,XXXX9866,True,Active,,False,False,False,1167.225,False
1038,MCH1494_1,Dave LLC,5999.0,Misc Retail,Private Limited,Hyderabad,Telangana,2023-08-23 00:00:00,,False,Active,14736.17,False,False,False,1276.92,True
510,MCH1494_2,Joshi-Bala,5311.0,Retail,Sole Proprietor,Mumbai,Maharashtra,2023-12-07 00:00:00,QLRF2864130155210,True,Active,997.33,False,False,False,1126.42,True
3725,MCH1497,Lanka PLC,5912.0,Pharmacy,Private Limited,Amritsar,Punjab,2025-09-24 00:00:00,,False,Active,1817.0,False,False,False,1300.55,False
3447,MCH1498,Deo-Mand,5999.0,Misc Retail,Sole Proprietor,Chennai,Tamil Nadu,2025-03-01 00:00:00,,False,Active,1460.33,False,False,False,1276.92,False
2354,MCH1501,Anand-Bhatt,4814.0,Telecom,Partnership,Hyderabad,Telangana,2025-11-07 00:00:00,XXXX2933,True,Active,4185.6,False,False,False,1213.17,False
2294,MCH1506,GANDHI-LOKE,5912.0,Pharmacy,Partnership,Chennai,Tamil Nadu,2024-06-13 17:59:00,,False,Active,967.0,False,False,False,1300.55,False
5738,MCH1509,"Rajan, Dash and Bora",,Transportation,Private Limited,Amritsar,Punjab,2025-04-26 00:00:00,,False,Inactive,806.0,False,False,True,1225.12,False
4531,MCH1514,"Lata, Raja and Parsa",5311.0,Retail,Private Limited,Jalandhar,Punjab,2024-06-14 17:26:04,XXXX1457,True,Active,553.18,False,False,False,1126.42,False
4482,MCH1515,"MALL, KARA AND SASTRY",5699.0,Apparel,Partnership,Hyderabad,Telangana,2024-07-19 00:00:00,9073071658,True,Active,,False,False,False,1252.4299999999998,False
2075,MCH1516,LOYAL AND SONS,5999.0,Misc Retail,Private Limited,Ludhiana,Punjab,2023-12-01 14:16:00,XXXX1307,True,Active,1471.99,False,False,False,1276.92,False
5531,MCH1518_1,"Deol, Mand and Bhattacharyya",4131.0,Transportation,Partnership,Jaipur,Rajasthan,2023-09-17 16:16:07,,False,Suspended,862.0,False,True,False,1225.12,True
3737,MCH1518_2,Saini-Gole,5999.0,Misc Retail,Private Limited,Jalandhar,Punjab,2023-07-08 00:00:00,,False,Active,957.31,False,False,False,1276.92,True
640,MCH1522,Mody Inc,5912.0,Pharmacy,Sole Proprietor,Jaipur,Rajasthan,2024-08-04 00:00:00,,False,Active,631.57,False,False,False,1300.55,False
2139,MCH1525,sant-bhavsar,5942.0,Books & Stationery,Individual,Jaipur,Rajasthan,2023-09-10 00:00:00,XXXX7524,True,Active,754.82,False,False,False,1167.225,False
3118,MCH1526,CHOWDHURY AND SONS,4814.0,Mobile Recharge,Sole Proprietor,Bengaluru,Karnataka,2023-07-14 00:00:00,HWTS1273017978357,True,Active,2697.93,False,False,False,1108.585,False
1309,MCH1529,"Sangha,BanerjeeandSengupta",7011.0,Hotel,Private Limited,Ludhiana,Punjab,2023-02-06 00:00:00,,False,Inactive,1257.59,False,False,False,1161.77,False
2949,MCH1530_1,Parmer-Bath,5699.0,Apparel,Individual,Lucknow,Uttar Pradesh,2024-04-29 00:00:00,JMXE9195425616055,True,Active,375.02,False,False,False,1252.4299999999998,True
1063,MCH1530_2,"suresh, kadakia and iyer",5912.0,Pharmacy,Private Limited,Jalandhar,Punjab,2024-08-23 14:54:00,,False,Active,158.58,False,False,False,1300.55,True
4298,MCH1531,Savant and Sons,7011.0,Hotel,Private Limited,Delhi,Delhi,2026-02-10 00:00:00,,False,Closed,1019.94,False,False,False,1161.77,False
5221,MCH1532,sarna-kota,5999.0,Misc Retail,Private Limited,Delhi,Delhi,2024-10-21 00:00:00,,False,Active,4843.68,False,False,False,1276.92,False
3680,MCH1533,Wason and Sons,5812.0,Restaurant,Partnership,Amritsar,Punjab,2025-03-27 07:32:49,,False,Inactive,419.64,False,False,False,1327.31,False
2798,MCH1534,"MERCHANT, SARNA AND KORPAL",5912.0,Pharmacy,Private Limited,Hyderabad,Telangana,2023-02-04 14:45:00,,False,Closed,3752.5,False,False,False,1300.55,False
5443,MCH1537,Goswami-Sibal,5812.0,Restaurant,Partnership,Hyderabad,Telangana,2023-04-05 00:00:00,VFGD4255370364176,True,Active,360.35,False,False,False,1327.31,False
2547,MCH1540_1,DAVE LLC,5942.0,Books & Stationery,Sole Proprietor,Mumbai,Maharashtra,2024-05-21 00:00:00,,False,Active,525.0,False,False,False,1167.225,True
1748,MCH1540_2,mohan-hegde,5912.0,Pharmacy,Individual,Mumbai,Maharashtra,2023-02-15 20:52:03,,False,Inactive,2002.37,False,False,False,1300.55,True
31,MCH1541_1,Bhattacharyya-Hans,7011.0,Hotel,Private Limited,Kolkata,West Bengal,2024-03-24 00:00:00,XXXX2848,True,Active,621.01,False,False,False,1161.77,True
4416,MCH1541_2,Chopra LLC,5311.0,Department Store,Private Limited,Chennai,Tamil Nadu,2023-10-31 00:00:00,XXXX8788,True,Active,,True,False,False,1356.755,True
3151,MCH1543,  Parmer Group  ,4131.0,Travel,Individual,Hyderabad,Telangana,2025-04-02 20:13:00,,False,Active,1064.76,False,False,False,1012.28,False
2009,MCH1551,malhotra-subramanian,5812.0,Restaurant,Partnership,Pune,Maharashtra,2024-06-13 00:00:00,,False,Active,1909.07,False,False,False,1327.31,False
5303,MCH1552,uppal plc,4131.0,Transportation,Sole Proprietor,Hyderabad,Telangana,,,False,Active,1136.0,False,False,False,1225.12,False
1250,MCH1553,basu-varma,5942.0,Books & Stationery,Sole Proprietor,Kolkata,West Bengal,,,False,Active,1630.0,False,False,False,1167.225,False
5842,MCH1555,Raj LLC,5942.0,Books & Stationery,Individual,Pune,Maharashtra,2023-04-23 00:00:00,,False,Active,602.0,False,False,False,1167.225,False
3824,MCH1558,Shroff-Khanna,4814.0,Telecom,Partnership,Bengaluru,Karnataka,2023-01-20 12:52:42,,False,Active,1953.35,False,False,False,1213.17,False
5715,MCH1561,Gera-Kota,5942.0,Books & Stationery,Sole Proprietor,Jaipur,Rajasthan,2024-06-15 00:00:00,8921681390,True,Inactive,530.0,False,False,False,1167.225,False
1725,MCH1563,Mandal-Biswas,4814.0,Telecom,Partnership,Jaipur,Rajasthan,2023-11-10 00:00:00,5466191568,True,Suspended,,True,True,False,1213.17,False
3877,MCH1567_1,  Bhargava-Bora  ,5812.0,Restaurant,Private Limited,Jalandhar,Punjab,2024-12-20 00:00:00,PRCN9599813480981,True,Active,101.33,False,False,False,1327.31,True
552,MCH1567_2,  Samra PLC  ,5699.0,Apparel,Individual,Mumbai,Maharashtra,2023-07-23 05:44:28,XXXX0316,True,Closed,1417.9,False,False,False,1252.4299999999998,True
4854,MCH1567_3,SURESH LTD,,Apparel,Individual,Chennai,Tamil Nadu,2024-08-12 00:00:00,XXXX6891,True,Active,3203.25,False,False,True,1252.4299999999998,True
5900,MCH1568,Chandran Ltd,7011.0,Hotel,Sole Proprietor,Lucknow,Uttar Pradesh,2024-09-04 00:00:00,,False,Active,3618.31,False,False,False,1161.77,False
4743,MCH1569,"Bal, Wali and Sheth",4814.0,Mobile Recharge,Private Limited,Chennai,Tamil Nadu,2025-10-11 00:00:00,XXXX9971,True,Active,1678.57,False,False,False,1108.585,False
176,MCH1571,"Rao, Viswanathan and Joshi",4131.0,Transportation,Sole Proprietor,Chennai,Tamil Nadu,2023-08-03 04:40:51,,False,Active,866.2,False,False,False,1225.12,False
5852,MCH1573,"Tailor, Som and Soni",4814.0,Mobile Recharge,Partnership,Jalandhar,Punjab,2023-12-11 00:00:00,,False,Active,540.2,False,False,False,1108.585,False
4499,MCH1578,gala ltd,5999.0,Misc Retail,Individual,Bengaluru,Karnataka,2023-04-13 00:00:00,,False,Active,446.42,False,False,False,1276.92,False
2089,MCH1580,"  Subramaniam, Krishnamurthy and Din  ",5999.0,Misc Retail,Sole Proprietor,Kolkata,West Bengal,2025-08-01 00:00:00,IDJM3876425874680,True,Active,2992.77,False,False,False,1276.92,False
3370,MCH1581,"Nayak, Verma and Sawhney",5311.0,Department Store,Partnership,Mumbai,Maharashtra,2025-01-11 00:00:00,,False,Active,3655.93,False,False,False,1356.755,False
5238,MCH1583,SARIN-MORE,5812.0,Restaurant,Private Limited,Amritsar,Punjab,2023-10-05 00:00:00,1923155303,True,Active,1435.48,False,False,False,1327.31,False
5158,MCH1585,Khalsa-Kulkarni,5311.0,Department Store,Partnership,Delhi,Delhi,2023-05-22 00:00:00,XXXX6587,True,Active,3398.13,False,False,False,1356.755,False
6072,MCH1587,Srivastava-Saha,5912.0,Pharmacy,Private Limited,Kolkata,West Bengal,,XXXX9260,True,Active,1502.0,False,False,False,1300.55,False
3395,MCH1588,Doctor Ltd,4131.0,Transportation,Individual,Ludhiana,Punjab,2025-07-27 00:00:00,XXXX2866,True,Suspended,1791.21,False,True,False,1225.12,False
3605,MCH1591,Ramaswamy-Babu,5311.0,Department Store,Partnership,Amritsar,Punjab,2024-04-18 00:00:00,,False,Active,1638.46,False,False,False,1356.755,False
815,MCH1592_1,AgateInc,5311.0,Retail,Private Limited,Hyderabad,Telangana,2025-01-30 02:00:41,GLPT6683638156046,True,Suspended,1072.45,False,True,False,1126.42,True
851,MCH1592_2,Cherian-Bhavsar,7011.0,Hotel,Sole Proprietor,Mumbai,Maharashtra,2024-06-12 00:00:00,7646312300,True,Active,2941.81,False,False,False,1161.77,True
5987,MCH1593,Wali-Murthy,5999.0,Misc Retail,Sole Proprietor,Bengaluru,Karnataka,2026-02-23 12:14:26,XXXX7216,True,Active,15388.22,False,False,False,1276.92,False
2716,MCH1594,Bera Inc,5999.0,Misc Retail,Private Limited,Amritsar,Punjab,2024-09-05 00:00:00,9659925213,True,Active,2187.43,False,False,False,1276.92,False
2503,MCH1599,RASTOGI-KUMER,5311.0,Department Store,Partnership,Jalandhar,Punjab,2025-12-25 00:00:00,EEOR2299289390848,True,Active,361.82,False,False,False,1356.755,False
126,MCH1600,"warrior, anand and kata",5311.0,Department Store,Individual,Chennai,Tamil Nadu,2025-10-07 00:00:00,DNAN6947992423478,True,Active,2937.03,False,False,False,1356.755,False
4280,MCH1605_1,Kar-Peri,,Misc Retail,Individual,Delhi,Delhi,2025-12-14 20:52:47,,False,Active,3940.67,False,False,True,1276.92,True
3952,MCH1605_2,"Patla, Thaman and Chatterjee",4131.0,Transportation,Partnership,Bengaluru,Karnataka,2025-09-22 00:00:00,XXXX0679,True,Active,932.8,False,False,False,1225.12,True
3895,MCH1605_3,ShethandSons,4131.0,Travel,Sole Proprietor,Mumbai,Maharashtra,,9021316639,True,Active,1128.85,False,False,False,1012.28,True
4367,MCH1609,Ram-Palla,4814.0,Mobile Recharge,Private Limited,Mumbai,Maharashtra,2023-07-17 21:30:00,8485226822,True,Active,554.3,False,False,False,1108.585,False
3713,MCH1610,Sodhi-Parekh,5411.0,Grocery,Partnership,Amritsar,Punjab,,XXXX7277,True,Active,1488.13,False,False,False,1233.545,False
3705,MCH1611,Karan-Kibe,,Grocery,Sole Proprietor,Jalandhar,Punjab,2024-03-06 00:00:00,,False,Active,343.64,False,False,True,1233.545,False
2286,MCH1612_1,"Andra, Chana and Saha",5812.0,Restaurant,Sole Proprietor,Lucknow,Uttar Pradesh,2025-10-27 00:00:00,5702735332,True,Inactive,655.56,False,False,False,1327.31,True
3876,MCH1612_2,Khare-Jha,7011.0,Hotel,Sole Proprietor,Pune,Maharashtra,2024-07-05 13:44:00,XXXX6820,True,Active,3967.18,False,False,False,1161.77,True
5726,MCH1612_3,Salvi-Patel,5812.0,Restaurant,Partnership,Delhi,Delhi,2023-09-05 00:00:00,3960939473,True,Suspended,1940.8,False,True,False,1327.31,True
527,MCH1616,"Suresh, Borra and Ganesh",4814.0,Telecom,Individual,Chennai,Tamil Nadu,2023-11-10 00:00:00,,False,Active,2818.0,False,False,False,1213.17,False
3428,MCH1617,Cherian LLC,5311.0,Department Store,Individual,Hyderabad,Telangana,2024-02-09 07:13:57,4300505477,True,Active,,True,False,False,1356.755,False
2039,MCH1618,Muni Ltd,5812.0,Restaurant,Individual,Delhi,Delhi,2023-11-01 18:31:16,,False,Active,1051.73,False,False,False,1327.31,False
5525,MCH1619,DIVAN-BHATTI,5912.0,Pharmacy,Sole Proprietor,Delhi,Delhi,2025-12-24 00:00:00,,False,Active,477.85,False,False,False,1300.55,False
5420,MCH1621,pandey-soni,5812.0,Restaurant,Sole Proprietor,Pune,Maharashtra,2023-11-15 00:00:00,XXXX4420,True,Closed,769.0,False,False,False,1327.31,False
3164,MCH1625_1,"Bora, Hayer and Koshy",,Misc Retail,Individual,Bengaluru,Karnataka,2024-10-24 00:32:36,TNHP5317294437298,True,Active,,True,False,True,1276.92,True
171,MCH1625_2,HandaLLC,5912.0,Pharmacy,Private Limited,Ludhiana,Punjab,2024-07-27 00:00:00,,False,Inactive,4123.17,False,False,False,1300.55,True
4882,MCH1625_3,saran ltd,4814.0,Mobile Recharge,Partnership,Kolkata,West Bengal,2024-10-17 02:52:00,6216492189,True,Active,1093.54,False,False,False,1108.585,True
1833,MCH1626,"Pau, Iyengar and Khare",5999.0,Misc Retail,Sole Proprietor,Delhi,Delhi,2025-07-12 00:00:00,XXXX6353,True,Active,550.42,False,False,False,1276.92,False
5744,MCH1627,DUA LTD,5999.0,Misc Retail,Private Limited,Lucknow,Uttar Pradesh,2024-07-31 00:00:00,,False,Active,160.25,False,False,False,1276.92,False
1915,MCH1628,"rao, buch and kala",5912.0,Pharmacy,Individual,Lucknow,Uttar Pradesh,2025-01-08 16:04:25,,False,Active,789.95,False,False,False,1300.55,False
1738,MCH1630,Yogi-Agate,5942.0,Books & Stationery,Partnership,Kolkata,West Bengal,2023-10-31 00:00:00,XXXX1041,True,Active,444.27,False,False,False,1167.225,False
4389,MCH1636_1,"Natt, Mitter and Oza",7011.0,Hotel,Sole Proprietor,Delhi,Delhi,2025-01-17 21:22:17,,False,Active,987.0,False,False,False,1161.77,True
2606,MCH1636_2,Nigam PLC,5699.0,Apparel,Partnership,Delhi,Delhi,2024-06-13 01:00:37,,False,Active,2284.21,False,False,False,1252.4299999999998,True
2293,MCH1639_1,"  Borah, Dhaliwal and Morar  ",5999.0,Misc Retail,Partnership,Kolkata,West Bengal,2024-11-14 10:51:00,XXXX3629,True,Active,7799.0,False,False,False,1276.92,True
2107,MCH1639_2,Halder Inc,5411.0,Grocery,Sole Proprietor,Chennai,Tamil Nadu,2023-04-12 00:00:00,OKNU6888775607813,True,Inactive,,True,False,False,1233.545,True
3353,MCH1640_1,  Dash Ltd  ,5699.0,Apparel,Sole Proprietor,Jaipur,Rajasthan,2024-11-25 00:00:00,SPQL0474110490629,True,Active,328.0,False,False,False,1252.4299999999998,True
2554,MCH1640_2,sem plc,,Hotel,Private Limited,Mumbai,Maharashtra,2023-09-10 00:00:00,5367265975,True,Active,894.9,False,False,True,1161.77,True
325,MCH1640_3,Trivedi-Agrawal,5411.0,Grocery,Private Limited,Jalandhar,Punjab,2025-01-25 11:29:34,WQQD1666405545072,True,Active,2316.65,False,False,False,1233.545,True
1409,MCH1641,bali llc,5999.0,Misc Retail,Sole Proprietor,Delhi,Delhi,,,False,Active,,True,False,False,1276.92,False
5110,MCH1642,Zacharia-Dhawan,5411.0,Grocery,Partnership,Kolkata,West Bengal,2023-01-02 04:08:32,XXXX3812,True,Active,363.0,False,False,False,1233.545,False
595,MCH1645,Savant-Singha1,5942.0,Books & Stationery,Sole Proprietor,Chennai,Tamil Nadu,2024-04-19 00:00:00,GUUE6743967074534,True,Active,337.0,False,False,False,1167.225,False
2038,MCH1646_1,Golla and Sons,,Grocery,Individual,Mumbai,Maharashtra,2024-09-23 00:00:00,,False,Inactive,,True,False,True,1233.545,True
3996,MCH1646_2,"Sane, Zacharia and Samra",5912.0,Pharmacy,Individual,Jaipur,Rajasthan,2023-12-31 00:00:00,5847905998,True,Active,1891.86,False,False,False,1300.55,True
1223,MCH1647,NARULA LLC,5699.0,Apparel,Individual,Ludhiana,Punjab,2024-10-05 18:51:00,5628842369,True,Suspended,1898.14,False,True,False,1252.4299999999998,False
2188,MCH1649,Venkatesh PLC,5812.0,Restaurant,Private Limited,Delhi,Delhi,2024-08-03 17:27:00,6043188789,True,Suspended,851.41,False,True,False,1327.31,False
1097,MCH1651,Kumar Inc,5942.0,Books & Stationery,Sole Proprietor,Mumbai,Maharashtra,2024-09-03 00:00:00,XXXX7749,True,Active,1249.76,False,False,False,1167.225,False
1177,MCH1652,Tripathi-Vasa,5311.0,Department Store,Private Limited,Amritsar,Punjab,2025-08-03 00:00:00,7462856821,True,Inactive,1419.63,False,False,False,1356.755,False
1522,MCH1653,  Mitra Inc  ,7011.0,Hotel,Sole Proprietor,Chennai,Tamil Nadu,,XXXX9573,True,Active,1669.53,False,False,False,1161.77,False
2399,MCH1654_1,More PLC,5999.0,Misc Retail,Individual,Bengaluru,Karnataka,2025-02-18 00:00:00,,False,Active,2598.19,False,False,False,1276.92,True
2731,MCH1654_2,Swamy Group,,Telecom,Partnership,Jalandhar,Punjab,2024-07-14 00:00:00,,False,Active,,False,False,True,1213.17,True
4861,MCH1656,Dhar PLC,5311.0,Department Store,Partnership,Amritsar,Punjab,2025-05-29 22:52:00,OTBM8790953463908,True,Active,2992.0,False,False,False,1356.755,False
4756,MCH1657,"Kaur, Sandhu and Shanker",5699.0,Apparel,Private Limited,Mumbai,Maharashtra,2025-01-14 15:44:00,,False,Active,1224.96,False,False,False,1252.4299999999998,False
2625,MCH1658,khatri-mohanty,5812.0,Restaurant,Sole Proprietor,Jaipur,Rajasthan,2025-08-08 00:00:00,DGXZ0949885183603,True,Inactive,2016.79,False,False,False,1327.31,False
1499,MCH1661_1,kothari-dara,5912.0,Pharmacy,Partnership,Hyderabad,Telangana,2026-01-16 22:10:04,XXXX7371,True,Active,,False,False,False,1300.55,True
4532,MCH1661_2,Mani-Jayaraman,5812.0,Restaurant,Private Limited,Hyderabad,Telangana,2024-09-16 22:00:20,XXXX6928,True,Active,813.04,False,False,False,1327.31,True
4400,MCH1663,"Edwin, Kala and Barad",4131.0,Transportation,Individual,Chennai,Tamil Nadu,2024-07-04 00:00:00,FGIZ0772949946430,True,Active,449.21,False,False,False,1225.12,False
4679,MCH1664,Karan Ltd,4131.0,Travel,Partnership,Chennai,Tamil Nadu,2025-06-02 00:00:00,XXXX0248,True,Active,,False,False,False,1012.28,False
1926,MCH1665,Salvi Group,5699.0,Apparel,Individual,Bengaluru,Karnataka,2025-11-30 00:00:00,KSUI6181238646481,True,Active,946.53,False,False,False,1252.4299999999998,False
4103,MCH1667_1,dalal ltd,7011.0,Hotel,Sole Proprietor,Hyderabad,Telangana,2025-02-16 00:00:00,,False,Active,3517.09,False,False,False,1161.77,True
1419,MCH1667_2,Prashad-Samra,5812.0,Restaurant,Private Limited,Delhi,Delhi,2025-10-20 03:57:00,XXXX1144,True,Active,7788.38,False,False,False,1327.31,True
3365,MCH1674_1,"Bansal, Babu and Bansal",5699.0,Apparel,Individual,Chennai,Tamil Nadu,2024-03-11 05:59:00,,False,Active,811.0,False,False,False,1252.4299999999998,True
3920,MCH1674_2,Kari-Tara,4814.0,Telecom,Partnership,Mumbai,Maharashtra,2024-08-16 00:00:00,XXXX5872,True,Active,1266.21,False,False,False,1213.17,True
4030,MCH1675_1,chokshi-mukherjee,5411.0,Grocery,Individual,Ludhiana,Punjab,2023-01-11 15:46:00,XXXX1927,True,Active,1694.04,False,False,False,1233.545,True
3187,MCH1675_2,"Dey, Sathe and Sibal",4131.0,Transportation,Private Limited,Chennai,Tamil Nadu,2025-09-11 00:00:00,DIRY6496511188422,True,Active,1577.75,False,False,False,1225.12,True
1372,MCH1675_3,"sarma, saxena and chandran",,Department Store,Private Limited,Jaipur,Rajasthan,2023-06-09 00:00:00,,False,Suspended,1777.8,False,True,True,1356.755,True
4577,MCH1676,"Palla, Gupta and Narain",4814.0,Telecom,Sole Proprietor,Jalandhar,Punjab,2025-11-27 17:23:23,,False,Active,750.53,False,False,False,1213.17,False
1980,MCH1679,"Chawla, Sura and Pal",4131.0,Transportation,Individual,Lucknow,Uttar Pradesh,2026-01-30 14:56:48,XXXX9878,True,Suspended,1030.0,False,True,False,1225.12,False
4254,MCH1680,"Dube, Sekhon and Nagarajan",5699.0,Apparel,Sole Proprietor,Ludhiana,Punjab,2025-02-03 01:50:32,,False,Active,855.0,False,False,False,1252.4299999999998,False
5965,MCH1683,"Sampath, Anne and Madan",5812.0,Restaurant,Partnership,Chennai,Tamil Nadu,2026-02-14 00:00:00,XXXX9435,True,Active,2458.98,False,False,False,1327.31,False
5663,MCH1686,Chokshi and Sons,5942.0,Books & Stationery,Individual,Bengaluru,Karnataka,2024-02-02 00:00:00,,False,Active,1116.34,False,False,False,1167.225,False
3477,MCH1696_1,Prakash-Dhar,5411.0,Grocery,Partnership,Bengaluru,Karnataka,2025-09-01 00:00:00,TXHI7483173386178,True,Active,567.04,False,False,False,1233.545,True
2512,MCH1696_2,Rai and Sons,,Department Store,Individual,Jaipur,Rajasthan,2023-04-24 23:28:29,,False,Active,2898.12,False,False,True,1356.755,True
3650,MCH1697,Sodhi-Ramakrishnan,4814.0,Telecom,Private Limited,Lucknow,Uttar Pradesh,2023-04-13 07:04:31,QYQC0323724202438,True,Suspended,1234.06,False,True,False,1213.17,False
994,MCH1704,"Shukla, Hari and Chopra",4131.0,Transportation,Sole Proprietor,Lucknow,Uttar Pradesh,2023-08-04 00:00:00,,False,Closed,2965.45,False,False,False,1225.12,False
5436,MCH1706_1,KandaandSons,4814.0,Mobile Recharge,Private Limited,Chennai,Tamil Nadu,2023-08-20 20:33:03,,False,Active,546.33,False,False,False,1108.585,True
1591,MCH1706_2,Merchant-Dhar,5942.0,Books & Stationery,Private Limited,Amritsar,Punjab,2023-05-25 00:00:00,,False,Active,954.61,False,False,False,1167.225,True
5932,MCH1706_3,"Vala, Nagarajan and Saxena",5311.0,Department Store,Partnership,Mumbai,Maharashtra,2023-08-27 00:00:00,XXXX3189,True,Inactive,513.27,False,False,False,1356.755,True
3712,MCH1709,sachdeva-khanna,5999.0,Misc Retail,Partnership,Chennai,Tamil Nadu,2023-08-25 07:56:38,XXXX5946,True,Active,481.17,False,False,False,1276.92,False
3843,MCH1710_1,"talwar, goyal and dhillon",5812.0,Restaurant,Partnership,Delhi,Delhi,2025-11-26 00:00:00,,False,Active,542.31,False,False,False,1327.31,True
2483,MCH1710_2,"Tara, Dash and Pau",5912.0,Pharmacy,Partnership,Lucknow,Uttar Pradesh,2026-02-26 00:00:00,,False,Active,804.19,False,False,False,1300.55,True
984,MCH1711,"Sastry, Kota and Merchant",5411.0,Grocery,Sole Proprietor,Ludhiana,Punjab,2023-12-17 08:04:00,NEUM7554192097058,True,Active,1991.22,False,False,False,1233.545,False
3179,MCH1713,Dubey Inc,5812.0,Restaurant,Sole Proprietor,Kolkata,West Bengal,2025-06-02 00:00:00,XXXX0557,True,Active,1132.0,False,False,False,1327.31,False
3844,MCH1714_1,Kalita Group,5699.0,Apparel,Sole Proprietor,Amritsar,Punjab,2024-03-31 14:28:04,XXXX3148,True,Active,3974.77,False,False,False,1252.4299999999998,True
1512,MCH1714_2,Sampath LLC,5699.0,Apparel,Partnership,Lucknow,Uttar Pradesh,2026-02-17 00:00:00,6074080748,True,Active,585.92,False,False,False,1252.4299999999998,True
332,MCH1718,Wason-Vaidya,5311.0,Retail,Private Limited,Jalandhar,Punjab,2025-04-04 17:19:00,,False,Active,705.66,False,False,False,1126.42,False
4247,MCH1721,"Mammen, Ka1a and Gara",7011.0,Hotel,Individual,Kolkata,West Bengal,2023-10-07 01:39:20,,False,Active,1736.83,False,False,False,1161.77,False
1827,MCH1722,Patel-Warrior,7011.0,Hotel,Individual,Kolkata,West Bengal,2025-03-15 00:00:00,XXXX3839,True,Active,420.0,False,False,False,1161.77,False
411,MCH1725,"Narayanan, Thaker and Sandhu",5999.0,Misc Retail,Partnership,Jaipur,Rajasthan,2025-02-15 04:37:51,XXXX2721,True,Active,385.5,False,False,False,1276.92,False
1871,MCH1726,RAJA AND SONS,4131.0,Transportation,Private Limited,Delhi,Delhi,2025-12-13 00:00:00,,False,Active,639.24,False,False,False,1225.12,False
4286,MCH1727,Chacko LLC,5999.0,Misc Retail,Partnership,Amritsar,Punjab,2023-07-23 00:00:00,,False,Active,1914.68,False,False,False,1276.92,False
4982,MCH1729_1,GANESH PLC,5812.0,Restaurant,Private Limited,Hyderabad,Telangana,2025-05-23 00:00:00,XXXX6365,True,Active,,False,False,False,1327.31,True
2970,MCH1729_2,VORA LLC,,Restaurant,Individual,Ludhiana,Punjab,2023-12-25 00:00:00,SJMV2211374932495,True,Active,,True,False,True,1327.31,True
3516,MCH1730,  Buch Ltd  ,5699.0,Apparel,Individual,Kolkata,West Bengal,2023-04-25 00:00:00,,False,Active,813.32,False,False,False,1252.4299999999998,False
5077,MCH1732_1,Badal-Chacko,4131.0,Travel,Sole Proprietor,Kolkata,West Bengal,2024-01-02 00:00:00,,False,Active,888.6,False,False,False,1012.28,True
5860,MCH1732_2,"BAL, LOKE AND CHADHA",5411.0,Grocery,Private Limited,Delhi,Delhi,2024-10-24 00:00:00,9581945425,True,Active,3477.98,False,False,False,1233.545,True
3313,MCH1736,Barman Inc,4131.0,Transportation,Partnership,Jaipur,Rajasthan,2025-08-06 20:56:00,,False,Active,1937.05,False,False,False,1225.12,False
4576,MCH1739_1,Joshi Group,,Books & Stationery,Individual,Ludhiana,Punjab,2024-08-31 19:16:02,IRPP9017025863509,True,Inactive,,False,False,True,1167.225,True
1552,MCH1739_2,keer group,5999.0,Misc Retail,Individual,Kolkata,West Bengal,2024-02-11 00:00:00,,False,Active,2619.15,False,False,False,1276.92,True
1526,MCH1740,"Dhaliwal, Boase and Walla",7011.0,Hotel,Partnership,Pune,Maharashtra,2025-02-09 00:00:00,LCLK0132407508023,True,Active,903.0,False,False,False,1161.77,False
1990,MCH1744,"Mani, Tara and Mane",4131.0,Travel,Sole Proprietor,Ludhiana,Punjab,2023-03-20 16:42:33,,False,Closed,466.22,False,False,False,1012.28,False
1480,MCH1747_1,  Ray Inc  ,5812.0,Restaurant,Sole Proprietor,Pune,Maharashtra,2023-11-04 00:00:00,YGJM1546623351510,True,Active,115.81,False,False,False,1327.31,True
3121,MCH1747_2,"Vig, Cherian and Ch0udhury",5999.0,Misc Retail,Individual,Delhi,Delhi,2025-08-22 05:19:05,,False,Active,1469.56,False,False,False,1276.92,True
4807,MCH1750_1,"Dube, Natt and V0hra",4131.0,Transportation,Individual,Pune,Maharashtra,2024-12-18 12:18:45,XXXX3705,True,Active,,False,False,False,1225.12,True
1579,MCH1750_2,RAVI-DHAR,4814.0,Telecom,Sole Proprietor,Ludhiana,Punjab,2023-10-12 03:27:30,,False,Active,,True,False,False,1213.17,True
4955,MCH1750_3,Sastry-Chaudhari,,Apparel,Individual,Delhi,Delhi,2024-11-17 00:00:00,XXXX2201,True,Active,1155.0,False,False,True,1252.4299999999998,True
2775,MCH1751_1,Bava-Mukherjee,5411.0,Grocery,Sole Proprietor,Jaipur,Rajasthan,2023-05-20 00:00:00,EFFJ4269274300862,True,Active,1591.0,False,False,False,1233.545,True
3573,MCH1751_2,"Keer, Dara and Gour",5942.0,Books & Stationery,Individual,Ludhiana,Punjab,2023-06-29 00:00:00,,False,Suspended,1719.3,False,True,False,1167.225,True
5123,MCH1755,Kulkarni and Sons,4814.0,Mobile Recharge,Individual,Mumbai,Maharashtra,2025-12-29 00:00:00,9887027328,True,Active,,True,False,False,1108.585,False
3570,MCH1756_1,Ben and Sons,5999.0,Misc Retail,Private Limited,Hyderabad,Telangana,2023-08-02 00:00:00,XXXX4519,True,Active,1706.9,False,False,False,1276.92,True
5880,MCH1756_2,"Borah, Sura and Kunda",5411.0,Grocery,Private Limited,Jaipur,Rajasthan,2025-10-21 00:00:00,,False,Active,1371.78,False,False,False,1233.545,True
5458,MCH1756_3,  Vala-Cheema  ,5311.0,Retail,Individual,Delhi,Delhi,2023-09-03 00:00:00,XXXX7019,True,Active,1245.26,False,False,False,1126.42,True
3349,MCH1763,  Dhillon Ltd  ,,Department Store,Partnership,Jalandhar,Punjab,2026-02-22 00:00:00,4567982166,True,Active,231.69,False,False,True,1356.755,False
3054,MCH1764_1,"K0h1i, Sa1vi and Ch0kshi",5699.0,Apparel,Partnership,Amritsar,Punjab,2025-09-13 00:00:00,,False,Active,12860.85,False,False,False,1252.4299999999998,True
5044,MCH1764_2,"Kurian, Vaidya and Loyal",5999.0,Misc Retail,Individual,Lucknow,Uttar Pradesh,2025-11-16 04:20:00,QLVG4760642998653,True,Suspended,419.98,False,True,False,1276.92,True
4835,MCH1767,Bhatnagar-Ka1a,,Telecom,Individual,Jalandhar,Punjab,,2537411732,True,Active,314.16,False,False,True,1213.17,False
2580,MCH1768,"  Mody, Tata and Chatterjee  ",4131.0,Transportation,Sole Proprietor,Chennai,Tamil Nadu,2024-09-08 00:00:00,,False,Active,360.87,False,False,False,1225.12,False
1676,MCH1769_1,"Jha, Samra and Jhaveri",5311.0,Department Store,Private Limited,Mumbai,Maharashtra,2023-10-20 00:00:00,XXXX5444,True,Active,522.35,False,False,False,1356.755,True
1026,MCH1769_2,"Sekhon, Goswami and Rajan",4814.0,Telecom,Sole Proprietor,Lucknow,Uttar Pradesh,2025-06-28 07:25:18,DYOJ7653218721893,True,Active,1009.67,False,False,False,1213.17,True
5997,MCH1770,Prabhu Inc,5411.0,Grocery,Partnership,Kolkata,West Bengal,2026-02-19 00:00:00,STER3056508036813,True,Active,1130.22,False,False,False,1233.545,False
247,MCH1772_1,Grover Group,5311.0,Department Store,Partnership,Kolkata,West Bengal,2023-03-18 13:57:00,0665098924,True,Active,1962.32,False,False,False,1356.755,True
4230,MCH1772_2,"Sarin,KothariandLal",,Pharmacy,Individual,Jalandhar,Punjab,2025-09-11 00:00:00,GQQF2119444967880,True,Active,,True,False,True,1300.55,True
297,MCH1772_3,"Thakur, Talwar and Chahal",5912.0,Pharmacy,Partnership,Pune,Maharashtra,2025-11-19 01:49:18,XXXX1519,True,Active,645.09,False,False,False,1300.55,True
5031,MCH1773,Prakash-Malhotra,5411.0,Grocery,Individual,Jalandhar,Punjab,,XEKJ5137440988369,True,Active,1551.73,False,False,False,1233.545,False
453,MCH1774_1,"chawla, luthra and kapur",4814.0,Mobile Recharge,Sole Proprietor,Amritsar,Punjab,2024-08-09 00:00:00,MJXY1754643071882,True,Active,691.84,False,False,False,1108.585,True
3910,MCH1774_2,patla-warrior,5912.0,Pharmacy,Partnership,Mumbai,Maharashtra,2023-01-02 11:10:48,XREO9787326188727,True,Active,442.29,False,False,False,1300.55,True
3078,MCH1774_3,"Sundaram, Dani and Mall",5942.0,Books & Stationery,Partnership,Lucknow,Uttar Pradesh,2024-08-23 00:00:00,XXXX1272,True,Active,10785.29,False,False,False,1167.225,True
1188,MCH1775,Karnik Inc,5411.0,Grocery,Private Limited,Lucknow,Uttar Pradesh,2023-04-13 08:51:51,MCRQ9864671908344,True,Active,313.0,False,False,False,1233.545,False
5701,MCH1776,Vohra and Sons,5999.0,Misc Retail,Private Limited,Lucknow,Uttar Pradesh,2023-06-16 00:00:00,XXXX6558,True,Active,843.8,False,False,False,1276.92,False
5962,MCH1779_1,Char-Karnik,5699.0,Apparel,Private Limited,Jaipur,Rajasthan,,2529504175,True,Active,6097.01,False,False,False,1252.4299999999998,True
5429,MCH1779_2,"MAHARAJ, JAGGI AND REDDY",7011.0,Hotel,Partnership,Bengaluru,Karnataka,2024-09-02 00:00:00,,False,Active,1540.91,False,False,False,1161.77,True
3583,MCH1782,Kari PLC,5411.0,Grocery,Sole Proprietor,Mumbai,Maharashtra,2024-06-26 00:00:00,,False,Active,,True,False,False,1233.545,False
5059,MCH1785,  Shere-Pall  ,5311.0,Department Store,Sole Proprietor,Kolkata,West Bengal,2023-05-08 05:22:00,,False,Active,2271.85,False,False,False,1356.755,False
600,MCH1786_1,"Ganguly, Mammen and Babu",5411.0,Grocery,Sole Proprietor,Pune,Maharashtra,2025-05-22 00:00:00,YNDF5378176701295,True,Active,1212.0,False,False,False,1233.545,True
6106,MCH1786_2,"Tank, Nadkarni and Srinivasan",4131.0,Travel,Private Limited,Amritsar,Punjab,2024-03-15 00:00:00,DQUX6492697797570,True,Active,353.77,False,False,False,1012.28,True
4598,MCH1787,JOHAL AND SONS,5942.0,Books & Stationery,Sole Proprietor,Chennai,Tamil Nadu,2024-04-09 00:00:00,8096098187,True,Active,1495.88,False,False,False,1167.225,False
1801,MCH1788,"Dass, Rajagopal and Madan",,Mobile Recharge,Private Limited,Pune,Maharashtra,2024-11-12 00:00:00,,False,Suspended,1479.46,False,True,True,1108.585,False
834,MCH1789,Loke-Chanda,5942.0,Books & Stationery,Partnership,Jaipur,Rajasthan,2023-02-25 00:00:00,,False,Active,15713.68,False,False,False,1167.225,False
1186,MCH1792_1,Palan-Naidu,5699.0,Apparel,Partnership,Bengaluru,Karnataka,2023-01-28 00:00:00,JXLM1363091809821,True,Active,443.5,False,False,False,1252.4299999999998,True
1485,MCH1792_2,"Suresh, Chada and Mahal",5311.0,Department Store,Sole Proprietor,Kolkata,West Bengal,2025-03-24 00:00:00,XXXX6459,True,Active,,False,False,False,1356.755,True
823,MCH1793,Jaggi PLC,7011.0,Hotel,Sole Proprietor,Delhi,Delhi,2024-08-21 00:47:16,,False,Active,2705.89,False,False,False,1161.77,False
4565,MCH1796,Kohli-Nagar,5942.0,Books & Stationery,Individual,Amritsar,Punjab,2024-07-20 00:00:00,,False,Active,741.16,False,False,False,1167.225,False
2712,MCH1800,Mall PLC,5311.0,Department Store,Private Limited,Hyderabad,Telangana,2025-10-24 00:00:00,,False,Active,1030.0,False,False,False,1356.755,False
3577,MCH1806_1,dugar-rege,5912.0,Pharmacy,Private Limited,Delhi,Delhi,,7841679256,True,Suspended,1498.0,False,True,False,1300.55,True
3302,MCH1806_2,Thaker-Dutt,,Apparel,Individual,Ludhiana,Punjab,2024-05-02 09:16:54,1201362088,True,Active,6418.0,False,False,True,1252.4299999999998,True
4969,MCH1809,Grewal Inc,5311.0,Department Store,Private Limited,Bengaluru,Karnataka,2025-10-31 03:18:09,1597132394,True,Active,2181.93,False,False,False,1356.755,False
2919,MCH1811_1,Shukla-Ganesan,,Hotel,Individual,Delhi,Delhi,2024-01-14 13:33:19,9614445611,True,Inactive,871.51,False,False,True,1161.77,True
928,MCH1811_2,  Varkey Inc  ,5311.0,Department Store,Sole Proprietor,Bengaluru,Karnataka,2026-02-25 00:00:00,,False,Active,592.0,False,False,False,1356.755,True
2432,MCH1812,Om PLC,5812.0,Restaurant,Sole Proprietor,Amritsar,Punjab,2024-11-26 18:01:01,,False,Active,2079.98,False,False,False,1327.31,False
1091,MCH1813,Balan-Deo,5311.0,Department Store,Partnership,Pune,Maharashtra,2024-08-28 00:00:00,UAJB1335544875863,True,Active,,True,False,False,1356.755,False
3003,MCH1815_1,  Bhasin-Hans  ,5999.0,Misc Retail,Private Limited,Hyderabad,Telangana,2025-05-10 00:00:00,,False,Active,789.34,False,False,False,1276.92,True
5937,MCH1815_2,Saha-Varghese,4131.0,Transportation,Private Limited,Delhi,Delhi,2024-04-22 07:33:36,XXXX3927,True,Active,846.74,False,False,False,1225.12,True
2144,MCH1816_1,Aurora-Kata,5311.0,Retail,Sole Proprietor,Lucknow,Uttar Pradesh,2025-03-15 01:24:29,,False,Active,1797.52,False,False,False,1126.42,True
4020,MCH1816_2,"Dass, Chaudhry and Peri",5999.0,Misc Retail,Sole Proprietor,Jaipur,Rajasthan,2024-05-03 17:11:00,,False,Active,800.46,False,False,False,1276.92,True
2497,MCH1816_3,Kohli-Hans,7011.0,Hotel,Individual,Kolkata,West Bengal,2025-01-22 00:00:00,,False,Active,487.0,False,False,False,1161.77,True
5863,MCH1816_4,Modi-Sinha,,Grocery,Individual,Hyderabad,Telangana,2023-11-24 00:00:00,XXXX5140,True,Active,,False,False,True,1233.545,True
5559,MCH1816_5,Samra-Bhattacharyya,5912.0,Pharmacy,Individual,Kolkata,West Bengal,2024-07-11 00:00:00,,False,Active,1868.22,False,False,False,1300.55,True
4519,MCH1817_1,"Mohanty, Behl and Rao",4131.0,Transportation,Individual,Pune,Maharashtra,2025-07-23 00:00:00,,False,Inactive,2347.62,False,False,False,1225.12,True
4113,MCH1817_2,Wadhwa Group,,Telecom,Partnership,Kolkata,West Bengal,2024-06-30 00:00:00,XZWP2134363743881,True,Active,200.17,False,False,True,1213.17,True
4231,MCH1818,BAKSHI-GOLLA,5699.0,Apparel,Private Limited,Kolkata,West Bengal,2023-10-04 00:00:00,7575233501,True,Active,4859.19,False,False,False,1252.4299999999998,False
5614,MCH1823,"Patla, Bhasin and Parsa",,Hotel,Partnership,Lucknow,Uttar Pradesh,2023-06-15 00:00:00,,False,Active,3003.2,False,False,True,1161.77,False
1308,MCH1827,  Saha Ltd  ,5999.0,Misc Retail,Partnership,Pune,Maharashtra,2026-01-12 00:00:00,GFSK2439344528128,True,Active,790.89,False,False,False,1276.92,False
578,MCH1828_1,  Goel PLC  ,5699.0,Apparel,Private Limited,Chennai,Tamil Nadu,2025-10-15 00:00:00,XXXX2989,True,Active,4227.93,False,False,False,1252.4299999999998,True
2335,MCH1828_2,Mohanty-Gole,5999.0,Misc Retail,Sole Proprietor,Kolkata,West Bengal,2024-04-21 00:00:00,IQWO0971212362898,True,Inactive,408.75,False,False,False,1276.92,True
6066,MCH1829,Ramaswamy Group,4131.0,Transportation,Sole Proprietor,Kolkata,West Bengal,2024-03-15 00:00:00,,False,Active,2351.23,False,False,False,1225.12,False
3482,MCH1830,shan llc,7011.0,Hotel,Private Limited,Lucknow,Uttar Pradesh,,8821748714,True,Active,405.35,False,False,False,1161.77,False
324,MCH1832,Mistry-Chaudhary,5999.0,Misc Retail,Individual,Hyderabad,Telangana,2024-12-11 00:06:45,,False,Inactive,448.33,False,False,False,1276.92,False
2368,MCH1833_1,"Bhatnagar, Bhavsar and Iyengar",4131.0,Transportation,Partnership,Mumbai,Maharashtra,2023-06-24 00:00:00,XXXX4268,True,Active,2843.21,False,False,False,1225.12,True
5596,MCH1833_2,"Sabharwal, Chopra and Nayar",4131.0,Transportation,Private Limited,Pune,Maharashtra,2023-07-26 05:30:00,8483394590,True,Active,1391.53,False,False,False,1225.12,True
313,MCH1836,"  Nazareth, Bahl and Manda  ",5411.0,Grocery,Private Limited,Hyderabad,Telangana,2023-11-15 00:00:00,IUQT6934618863943,True,Active,,False,False,False,1233.545,False
5276,MCH1838_1,Manda-Deshpande,5942.0,Books & Stationery,Partnership,Jalandhar,Punjab,2025-09-04 06:22:16,XYTA4197098019941,True,Active,2224.32,False,False,False,1167.225,True
4843,MCH1838_2,Sarraf-Bhakta,,Misc Retail,Partnership,Bengaluru,Karnataka,2023-04-20 03:12:53,XXXX3450,True,Active,584.0,False,False,True,1276.92,True
1583,MCH1839,Krish Group,5411.0,Grocery,Sole Proprietor,Jalandhar,Punjab,2024-01-29 20:47:00,,False,Active,1503.47,False,False,False,1233.545,False
5846,MCH1840,Chahal and Sons,5942.0,Books & Stationery,Sole Proprietor,Ludhiana,Punjab,2026-02-06 00:00:00,XXXX9616,True,Active,764.0,False,False,False,1167.225,False
179,MCH1841,Kadakia-Rao,,Hotel,Sole Proprietor,Kolkata,West Bengal,2025-07-01 00:00:00,7706295964,True,Active,532.17,False,False,True,1161.77,False
174,MCH1842_1,Bedi-Vohra,5411.0,Grocery,Private Limited,Lucknow,Uttar Pradesh,,XXXX6666,True,Active,1241.96,False,False,False,1233.545,True
3832,MCH1842_2,"Singh, Dhillon and Garg",4814.0,Telecom,Partnership,Lucknow,Uttar Pradesh,2024-10-21 00:00:00,6092011664,True,Inactive,,True,False,False,1213.17,True
241,MCH1843,Edwin and Sons,5999.0,Misc Retail,Sole Proprietor,Delhi,Delhi,2024-09-19 00:00:00,,False,Active,,False,False,False,1276.92,False
3703,MCH1845,Goel Inc,4131.0,Transportation,Private Limited,Delhi,Delhi,2023-10-17 00:00:00,6579207527,True,Active,1675.96,False,False,False,1225.12,False
2643,MCH1846,Kurian-Chad,7011.0,Hotel,Partnership,Chennai,Tamil Nadu,2023-03-23 22:54:26,,False,Active,597.53,False,False,False,1161.77,False
3008,MCH1848_1,Acharya-Bail,5311.0,Retail,Partnership,Pune,Maharashtra,2025-09-05 00:00:00,3196162533,True,Active,3044.0,False,False,False,1126.42,True
4412,MCH1848_2,Dugar and Sons,4814.0,Telecom,Partnership,Chennai,Tamil Nadu,2023-08-19 00:00:00,QLVN5575786751509,True,Suspended,644.35,False,True,False,1213.17,True
2258,MCH1852,Prabhu Group,5411.0,Grocery,Individual,Mumbai,Maharashtra,2024-03-31 00:00:00,8479119924,True,Active,786.71,False,False,False,1233.545,False
2109,MCH1853_1,Mukhopadhyay Inc,5699.0,Apparel,Individual,Amritsar,Punjab,2024-04-10 00:00:00,,False,Active,2522.93,False,False,False,1252.4299999999998,True
1270,MCH1853_2,Narayanan-Chander,4131.0,Transportation,Sole Proprietor,Amritsar,Punjab,2023-10-10 00:20:00,GGYD8312524893538,True,Active,13872.38,False,False,False,1225.12,True
694,MCH1854,"Sule, Prashad and Balay",,Hotel,Partnership,Amritsar,Punjab,2023-09-21 00:00:00,XXXX8005,True,Active,5318.31,False,False,True,1161.77,False
2959,MCH1855,Kala-Shan,,Restaurant,Private Limited,Kolkata,West Bengal,2023-11-13 00:38:34,,False,Inactive,1474.0,False,False,True,1327.31,False
2495,MCH1856_1,Baria-Balay,5311.0,Department Store,Sole Proprietor,Lucknow,Uttar Pradesh,2023-12-26 15:21:00,XXXX1618,True,Active,2071.73,False,False,False,1356.755,True
1432,MCH1856_2,"Sem, Dhawan and Bakshi",,Grocery,Sole Proprietor,Bengaluru,Karnataka,2023-07-27 00:00:00,9292167540,True,Suspended,2232.22,False,True,True,1233.545,True
5306,MCH1861,Vora-Balan,5411.0,Grocery,Sole Proprietor,Pune,Maharashtra,2025-10-17 00:39:00,MBHV3858162453364,True,Inactive,2646.57,False,False,False,1233.545,False
882,MCH1862,Puri Inc,4131.0,Transportation,Individual,Mumbai,Maharashtra,2024-11-15 12:30:15,6516098644,True,Active,1444.68,False,False,False,1225.12,False
310,MCH1863,  Sachar-Gokhale  ,5942.0,Books & Stationery,Private Limited,Hyderabad,Telangana,2024-03-24 16:08:37,XXXX8775,True,Active,760.42,False,False,False,1167.225,False
3601,MCH1865,Chandra-Pandey,5942.0,Books & Stationery,Individual,Pune,Maharashtra,2025-11-15 00:00:00,,False,Active,3847.74,False,False,False,1167.225,False
4870,MCH1872_1,chaudry group,5999.0,Misc Retail,Private Limited,Bengaluru,Karnataka,2024-02-02 00:00:00,2703911432,True,Active,1044.41,False,False,False,1276.92,True
3359,MCH1872_2,rege llc,4814.0,Mobile Recharge,Partnership,Bengaluru,Karnataka,2024-06-26 00:00:00,,False,Active,768.52,False,False,False,1108.585,True
3871,MCH1873_1,Oak-Ramachandran,,Mobile Recharge,Private Limited,Amritsar,Punjab,2024-05-23 15:31:00,XXXX5817,True,Active,942.83,False,False,True,1108.585,True
2673,MCH1873_2,Rai-Nagi,4131.0,Transportation,Private Limited,Delhi,Delhi,2024-01-10 07:35:09,,False,Active,3862.0,False,False,False,1225.12,True
5695,MCH1874_1,"Bail, Madan and Mahal",5411.0,Grocery,Private Limited,Jalandhar,Punjab,2025-11-03 21:30:47,0723751803,True,Active,928.89,False,False,False,1233.545,True
4131,MCH1874_2,KANDA-MANE,5942.0,Books & Stationery,Partnership,Ludhiana,Punjab,2024-12-06 00:00:00,0940514966,True,Active,2286.66,False,False,False,1167.225,True
881,MCH1876,"Deol, Sandal and Nagi",5999.0,Misc Retail,Partnership,Bengaluru,Karnataka,2024-04-29 00:00:00,KRVT6824787386581,True,Active,603.93,False,False,False,1276.92,False
6156,MCH1878,Narula Group,7011.0,Hotel,Private Limited,Delhi,Delhi,2025-02-26 00:00:00,XXXX5015,True,Active,,False,False,False,1161.77,False
2918,MCH1879_1,  Maharaj PLC  ,5942.0,Books & Stationery,Partnership,Delhi,Delhi,2023-01-03 06:18:00,,False,Active,1269.91,False,False,False,1167.225,True
3384,MCH1879_2,muni-sachdeva,5999.0,Misc Retail,Individual,Chennai,Tamil Nadu,2023-12-16 00:00:00,XXXX4876,True,Active,687.52,False,False,False,1276.92,True
1247,MCH1881,"Bawa, Ganesan and Oak",5912.0,Pharmacy,Partnership,Chennai,Tamil Nadu,2023-12-14 00:00:00,,False,Inactive,,True,False,False,1300.55,False
5096,MCH1882,kamdar-banik,5812.0,Restaurant,Partnership,Ludhiana,Punjab,,,False,Inactive,427.5,False,False,False,1327.31,False
5554,MCH1883,"BAHL, KASHYAP AND SIBAL",5812.0,Restaurant,Private Limited,Jalandhar,Punjab,2023-01-04 00:00:00,XXXX4248,True,Active,,False,False,False,1327.31,False
4831,MCH1884,Nagi LLC,4131.0,Transportation,Private Limited,Bengaluru,Karnataka,2025-01-08 00:00:00,ROSD8740992299086,True,Active,628.95,False,False,False,1225.12,False
5131,MCH1885,mahal ltd,5999.0,Misc Retail,Private Limited,Hyderabad,Telangana,2025-11-07 18:42:57,,False,Active,618.0,False,False,False,1276.92,False
1877,MCH1887,Peri Inc,5311.0,Department Store,Private Limited,Bengaluru,Karnataka,2023-02-26 00:00:00,,False,Active,2706.7,False,False,False,1356.755,False
4225,MCH1889,Bakshi LLC,5999.0,Misc Retail,Individual,Jalandhar,Punjab,2024-02-13 09:50:36,XXXX2818,True,Active,2474.04,False,False,False,1276.92,False
2746,MCH1892,Shanker-De,7011.0,Hotel,Private Limited,Mumbai,Maharashtra,2024-02-12 01:08:42,4394256877,True,Active,987.4,False,False,False,1161.77,False
1095,MCH1894_1,CHANDRA-KAPUR,5311.0,Department Store,Partnership,Jalandhar,Punjab,2023-02-22 00:00:00,,False,Active,3951.56,False,False,False,1356.755,True
474,MCH1894_2,Setty-Doshi,5812.0,Restaurant,Partnership,Bengaluru,Karnataka,2025-08-11 00:00:00,1742153273,True,Active,2961.06,False,False,False,1327.31,True
5800,MCH1894_3,Shenoy-Venkatesh,5699.0,Apparel,Individual,Delhi,Delhi,2024-09-16 09:00:00,CBAO3449497595676,True,Active,666.26,False,False,False,1252.4299999999998,True
3721,MCH1894_4,Tara-Gupta,5812.0,Restaurant,Individual,Hyderabad,Telangana,2024-11-27 16:55:26,,False,Closed,2112.0,False,False,False,1327.31,True
463,MCH1899,Subramaniam-Bedi,,Books & Stationery,Private Limited,Ludhiana,Punjab,2025-09-27 00:00:00,XXXX4698,True,Active,,False,False,True,1167.225,False
723,MCH1904,Sandal Inc,4814.0,Telecom,Individual,Jalandhar,Punjab,2024-03-23 06:08:07,EZBT7024632751925,True,Active,1398.65,False,False,False,1213.17,False
4915,MCH1906,"TANEJA, MAHAJAN AND SARNA",5311.0,Retail,Individual,Bengaluru,Karnataka,2026-01-16 00:00:00,ZMCC2986180199571,True,Inactive,2772.0,False,False,False,1126.42,False
2971,MCH1908_1,"RAGHAVAN, BADAMI AND MANI",5942.0,Books & Stationery,Partnership,Kolkata,West Bengal,2025-05-29 11:41:39,XXXX6948,True,Active,856.0,False,False,False,1167.225,True
3803,MCH1908_2,Tara-Babu,5942.0,Books & Stationery,Sole Proprietor,Chennai,Tamil Nadu,2023-12-13 15:54:11,,False,Active,4659.0,False,False,False,1167.225,True
1357,MCH1909,murthy and sons,5942.0,Books & Stationery,Sole Proprietor,Pune,Maharashtra,2023-11-25 00:00:00,6570869272,True,Active,823.0,False,False,False,1167.225,False
5670,MCH1912,Keer-Mitra,4131.0,Transportation,Sole Proprietor,Chennai,Tamil Nadu,2024-10-27 18:55:18,XXXX9508,True,Active,3259.24,False,False,False,1225.12,False
589,MCH1913,"Sandal, Srinivas and Lata",5912.0,Pharmacy,Partnership,Lucknow,Uttar Pradesh,2023-06-09 00:00:00,3453698993,True,Active,468.17,False,False,False,1300.55,False
3768,MCH1917_1,"Bera, Bhakta and Dhillon",5942.0,Books & Stationery,Sole Proprietor,Mumbai,Maharashtra,2023-08-06 01:48:07,9839969668,True,Active,293.0,False,False,False,1167.225,True
3697,MCH1917_2,"Chowdhury, Krishna and Rajagopal",5699.0,Apparel,Sole Proprietor,Amritsar,Punjab,2024-10-20 00:00:00,,False,Suspended,909.84,False,True,False,1252.4299999999998,True
3521,MCH1921,Raj LLC,5999.0,Misc Retail,Partnership,Lucknow,Uttar Pradesh,2024-02-12 00:00:00,5917860419,True,Active,2280.24,False,False,False,1276.92,False
5394,MCH1922,"DEO, SARAF AND KALE",,Books & Stationery,Sole Proprietor,Lucknow,Uttar Pradesh,,,False,Active,2507.85,False,False,True,1167.225,False
3147,MCH1923,Barad-Devan,5699.0,Apparel,Private Limited,Hyderabad,Telangana,2025-12-08 00:00:00,,False,Active,300.28,False,False,False,1252.4299999999998,False
2889,MCH1924,"Choudhary, Iyer and Boase",5912.0,Pharmacy,Partnership,Jaipur,Rajasthan,2024-11-12 00:00:00,XXXX3944,True,Active,7220.04,False,False,False,1300.55,False
4928,MCH1926_1,"Bail, Bala and Bahl",5942.0,Books & Stationery,Partnership,Pune,Maharashtra,2024-05-07 00:00:00,,False,Active,,True,False,False,1167.225,True
6025,MCH1926_2,bhattacharyya-om,5311.0,Department Store,Individual,Mumbai,Maharashtra,2025-06-16 00:00:00,3013938494,True,Active,2425.42,False,False,False,1356.755,True
354,MCH1929,"Bahri,DaraandSaran",5942.0,Books & Stationery,Private Limited,Jaipur,Rajasthan,2025-12-26 09:06:43,XXXX4676,True,Active,,True,False,False,1167.225,False
1234,MCH1934,"Deol,DugarandParmer",5942.0,Books & Stationery,Private Limited,Chennai,Tamil Nadu,2025-06-26 13:50:54,,False,Active,2520.96,False,False,False,1167.225,False
695,MCH1936,"Batra, Ramanathan and Din",5912.0,Pharmacy,Sole Proprietor,Hyderabad,Telangana,2024-07-16 00:00:00,XXXX3173,True,Active,143.98,False,False,False,1300.55,False
5913,MCH1939,"Lal,SahniandChopra",7011.0,Hotel,Private Limited,Ludhiana,Punjab,2026-02-05 00:00:00,XXXX8735,True,Active,509.0,False,False,False,1161.77,False
4112,MCH1940_1,ANNE GROUP,4131.0,Transportation,Sole Proprietor,Hyderabad,Telangana,2025-01-16 19:34:00,XXXX3192,True,Active,2525.67,False,False,False,1225.12,True
4637,MCH1940_2,Ravel Inc,4814.0,Mobile Recharge,Sole Proprietor,Chennai,Tamil Nadu,2025-09-17 00:00:00,,False,Inactive,1112.95,False,False,False,1108.585,True
5941,MCH1941,Bath-Sunder,4814.0,Telecom,Sole Proprietor,Jaipur,Rajasthan,2024-05-22 00:00:00,,False,Suspended,,False,True,False,1213.17,False
3773,MCH1944_1,Morar Ltd,5812.0,Restaurant,Individual,Pune,Maharashtra,2023-04-23 00:00:00,XXXX8672,True,Active,1207.98,False,False,False,1327.31,True
6191,MCH1944_2,Srinivas-Singh,,Hotel,Individual,Mumbai,Maharashtra,2025-08-27 00:00:00,SBWS9188089804745,True,Active,1161.95,False,False,True,1161.77,True
2220,MCH1946_1,  Kanda Group  ,5812.0,Restaurant,Partnership,Kolkata,West Bengal,,YUNT1236584633844,True,Active,1028.0,False,False,False,1327.31,True
5556,MCH1946_2,Sibal LLC,7011.0,Hotel,Sole Proprietor,Jalandhar,Punjab,2026-01-24 21:05:43,QGEZ9290048707008,True,Active,2804.71,False,False,False,1161.77,True
734,MCH1947_1,"Batra, Kar and Sodhi",5699.0,Apparel,Partnership,Bengaluru,Karnataka,2025-08-24 19:46:43,QPJE6965990436721,True,Active,3015.23,False,False,False,1252.4299999999998,True
4932,MCH1947_2,BHATTI PLC,,Transportation,Sole Proprietor,Hyderabad,Telangana,2025-10-17 03:35:00,,False,Active,860.05,False,False,True,1225.12,True
5142,MCH1948_1,Prabhakar-Kari,5699.0,Apparel,Sole Proprietor,Mumbai,Maharashtra,2025-11-21 00:00:00,,False,Active,,True,False,False,1252.4299999999998,True
3351,MCH1948_2,"Sundaram, Sami and Jha",4814.0,Mobile Recharge,Private Limited,Jaipur,Rajasthan,2024-07-17 00:00:00,4160009756,True,Active,634.29,False,False,False,1108.585,True
383,MCH1952,Madan Inc,5942.0,Books & Stationery,Partnership,Chennai,Tamil Nadu,2024-06-28 00:00:00,7688662215,True,Inactive,1643.17,False,False,False,1167.225,False
6000,MCH1953,"Banerjee, Maharaj and Rege",7011.0,Hotel,Sole Proprietor,Jalandhar,Punjab,2025-12-14 00:00:00,QMMB6426177933216,True,Active,1226.94,False,False,False,1161.77,False
3136,MCH1954,"Kunda, Kata and Shetty",,Telecom,Individual,Pune,Maharashtra,2025-10-19 00:00:00,0079661036,True,Active,923.81,False,False,True,1213.17,False
5406,MCH1955,"SRINIVAS, KHURANA AND CHOUDHRY",5999.0,Misc Retail,Private Limited,Jalandhar,Punjab,2025-01-18 12:28:00,XXXX5304,True,Active,883.05,False,False,False,1276.92,False
5647,MCH1956_1,"Magar, Ramakrishnan and Dhingra",5912.0,Pharmacy,Private Limited,Ludhiana,Punjab,2024-05-02 00:00:00,XXXX9114,True,Active,919.28,False,False,False,1300.55,True
349,MCH1956_2,Sodhi PLC,5912.0,Pharmacy,Individual,Amritsar,Punjab,2025-09-28 15:41:51,TLKU2109519549509,True,Inactive,1459.74,False,False,False,1300.55,True
3562,MCH1959_1,"Barad, Bala and Chad",5999.0,Misc Retail,Individual,Pune,Maharashtra,2025-10-12 19:55:24,,False,Active,578.42,False,False,False,1276.92,True
5404,MCH1959_2,Khatri-Kumar,5912.0,Pharmacy,Private Limited,Mumbai,Maharashtra,2025-01-09 20:33:00,VKRC9106963270153,True,Active,622.0,False,False,False,1300.55,True
5759,MCH1960,Bail-Chand,5411.0,Grocery,Partnership,Hyderabad,Telangana,2024-08-26 00:00:00,XXXX7716,True,Active,613.0,False,False,False,1233.545,False
6078,MCH1965_1,chawla-sawhney,4814.0,Mobile Recharge,Individual,Bengaluru,Karnataka,2025-08-21 00:00:00,,False,Active,4592.95,False,False,False,1108.585,True
2160,MCH1965_2,Kata Inc,5311.0,Department Store,Private Limited,Amritsar,Punjab,2023-04-04 01:07:57,,False,Active,686.92,False,False,False,1356.755,True
5735,MCH1966,Munshi-Bath,4131.0,Travel,Private Limited,Bengaluru,Karnataka,2026-01-27 00:00:00,,False,Suspended,1858.12,False,True,False,1012.28,False
3543,MCH1968,Shroff-Mani,,Grocery,Partnership,Mumbai,Maharashtra,2024-04-10 00:00:00,FIQR5425866491953,True,Active,1674.0,False,False,True,1233.545,False
4643,MCH1969_1,Gole LLC,4131.0,Travel,Private Limited,Chennai,Tamil Nadu,,URWV6656600871469,True,Active,,True,False,False,1012.28,True
4946,MCH1969_2,Narain-Menon,5311.0,Retail,Individual,Delhi,Delhi,2025-11-16 00:00:00,FJVW1497261653850,True,Active,453.33,False,False,False,1126.42,True
1690,MCH1971_1,"Batta, Lal and Wason",5699.0,Apparel,Private Limited,Mumbai,Maharashtra,2025-10-12 12:05:04,,False,Active,854.92,False,False,False,1252.4299999999998,True
2322,MCH1971_2,Khanna and Sons,4814.0,Telecom,Partnership,Mumbai,Maharashtra,2026-02-06 00:00:00,XXXX1386,True,Active,2326.17,False,False,False,1213.17,True
6092,MCH1973_1,Pau-H0ra,5311.0,Department Store,Individual,Amritsar,Punjab,2023-02-23 00:00:00,,False,Active,1264.21,False,False,False,1356.755,True
1294,MCH1973_2,Sastry Ltd,5699.0,Apparel,Sole Proprietor,Chennai,Tamil Nadu,2024-12-23 00:00:00,,False,Active,1479.74,False,False,False,1252.4299999999998,True
2847,MCH1973_3,Shan-Ahuja,4814.0,Mobile Recharge,Private Limited,Delhi,Delhi,2024-01-22 00:00:00,,False,Active,1273.63,False,False,False,1108.585,True
1647,MCH1973_4,"Walia, Khatri and Saha",5942.0,Books & Stationery,Sole Proprietor,Lucknow,Uttar Pradesh,2025-11-16 00:00:00,2944514975,True,Active,,False,False,False,1167.225,True
3293,MCH1974,Kap00r LLC,4131.0,Transportation,Partnership,Chennai,Tamil Nadu,2024-05-12 08:25:13,5931788473,True,Active,,False,False,False,1225.12,False
2445,MCH1976,"MUTTI, SASTRY AND JHA",5942.0,Books & Stationery,Private Limited,Amritsar,Punjab,2023-04-08 00:00:00,,False,Active,2928.73,False,False,False,1167.225,False
5572,MCH1977_1,Chahal-Kumer,5942.0,Books & Stationery,Sole Proprietor,Kolkata,West Bengal,2025-09-01 00:00:00,XXXX3479,True,Active,897.0,False,False,False,1167.225,True
728,MCH1977_2,Mukherjee-Menon,5311.0,Department Store,Partnership,Hyderabad,Telangana,2025-04-29 03:02:42,XXXX1090,True,Active,4221.17,False,False,False,1356.755,True
4772,MCH1982,"Behl, Jayaraman and Divan",5699.0,Apparel,Sole Proprietor,Mumbai,Maharashtra,2025-10-09 00:00:00,,False,Active,298.94,False,False,False,1252.4299999999998,False
2819,MCH1983,Jayaraman PLC,5912.0,Pharmacy,Sole Proprietor,Hyderabad,Telangana,2024-12-13 00:00:00,6619790480,True,Active,657.32,False,False,False,1300.55,False
375,MCH1984,"Lala, Wagle and Bal",5699.0,Apparel,Partnership,Chennai,Tamil Nadu,2025-01-08 00:00:00,,False,Active,5244.88,False,False,False,1252.4299999999998,False
2,MCH1986_1,"Bains, Chanda and Gh0sh",5311.0,Retail,Individual,Jalandhar,Punjab,2026-01-10 00:00:00,,False,Active,1427.52,False,False,False,1126.42,True
1930,MCH1986_2,Brahmbhatt Inc,5999.0,Misc Retail,Partnership,Mumbai,Maharashtra,2023-11-23 00:00:00,,False,Active,,True,False,False,1276.92,True
2404,MCH1986_3,Vaidya-Roy,5699.0,Apparel,Individual,Bengaluru,Karnataka,2026-01-19 00:00:00,,False,Active,1981.5,False,False,False,1252.4299999999998,True
3333,MCH1987,"DORA, SARMA AND BISWAS",4814.0,Mobile Recharge,Partnership,Mumbai,Maharashtra,2023-01-31 00:00:00,NNVG3490646202999,True,Active,3268.84,False,False,False,1108.585,False
506,MCH1990_1,Mitra PLC,7011.0,Hotel,Partnership,Amritsar,Punjab,2024-04-12 00:00:00,5026245001,True,Active,1251.23,False,False,False,1161.77,True
707,MCH1990_2,Sawhney-Parekh,4814.0,Mobile Recharge,Private Limited,Jaipur,Rajasthan,2026-01-26 00:00:00,,False,Active,507.78,False,False,False,1108.585,True
2352,MCH1993,DHALIWAL PLC,4814.0,Telecom,Sole Proprietor,Amritsar,Punjab,,8690977818,True,Active,428.65,False,False,False,1213.17,False
5593,MCH1994,"Naik, Bhasin and Virk",7011.0,Hotel,Sole Proprietor,Amritsar,Punjab,2024-09-24 12:17:05,3176426647,True,Active,886.83,False,False,False,1161.77,False
2361,MCH1995_1,"Mand, Halder and Rajagopalan",5942.0,Books & Stationery,Partnership,Jaipur,Rajasthan,2024-04-04 00:00:00,COIS3057851068966,True,Inactive,158.78,False,False,False,1167.225,True
4064,MCH1995_2,"Sandhu, Kar and Chaudry",5699.0,Apparel,Partnership,Mumbai,Maharashtra,2024-01-25 00:00:00,,False,Active,4626.93,False,False,False,1252.4299999999998,True
3015,MCH2003,Rajagopalan Inc,5311.0,Department Store,Individual,Pune,Maharashtra,2023-06-16 00:00:00,3428467704,True,Active,567.0,False,False,False,1356.755,False
4358,MCH2007,"MAHAL, DIVAN AND SHARAF",5999.0,Misc Retail,Sole Proprietor,Jalandhar,Punjab,2023-02-02 22:14:37,4814016835,True,Active,435.32,False,False,False,1276.92,False
2985,MCH2009,"Tiwari, Naidu and Muni",5699.0,Apparel,Partnership,Pune,Maharashtra,2024-04-05 00:00:00,NVFX6549311428381,True,Active,732.0,False,False,False,1252.4299999999998,False
3984,MCH2013,"Nanda, Saraf and Halder",5411.0,Grocery,Individual,Kolkata,West Bengal,2025-04-22 00:00:00,,False,Active,,True,False,False,1233.545,False
1203,MCH2014_1,Bali-Mani,7011.0,Hotel,Individual,Pune,Maharashtra,2023-08-01 09:32:25,ARLE1914445816062,True,Active,8107.98,False,False,False,1161.77,True
5669,MCH2014_2,Sundaram and Sons,5999.0,Misc Retail,Private Limited,Ludhiana,Punjab,2024-01-27 00:00:00,XXXX5436,True,Active,4199.0,False,False,False,1276.92,True
3110,MCH2015,Gulati LLC,4814.0,Mobile Recharge,Private Limited,Jaipur,Rajasthan,2023-06-22 07:04:00,,False,Active,17945.28,False,False,False,1108.585,False
2338,MCH2016,"Amble, Yadav and Dube",5999.0,Misc Retail,Partnership,Kolkata,West Bengal,2025-03-18 00:00:00,XXXX3614,True,Inactive,10324.69,False,False,False,1276.92,False
1073,MCH2019,WALLA-RANGANATHAN,5999.0,Misc Retail,Partnership,Bengaluru,Karnataka,2024-05-22 00:00:00,,False,Active,1915.39,False,False,False,1276.92,False
5873,MCH2020_1,"Gole, Bera and Patla",5912.0,Pharmacy,Sole Proprietor,Bengaluru,Karnataka,2024-03-31 00:00:00,,False,Active,,True,False,False,1300.55,True
1791,MCH2020_2,Prabhu-Kar,5699.0,Apparel,Private Limited,Jalandhar,Punjab,2025-03-15 21:17:00,XXXX1985,True,Suspended,2649.5,False,True,False,1252.4299999999998,True
5446,MCH2021,Shenoy-Wable,5912.0,Pharmacy,Sole Proprietor,Delhi,Delhi,2025-06-05 00:00:00,BNOS2436378037599,True,Active,2287.51,False,False,False,1300.55,False
1081,MCH2022,Nagi-Gala,5999.0,Misc Retail,Individual,Chennai,Tamil Nadu,2024-04-08 00:00:00,,False,Active,3182.35,False,False,False,1276.92,False
1191,MCH2024,"Ram, Manda and Chopra",4131.0,Transportation,Sole Proprietor,Pune,Maharashtra,2025-07-24 00:00:00,,False,Active,,True,False,False,1225.12,False
2758,MCH2027,"Boase, Ghosh and Manda",5311.0,Department Store,Partnership,Chennai,Tamil Nadu,2023-12-16 00:00:00,XXXX6284,True,Active,1163.7,False,False,False,1356.755,False
2780,MCH2028_1,Dhingra PLC,4814.0,Mobile Recharge,Sole Proprietor,Pune,Maharashtra,2023-09-27 00:00:00,,False,Active,,True,False,False,1108.585,True
4813,MCH2028_2,"Sanghvi, Sibal and Vala",,Transportation,Individual,Mumbai,Maharashtra,2024-06-12 00:00:00,,False,Active,868.81,False,False,True,1225.12,True
4241,MCH2028_3,Viswanathan LLC,,Telecom,Individual,Pune,Maharashtra,2024-05-23 00:00:00,XXXX2833,True,Active,634.0,False,False,True,1213.17,True
2427,MCH2029,  Bhalla-Brahmbhatt  ,5999.0,Misc Retail,Sole Proprietor,Jalandhar,Punjab,2023-06-20 12:29:06,,False,Active,276.02,False,False,False,1276.92,False
2430,MCH2030,Singh-Banerjee,4131.0,Transportation,Individual,Ludhiana,Punjab,2023-02-25 00:00:00,,False,Active,3976.0,False,False,False,1225.12,False
1800,MCH2032,"  Doshi, Sur and Sarna  ",,Restaurant,Private Limited,Pune,Maharashtra,2023-07-15 00:00:00,,False,Active,771.07,False,False,True,1327.31,False
5849,MCH2033,"Munshi, Sundaram and Bhasin",5699.0,Apparel,Private Limited,Pune,Maharashtra,2025-09-30 00:00:00,XXXX3680,True,Active,294.83,False,False,False,1252.4299999999998,False
2475,MCH2035,HORA-GROVER,4131.0,Transportation,Sole Proprietor,Delhi,Delhi,2026-01-07 09:43:17,,False,Active,212.97,False,False,False,1225.12,False
4823,MCH2037_1,Kadakia LLC,,Grocery,Partnership,Delhi,Delhi,2024-10-13 00:00:00,ZTLJ8328872113925,True,Active,426.54,False,False,True,1233.545,True
6155,MCH2037_2,"Kaul, Peri and Viswanathan",5311.0,Department Store,Private Limited,Kolkata,West Bengal,2023-09-23 16:17:00,,False,Active,1457.35,False,False,False,1356.755,True
2762,MCH2038_1,DARA-SAMA,7011.0,Hotel,Individual,Hyderabad,Telangana,2023-08-20 00:00:00,1467343581,True,Active,801.94,False,False,False,1161.77,True
2883,MCH2038_2,Keer Inc,5311.0,Department Store,Partnership,Pune,Maharashtra,2025-07-06 19:52:00,,False,Inactive,,False,False,False,1356.755,True
3931,MCH2040_1,ATWAL-VARUGHESE,5311.0,Department Store,Individual,Bengaluru,Karnataka,2025-06-26 00:00:00,,False,Active,2009.33,False,False,False,1356.755,True
4903,MCH2040_2,"Balan, Sahota and Nagi",5699.0,Apparel,Sole Proprietor,Kolkata,West Bengal,,,False,Active,409.0,False,False,False,1252.4299999999998,True
2652,MCH2040_3,Goel-Dewan,,Misc Retail,Individual,Delhi,Delhi,2025-12-07 00:00:00,EFTH2141412119625,True,Active,320.83,False,False,True,1276.92,True
3185,MCH2041,"Sagar, Chakraborty and Kurian",4131.0,Travel,Sole Proprietor,Ludhiana,Punjab,2024-03-22 10:36:41,,False,Inactive,,False,False,False,1012.28,False
2324,MCH2042,"Rai, Das and Bava",5311.0,Retail,Partnership,Pune,Maharashtra,2023-12-17 00:00:00,ZYCY1593553139876,True,Active,1564.88,False,False,False,1126.42,False
2466,MCH2044,"Upadhyay, Kapoor and Nazareth",7011.0,Hotel,Individual,Lucknow,Uttar Pradesh,2023-01-02 00:58:55,3913922043,True,Active,368.05,False,False,False,1161.77,False
1693,MCH2045,Nadig-Bal,5699.0,Apparel,Private Limited,Pune,Maharashtra,2024-05-02 23:14:00,,False,Active,,True,False,False,1252.4299999999998,False
4060,MCH2046,Konda-Garde,5411.0,Grocery,Sole Proprietor,Lucknow,Uttar Pradesh,2026-01-28 00:00:00,,False,Active,1405.98,False,False,False,1233.545,False
3085,MCH2047_1,Ghose-Kannan,5942.0,Books & Stationery,Sole Proprietor,Lucknow,Uttar Pradesh,2025-05-24 00:00:00,,False,Active,1609.08,False,False,False,1167.225,True
3260,MCH2047_2,"KALITA, NAGARAJAN AND JOSHI",5999.0,Misc Retail,Individual,Pune,Maharashtra,2024-07-07 00:00:00,8653452097,True,Closed,341.63,False,False,False,1276.92,True
5011,MCH2051,  Deshpande PLC  ,5912.0,Pharmacy,Private Limited,Chennai,Tamil Nadu,2024-10-06 00:00:00,6948597427,True,Active,625.93,False,False,False,1300.55,False
5645,MCH2052,"Saraf, Maharaj and Kakar",5999.0,Misc Retail,Individual,Pune,Maharashtra,2025-01-30 00:00:00,XXXX8291,True,Active,3476.81,False,False,False,1276.92,False
4187,MCH2056,"  Kadakia, Nagi and Ramakrishnan  ",5699.0,Apparel,Sole Proprietor,Mumbai,Maharashtra,2023-02-23 00:00:00,XXXX6025,True,Active,2168.0,False,False,False,1252.4299999999998,False
6129,MCH2060,Grover-Dugar,,Hotel,Individual,Chennai,Tamil Nadu,2025-10-02 05:31:26,DZGT5983407724510,True,Active,540.0,False,False,True,1161.77,False
497,MCH2063,Bhavsar Gr0up,4131.0,Transportation,Private Limited,Chennai,Tamil Nadu,2025-10-10 15:34:00,,False,Active,2405.73,False,False,False,1225.12,False
4808,MCH2064,date and sons,5812.0,Restaurant,Private Limited,Delhi,Delhi,2025-08-05 00:00:00,,False,Active,1715.0,False,False,False,1327.31,False
4811,MCH2067_1,"Barad, Rai and Kapur",5411.0,Grocery,Private Limited,Jaipur,Rajasthan,2023-03-04 00:00:00,5177364796,True,Active,999.18,False,False,False,1233.545,True
5482,MCH2067_2,"Choudhry, Bhalla and Jaggi",5942.0,Books & Stationery,Individual,Jalandhar,Punjab,2023-03-11 00:00:00,,False,Closed,952.93,False,False,False,1167.225,True
2152,MCH2071,Dube-Kapadia,,Mobile Recharge,Sole Proprietor,Amritsar,Punjab,2024-08-19 04:07:47,5736154750,True,Active,1392.0,False,False,True,1108.585,False
135,MCH2074_1,D’Alia Inc,5699.0,Apparel,Partnership,Jaipur,Rajasthan,2025-10-22 19:54:55,VRCT7941741947399,True,Active,1616.2,False,False,False,1252.4299999999998,True
6046,MCH2074_2,"  Kaur, Minhas and Ramakrishnan  ",5411.0,Grocery,Sole Proprietor,Hyderabad,Telangana,2023-02-08 00:00:00,4592290564,True,Active,5123.0,False,False,False,1233.545,True
3321,MCH2075,"Dhar,DeoandRau",5912.0,Pharmacy,Individual,Delhi,Delhi,2024-09-01 00:59:41,0032289516,True,Active,1584.12,False,False,False,1300.55,False
4015,MCH2076,Chad Ltd,5942.0,Books & Stationery,Sole Proprietor,Jalandhar,Punjab,2024-03-07 02:08:00,7969775416,True,Active,579.16,False,False,False,1167.225,False
4588,MCH2077_1,KARA PLC,5812.0,Restaurant,Individual,Amritsar,Punjab,2025-11-15 02:48:00,XXXX1473,True,Active,239.1,False,False,False,1327.31,True
5551,MCH2077_2,Sahota Inc,5942.0,Books & Stationery,Partnership,Lucknow,Uttar Pradesh,2024-01-09 00:00:00,BSBT5352705836134,True,Active,2058.18,False,False,False,1167.225,True
719,MCH2078,Chada-Dubey,5311.0,Department Store,Individual,Bengaluru,Karnataka,2025-03-14 00:00:00,,False,Active,1915.85,False,False,False,1356.755,False
5085,MCH2081_1,Date PLC,5311.0,Department Store,Private Limited,Lucknow,Uttar Pradesh,2023-04-01 00:00:00,XXXX3660,True,Active,275.64,False,False,False,1356.755,True
565,MCH2081_2,Swaminathan and Sons,7011.0,Hotel,Individual,Jalandhar,Punjab,2026-02-24 00:00:00,,False,Active,515.0,False,False,False,1161.77,True
341,MCH2083,Patla-Basak,5912.0,Pharmacy,Individual,Kolkata,West Bengal,2024-08-10 01:26:00,,False,Suspended,556.93,False,True,False,1300.55,False
5363,MCH2084,"Murthy, Dutt and Bakshi",4131.0,Travel,Private Limited,Mumbai,Maharashtra,2024-04-03 00:00:00,,False,Active,659.75,False,False,False,1012.28,False
1036,MCH2085_1,Chacko-Zachariah,4131.0,Transportation,Sole Proprietor,Lucknow,Uttar Pradesh,,,False,Active,472.37,False,False,False,1225.12,True
4355,MCH2085_2,KALA-SHAH,4131.0,Transportation,Private Limited,Pune,Maharashtra,2024-07-22 00:00:00,XXXX7338,True,Active,3590.82,False,False,False,1225.12,True
148,MCH2085_3,Loke Inc,7011.0,Hotel,Individual,Hyderabad,Telangana,2023-12-05 00:00:00,CQUN5447672400868,True,Suspended,,False,True,False,1161.77,True
4682,MCH2085_4,"Varma, Dua and Bhattacharyya",,Books & Stationery,Partnership,Amritsar,Punjab,2023-11-29 15:20:07,,False,Active,,True,False,True,1167.225,True
2252,MCH2087,DUBEY-DOCTOR,5999.0,Misc Retail,Individual,Amritsar,Punjab,2025-04-17 00:00:00,0974736100,True,Active,4751.6,False,False,False,1276.92,False
2396,MCH2090,Upadhyay PLC,5812.0,Restaurant,Sole Proprietor,Delhi,Delhi,2026-01-05 04:15:56,KZDI9850791739312,True,Active,439.31,False,False,False,1327.31,False
3571,MCH2092,"Dubey, Tara and Thaker",4131.0,Transportation,Individual,Kolkata,West Bengal,2023-11-09 00:00:00,6682311847,True,Active,1262.97,False,False,False,1225.12,False
5840,MCH2093,Ghosh-Gaba,,Misc Retail,Sole Proprietor,Ludhiana,Punjab,2024-02-05 00:00:00,IJYU8161082317804,True,Active,2389.0,False,False,True,1276.92,False
3435,MCH2094,Ratti Ltd,5411.0,Grocery,Sole Proprietor,Bengaluru,Karnataka,,2357394958,True,Active,4897.48,False,False,False,1233.545,False
4760,MCH2096_1,GolePLC,5942.0,Books & Stationery,Individual,Delhi,Delhi,,3610900033,True,Inactive,6529.52,False,False,False,1167.225,True
3682,MCH2096_2,"Taneja, Basu and Bal",4814.0,Telecom,Private Limited,Pune,Maharashtra,2024-09-28 00:00:00,6426260442,True,Active,1660.3,False,False,False,1213.17,True
2735,MCH2098,Ranganathan-Chopra,4131.0,Transportation,Private Limited,Chennai,Tamil Nadu,2023-05-13 00:00:00,,False,Active,4538.04,False,False,False,1225.12,False
2455,MCH2099_1,  Atwal Group  ,,Apparel,Partnership,Mumbai,Maharashtra,2025-10-23 20:48:00,XXXX7789,True,Active,245.52,False,False,True,1252.4299999999998,True
178,MCH2099_2,"tara, date and thakur",4131.0,Transportation,Sole Proprietor,Chennai,Tamil Nadu,2023-06-28 00:00:00,BFBY2666613604973,True,Active,1054.15,False,False,False,1225.12,True
4294,MCH2100,"  Jani, Bobal and Singhal  ",7011.0,Hotel,Individual,Bengaluru,Karnataka,,,False,Active,1281.0,False,False,False,1161.77,False
1569,MCH2102,"Mand, Bobal and Saini",5812.0,Restaurant,Individual,Ludhiana,Punjab,2024-04-25 00:00:00,,False,Active,,True,False,False,1327.31,False
4213,MCH2104,Iyengar PLC,,Apparel,Private Limited,Lucknow,Uttar Pradesh,2025-03-20 13:20:17,,False,Suspended,1344.05,False,True,True,1252.4299999999998,False
5354,MCH2105_1,Nagar-Misra,5912.0,Pharmacy,Private Limited,Jaipur,Rajasthan,2024-03-17 02:55:14,DJMK6141720098442,True,Active,1101.76,False,False,False,1300.55,True
2125,MCH2105_2,"Savant, Chauhan and Kumer",5912.0,Pharmacy,Private Limited,Amritsar,Punjab,2024-09-28 00:00:00,,False,Active,,True,False,False,1300.55,True
5396,MCH2106,"  Doctor, Karnik and Sridhar  ",5999.0,Misc Retail,Partnership,Bengaluru,Karnataka,2023-08-16 00:00:00,XXXX6082,True,Inactive,871.69,False,False,False,1276.92,False
6167,MCH2107,"wali, srinivas and vyas",5912.0,Pharmacy,Private Limited,Chennai,Tamil Nadu,2023-08-29 00:00:00,KNZL1450578164711,True,Active,679.27,False,False,False,1300.55,False
686,MCH2108,  Sankar-Desai  ,5912.0,Pharmacy,Sole Proprietor,Ludhiana,Punjab,2023-10-30 00:00:00,9695114754,True,Suspended,1535.43,False,True,False,1300.55,False
1943,MCH2111,Dubey-Oommen,7011.0,Hotel,Individual,Ludhiana,Punjab,2023-07-26 08:03:00,,False,Active,5111.16,False,False,False,1161.77,False
1291,MCH2115_1,Kohli-Doshi,4131.0,Travel,Sole Proprietor,Chennai,Tamil Nadu,2024-05-24 11:16:59,XXXX7245,True,Active,8526.65,False,False,False,1012.28,True
835,MCH2115_2,Modi-Kari,5912.0,Pharmacy,Sole Proprietor,Delhi,Delhi,2023-04-10 10:56:00,XXXX4594,True,Active,1597.33,False,False,False,1300.55,True
5091,MCH2116,Chaudhari and Sons,5699.0,Apparel,Individual,Jaipur,Rajasthan,2023-09-02 00:00:00,XXXX7517,True,Active,947.14,False,False,False,1252.4299999999998,False
2309,MCH2117,Lal Group,,Hotel,Partnership,Jaipur,Rajasthan,2025-10-28 00:00:00,,False,Active,2615.21,False,False,True,1161.77,False
271,MCH2118_1,Jani-Subramaniam,5942.0,Books & Stationery,Partnership,Ludhiana,Punjab,2024-05-30 00:00:00,TOPO3167206929855,True,Active,1546.09,False,False,False,1167.225,True
5203,MCH2118_2,Kakar Group,5812.0,Restaurant,Sole Proprietor,Delhi,Delhi,2023-07-08 08:31:00,,False,Active,683.0,False,False,False,1327.31,True
3199,MCH2119,Kashyap Ltd,5699.0,Apparel,Individual,Chennai,Tamil Nadu,2023-07-23 08:53:50,QOGH2854636021780,True,Inactive,1155.58,False,False,False,1252.4299999999998,False
1441,MCH2120_1,  Vohra-Kashyap  ,4814.0,Telecom,Individual,Jaipur,Rajasthan,2023-02-23 03:10:46,5716928716,True,Active,2514.21,False,False,False,1213.17,True
810,MCH2120_2,"Yohannan, Patla and Parmer",7011.0,Hotel,Partnership,Delhi,Delhi,2024-01-01 00:00:00,XXXX7380,True,Active,,True,False,False,1161.77,True
5675,MCH2122,"Bava, Bal and Mittal",,Pharmacy,Individual,Pune,Maharashtra,2024-01-04 00:00:00,,False,Active,1119.03,False,False,True,1300.55,False
4312,MCH2123_1,Lala and Sons,5311.0,Department Store,Private Limited,Mumbai,Maharashtra,2025-03-01 05:53:00,,False,Active,13187.41,False,False,False,1356.755,True
5562,MCH2123_2,"Pandey, Swamy and Desai",5912.0,Pharmacy,Private Limited,Hyderabad,Telangana,2024-03-31 00:00:00,1343743370,True,Active,2367.0,False,False,False,1300.55,True
3960,MCH2124,"Chander, Kohli and Dube",4131.0,Transportation,Individual,Delhi,Delhi,2024-02-15 00:00:00,XXXX2531,True,Active,1551.09,False,False,False,1225.12,False
6144,MCH2126,Golla and Sons,5311.0,Department Store,Partnership,Hyderabad,Telangana,2024-04-15 00:00:00,VOOP9800619907319,True,Active,342.0,False,False,False,1356.755,False
2382,MCH2128,Ghosh-Sharaf,5812.0,Restaurant,Partnership,Amritsar,Punjab,2023-12-21 00:00:00,6688236722,True,Active,3157.17,False,False,False,1327.31,False
4798,MCH2129,Bhavsar-De,5912.0,Pharmacy,Sole Proprietor,Hyderabad,Telangana,,2500999511,True,Active,4898.0,False,False,False,1300.55,False
3767,MCH2131,Boase-Varghese,5699.0,Apparel,Sole Proprietor,Pune,Maharashtra,2025-03-29 00:00:00,,False,Active,2157.11,False,False,False,1252.4299999999998,False
1215,MCH2133,Bose-Saraf,5999.0,Misc Retail,Sole Proprietor,Mumbai,Maharashtra,2024-09-19 00:00:00,6035698626,True,Active,,True,False,False,1276.92,False
824,MCH2135,"Singh, Talwar and Sur",5411.0,Grocery,Private Limited,Jalandhar,Punjab,2025-01-15 00:00:00,,False,Suspended,704.34,False,True,False,1233.545,False
1131,MCH2137_1,DyalInc,4131.0,Transportation,Partnership,Amritsar,Punjab,2023-03-01 00:00:00,,False,Active,2285.47,False,False,False,1225.12,True
438,MCH2137_2,Saran and Sons,5699.0,Apparel,Private Limited,Delhi,Delhi,2023-11-10 00:00:00,,False,Active,2376.86,False,False,False,1252.4299999999998,True
5948,MCH2139,"Bali, Mahajan and Oza",5942.0,Books & Stationery,Sole Proprietor,Bengaluru,Karnataka,2023-02-12 00:00:00,XXXX2161,True,Active,512.11,False,False,False,1167.225,False
5990,MCH2142,"Banerjee, Ghose and Parekh",5942.0,Books & Stationery,Sole Proprietor,Delhi,Delhi,2024-08-23 00:00:00,VSPN0134800422309,True,Active,,True,False,False,1167.225,False
3133,MCH2144,Choudhary-Kashyap,5942.0,Books & Stationery,Partnership,Ludhiana,Punjab,2024-08-13 16:56:48,XXXX3571,True,Active,350.72,False,False,False,1167.225,False
4200,MCH2148,Dora Ltd,5912.0,Pharmacy,Private Limited,Amritsar,Punjab,2024-05-30 17:40:28,,False,Active,343.34,False,False,False,1300.55,False
4574,MCH2149_1,"DAS, ROY AND SRIDHAR",4131.0,Transportation,Individual,Jalandhar,Punjab,2024-05-16 00:00:00,,False,Active,,False,False,False,1225.12,True
2346,MCH2149_2,"Doctor, Varughese and Hans",5942.0,Books & Stationery,Individual,Bengaluru,Karnataka,2025-05-07 00:00:00,XXXX2634,True,Active,3778.33,False,False,False,1167.225,True
4694,MCH2152,"Choudhry, Chauhan and Dayal",5942.0,Books & Stationery,Private Limited,Pune,Maharashtra,2025-11-28 17:27:17,6428134605,True,Active,1507.67,False,False,False,1167.225,False
5902,MCH2153,"Dara, Vala and Venkatesh",5699.0,Apparel,Partnership,Chennai,Tamil Nadu,2023-06-21 00:00:00,,False,Active,,True,False,False,1252.4299999999998,False
4341,MCH2154_1,"Badal, Yadav and Mane",5999.0,Misc Retail,Sole Proprietor,Lucknow,Uttar Pradesh,2023-08-02 02:36:07,XXXX9820,True,Active,,True,False,False,1276.92,True
3407,MCH2154_2,"Chhabra, Walla and Ramakrishnan",5942.0,Books & Stationery,Sole Proprietor,Ludhiana,Punjab,2023-10-28 00:00:00,,False,Inactive,1662.0,False,False,False,1167.225,True
4108,MCH2155,Vig-Bobal,4814.0,Mobile Recharge,Private Limited,Delhi,Delhi,2023-05-03 00:00:00,XXXX5202,True,Active,8483.0,False,False,False,1108.585,False
3297,MCH2157_1,PARMER-SINHA,5912.0,Pharmacy,Partnership,Delhi,Delhi,2023-10-22 03:49:00,,False,Active,1536.42,False,False,False,1300.55,True
1732,MCH2157_2,"Ramaswamy, Sundaram and Sachdev",4131.0,Transportation,Individual,Hyderabad,Telangana,2023-05-25 00:00:00,,False,Active,1899.0,False,False,False,1225.12,True
2860,MCH2159,Sawhney LLC,5812.0,Restaurant,Sole Proprietor,Jalandhar,Punjab,2024-05-16 00:00:00,MGFR5989061568022,True,Active,1420.0,False,False,False,1327.31,False
323,MCH2165,  Venkataraman-Seshadri  ,5912.0,Pharmacy,Sole Proprietor,Pune,Maharashtra,2024-06-26 00:00:00,,False,Active,137.68,False,False,False,1300.55,False
5126,MCH2166,SANT-VENKATESH,5912.0,Pharmacy,Individual,Amritsar,Punjab,2024-09-20 00:00:00,9608426270,True,Active,789.14,False,False,False,1300.55,False
1890,MCH2169_1,"Munshi, Srinivas and Ramanathan",5942.0,Books & Stationery,Partnership,Chennai,Tamil Nadu,2024-09-07 00:00:00,,False,Active,351.61,False,False,False,1167.225,True
2452,MCH2169_2,"  Yogi, Bhakta and Suresh  ",5812.0,Restaurant,Private Limited,Hyderabad,Telangana,2023-04-25 08:08:00,XXXX3751,True,Active,5225.51,False,False,False,1327.31,True
5378,MCH2172_1,Pandey Group,5699.0,Apparel,Individual,Amritsar,Punjab,2023-10-03 00:00:00,,False,Closed,544.85,False,False,False,1252.4299999999998,True
2213,MCH2172_2,"taneja, raj and vora",7011.0,Hotel,Sole Proprietor,Hyderabad,Telangana,2025-06-15 03:11:00,,False,Active,466.45,False,False,False,1161.77,True
2248,MCH2174,"Sood, Chowdhury and Chacko",7011.0,Hotel,Private Limited,Delhi,Delhi,2024-03-13 00:00:00,8824000729,True,Inactive,1287.16,False,False,False,1161.77,False
4215,MCH2177_1,"Boase, Bajaj and Krish",5999.0,Misc Retail,Private Limited,Jalandhar,Punjab,2025-08-01 00:00:00,,False,Active,420.77,False,False,False,1276.92,True
4613,MCH2177_2,Ramakrishnan Inc,5411.0,Grocery,Individual,Jaipur,Rajasthan,2023-10-13 20:27:27,UGOR9246572099156,True,Active,1755.18,False,False,False,1233.545,True
4303,MCH2179_1,CHANDA-SURA,5699.0,Apparel,Private Limited,Jalandhar,Punjab,2026-01-07 00:00:00,XXXX4523,True,Active,1281.24,False,False,False,1252.4299999999998,True
4952,MCH2179_2,Prakash Inc,5411.0,Grocery,Partnership,Jalandhar,Punjab,2025-05-14 00:00:00,XBTI4209602657255,True,Active,5901.01,False,False,False,1233.545,True
2930,MCH2180,Chaudry-Sidhu,,Apparel,Private Limited,Pune,Maharashtra,,4033666419,True,Active,3354.42,False,False,True,1252.4299999999998,False
1442,MCH2183,Savant LLC,4131.0,Travel,Sole Proprietor,Delhi,Delhi,,XXXX8842,True,Active,,True,False,False,1012.28,False
5477,MCH2185,wagle inc,,Pharmacy,Private Limited,Pune,Maharashtra,,XXXX8242,True,Suspended,828.0,False,True,True,1300.55,False
1878,MCH2186,Venkatesh and Sons,5912.0,Pharmacy,Sole Proprietor,Lucknow,Uttar Pradesh,2025-11-23 00:00:00,,False,Active,661.82,False,False,False,1300.55,False
858,MCH2187,Balan and Sons,5999.0,Misc Retail,Sole Proprietor,Bengaluru,Karnataka,2024-10-22 00:00:00,,False,Active,1340.0,False,False,False,1276.92,False
5859,MCH2188,"Sundaram, Prakash and Sheth",5699.0,Apparel,Sole Proprietor,Hyderabad,Telangana,2025-02-11 20:29:00,,False,Active,,True,False,False,1252.4299999999998,False
3382,MCH2189,"  Mammen, Balakrishnan and Prakash  ",5311.0,Retail,Sole Proprietor,Jaipur,Rajasthan,2025-05-14 00:00:00,,False,Active,2363.97,False,False,False,1126.42,False
1264,MCH2191_1,"CHOUDHRY, RAI AND CHOKSHI",,Books & Stationery,Private Limited,Chennai,Tamil Nadu,2025-04-14 00:00:00,,False,Active,3020.11,False,False,True,1167.225,True
5093,MCH2191_2,"Raval, Halder and Brahmbhatt",5999.0,Misc Retail,Sole Proprietor,Bengaluru,Karnataka,2023-09-15 00:00:00,,False,Active,2745.45,False,False,False,1276.92,True
3551,MCH2196,Badal-Ghosh,4131.0,Transportation,Individual,Delhi,Delhi,2024-04-07 00:00:00,XXXX7232,True,Active,188.84,False,False,False,1225.12,False
2081,MCH2197,Palan-Bhatti,5311.0,Department Store,Partnership,Delhi,Delhi,,YPNI1403413664050,True,Active,2800.25,False,False,False,1356.755,False
334,MCH2198,"Arya, Dalal and Keer",5812.0,Restaurant,Private Limited,Jaipur,Rajasthan,2023-09-08 16:05:16,,False,Active,2776.31,False,False,False,1327.31,False
3258,MCH2199,Subramanian Inc,5311.0,Department Store,Private Limited,Bengaluru,Karnataka,2024-01-14 00:00:00,,False,Suspended,369.25,False,True,False,1356.755,False
3372,MCH2200,Choudhry-Vig,4814.0,Telecom,Private Limited,Jaipur,Rajasthan,2023-04-21 06:16:00,JBNG6240536039384,True,Active,207.14,False,False,False,1213.17,False
5881,MCH2201_1,"Chandra, Sen and Ray",5812.0,Restaurant,Private Limited,Bengaluru,Karnataka,2025-11-17 00:00:00,XXXX8373,True,Active,,True,False,False,1327.31,True
870,MCH2201_2,"DATE, MUNI AND DASGUPTA",5999.0,Misc Retail,Individual,Kolkata,West Bengal,2023-07-12 00:00:00,EYWQ3550445400883,True,Active,238.32,False,False,False,1276.92,True
2050,MCH2202,"dass, vala and goda",5912.0,Pharmacy,Private Limited,Hyderabad,Telangana,2023-06-19 00:00:00,EGTB4563622891580,True,Inactive,,True,False,False,1300.55,False
5522,MCH2203,"DAR, KHURANA AND VASA",5812.0,Restaurant,Sole Proprietor,Jaipur,Rajasthan,2024-05-07 09:28:00,,False,Active,14312.42,False,False,False,1327.31,False
628,MCH2205_1,Mannan and Sons,5999.0,Misc Retail,Sole Proprietor,Ludhiana,Punjab,2023-07-23 00:00:00,XXXX7174,True,Inactive,490.97,False,False,False,1276.92,True
2485,MCH2205_2,narayan plc,4131.0,Transportation,Partnership,Hyderabad,Telangana,2023-03-16 14:24:12,,False,Active,2136.03,False,False,False,1225.12,True
1298,MCH2205_3,Parmer-Lad,5311.0,Department Store,Individual,Delhi,Delhi,2023-07-01 18:11:38,QDLE8658067283923,True,Active,986.0,False,False,False,1356.755,True
5133,MCH2211,KRISHNAN-SIBAL,5942.0,Books & Stationery,Individual,Bengaluru,Karnataka,2023-05-28 18:32:06,,False,Active,1189.37,False,False,False,1167.225,False
1061,MCH2212,Parmar Group,,Transportation,Private Limited,Jalandhar,Punjab,2025-01-02 07:40:00,,False,Active,4432.56,False,False,True,1225.12,False
757,MCH2213,"Dash,SoniandPalla",7011.0,Hotel,Individual,Kolkata,West Bengal,2023-04-30 00:00:00,,False,Active,4392.08,False,False,False,1161.77,False
1513,MCH2214,Varkey-Seshadri,4131.0,Transportation,Partnership,Delhi,Delhi,2024-12-18 00:00:00,9016212995,True,Active,,True,False,False,1225.12,False
3111,MCH2215,Maharaj-Kale,7011.0,Hotel,Individual,Kolkata,West Bengal,2024-08-03 00:00:00,,False,Active,3526.35,False,False,False,1161.77,False
262,MCH2217,"Rai, Bala and Shenoy",5411.0,Grocery,Individual,Mumbai,Maharashtra,2023-08-15 00:00:00,2506258510,True,Active,728.77,False,False,False,1233.545,False
930,MCH2218,"Upadhyay, Sharma and Kothari",7011.0,Hotel,Partnership,Lucknow,Uttar Pradesh,2024-04-23 18:51:00,VZAG9844318169851,True,Active,,True,False,False,1161.77,False
5130,MCH2220,Tailor and Sons,5311.0,Department Store,Sole Proprietor,Mumbai,Maharashtra,2025-06-23 20:54:27,,False,Active,940.64,False,False,False,1356.755,False
2737,MCH2222,"Mani, Ravel and Agrawal",,Apparel,Sole Proprietor,Lucknow,Uttar Pradesh,2023-10-01 00:00:00,,False,Active,815.84,False,False,True,1252.4299999999998,False
5855,MCH2223_1,  Dhaliwal LLC  ,4814.0,Mobile Recharge,Individual,Mumbai,Maharashtra,2024-07-14 16:20:52,XXXX3669,True,Active,543.88,False,False,False,1108.585,True
5509,MCH2223_2,"Magar, Krishnamurthy and Maharaj",5942.0,Books & Stationery,Private Limited,Delhi,Delhi,,3527789859,True,Active,1565.53,False,False,False,1167.225,True
5187,MCH2224_1,luthra-nagy,,Books & Stationery,Individual,Jaipur,Rajasthan,2025-10-23 00:00:00,HRLX9724386565153,True,Inactive,890.7,False,False,True,1167.225,True
5950,MCH2224_2,Nadig-Varma,5812.0,Restaurant,Private Limited,Chennai,Tamil Nadu,2025-10-29 00:00:00,,False,Active,2261.0,False,False,False,1327.31,True
2345,MCH2229_1,"Kala, Baral and Subramanian",5311.0,Department Store,Private Limited,Mumbai,Maharashtra,2025-12-21 00:00:00,,False,Active,577.0,False,False,False,1356.755,True
1681,MCH2229_2,  Maharaj Group  ,5999.0,Misc Retail,Private Limited,Hyderabad,Telangana,2025-12-12 00:00:00,,False,Active,289.57,False,False,False,1276.92,True
5374,MCH2231,"Goyal, Balakrishnan and Patla",7011.0,Hotel,Private Limited,Bengaluru,Karnataka,2024-11-10 09:09:32,,False,Inactive,1360.71,False,False,False,1161.77,False
5189,MCH2232_1,Borde-Sule,5311.0,Department Store,Partnership,Hyderabad,Telangana,2025-02-24 00:00:00,9040784909,True,Active,642.26,False,False,False,1356.755,True
5290,MCH2232_2,Saha PLC,7011.0,Hotel,Partnership,Delhi,Delhi,2023-09-28 00:00:00,8260481168,True,Inactive,1033.0,False,False,False,1161.77,True
544,MCH2236,Yohannan-Chada,5311.0,Department Store,Private Limited,Kolkata,West Bengal,2023-01-24 08:58:43,3926948531,True,Inactive,5340.64,False,False,False,1356.755,False
3548,MCH2237,Chatterjee-Din,4814.0,Telecom,Sole Proprietor,Lucknow,Uttar Pradesh,2023-01-23 00:00:00,4350832934,True,Active,,False,False,False,1213.17,False
2605,MCH2238,Chakrabarti-Lata,5699.0,Apparel,Individual,Amritsar,Punjab,2024-10-19 10:57:01,0636957365,True,Active,1650.0,False,False,False,1252.4299999999998,False
5505,MCH2240,"Shenoy, Tara and Kala",5912.0,Pharmacy,Partnership,Chennai,Tamil Nadu,2023-03-25 00:00:00,,False,Active,1500.77,False,False,False,1300.55,False
2989,MCH2241,Patla-Prabhakar,5942.0,Books & Stationery,Partnership,Kolkata,West Bengal,2026-01-15 00:00:00,,False,Active,868.0,False,False,False,1167.225,False
4086,MCH2244,Master PLC,5912.0,Pharmacy,Private Limited,Jalandhar,Punjab,2024-10-06 01:44:00,,False,Closed,2383.0,False,False,False,1300.55,False
5845,MCH2248,  Mutti-Manne  ,5812.0,Restaurant,Partnership,Ludhiana,Punjab,2023-11-22 00:00:00,,False,Inactive,1021.0,False,False,False,1327.31,False
102,MCH2249_1,Bahri-Nagarajan,7011.0,Hotel,Sole Proprietor,Ludhiana,Punjab,2024-11-17 00:00:00,0364290572,True,Active,590.8,False,False,False,1161.77,True
4580,MCH2249_2,Konda Ltd,5411.0,Grocery,Private Limited,Kolkata,West Bengal,2023-10-28 17:22:02,IPUT2600707533349,True,Active,1258.0,False,False,False,1233.545,True
797,MCH2249_3,"Rout, Thaker and Pal",,Department Store,Partnership,Mumbai,Maharashtra,2023-06-15 00:00:00,XXXX2277,True,Active,1367.02,False,False,True,1356.755,True
1252,MCH2250_1,  Borra and Sons  ,5942.0,Books & Stationery,Individual,Hyderabad,Telangana,2024-07-18 18:37:00,XXXX4935,True,Active,,False,False,False,1167.225,True
976,MCH2250_2,"Sachdev, Ma1h0tra and Saraf",4131.0,Transportation,Individual,Ludhiana,Punjab,2023-12-17 00:00:00,XXXX4502,True,Closed,4090.25,False,False,False,1225.12,True
53,MCH2255,  Lal Ltd  ,5311.0,Department Store,Individual,Jaipur,Rajasthan,2023-05-29 00:00:00,6674150314,True,Active,1404.67,False,False,False,1356.755,False
5150,MCH2257,Mandal-Sankaran,5311.0,Department Store,Individual,Mumbai,Maharashtra,2024-04-18 23:11:42,,False,Active,4831.04,False,False,False,1356.755,False
5995,MCH2258,Walia Group,5311.0,Department Store,Sole Proprietor,Jalandhar,Punjab,2025-10-14 00:00:00,XXXX1416,True,Active,1902.49,False,False,False,1356.755,False
3948,MCH2261,Gr0ver Inc,5812.0,Restaurant,Sole Proprietor,Mumbai,Maharashtra,2025-11-25 01:19:55,,False,Active,1519.0,False,False,False,1327.31,False
5722,MCH2263,Puri-D’Alia,5311.0,Department Store,Private Limited,Amritsar,Punjab,2024-08-29 00:00:00,CMUQ0128896673333,True,Active,2781.79,False,False,False,1356.755,False
2194,MCH2264_1,Sandal-Nadig,5912.0,Pharmacy,Individual,Kolkata,West Bengal,2024-04-27 17:24:48,,False,Active,1380.0,False,False,False,1300.55,True
1016,MCH2264_2,"Sule, Sarma and Sur",5311.0,Retail,Individual,Delhi,Delhi,2025-10-21 00:00:00,HGHS4575612385959,True,Suspended,4017.0,False,True,False,1126.42,True
860,MCH2265,"Bail, Gopal and Khare",,Pharmacy,Partnership,Lucknow,Uttar Pradesh,2024-08-04 00:00:00,VZCP3787385327453,True,Inactive,,True,False,True,1300.55,False
2511,MCH2266,Natarajan and Sons,5912.0,Pharmacy,Individual,Chennai,Tamil Nadu,2025-04-17 01:53:35,NABB6271790214696,True,Active,447.78,False,False,False,1300.55,False
5253,MCH2267,Bobal and Sons,7011.0,Hotel,Partnership,Delhi,Delhi,2023-01-03 00:00:00,NKYD4958921832559,True,Active,2114.71,False,False,False,1161.77,False
4616,MCH2268,"  Verma, Aurora and De  ",5999.0,Misc Retail,Private Limited,Jalandhar,Punjab,,NBDA6083922141930,True,Active,995.42,False,False,False,1276.92,False
2278,MCH2269,"dalal, samra and kala",7011.0,Hotel,Sole Proprietor,Pune,Maharashtra,2025-10-08 00:00:00,,False,Active,,True,False,False,1161.77,False
2028,MCH2274_1,D’Alia Group,4131.0,Transportation,Sole Proprietor,Ludhiana,Punjab,2024-04-26 00:00:00,VFBL8074058900545,True,Suspended,,False,True,False,1225.12,True
1277,MCH2274_2,kade-wadhwa,5699.0,Apparel,Partnership,Delhi,Delhi,,,False,Active,,False,False,False,1252.4299999999998,True
5267,MCH2274_3,"KUNDA, VIG AND PARSA",5999.0,Misc Retail,Sole Proprietor,Mumbai,Maharashtra,2023-06-06 04:13:00,XXXX2871,True,Active,3028.0,False,False,False,1276.92,True
4139,MCH2278,"Mohanty, Bobal and Minhas",7011.0,Hotel,Sole Proprietor,Pune,Maharashtra,2023-08-25 22:07:00,2573696997,True,Active,4540.82,False,False,False,1161.77,False
6165,MCH2279,Sarma Inc,5912.0,Pharmacy,Private Limited,Mumbai,Maharashtra,2024-07-29 00:00:00,CIPY5229888115398,True,Active,2197.82,False,False,False,1300.55,False
2661,MCH2282,mall group,,Retail,Partnership,Jalandhar,Punjab,2024-02-08 23:31:25,0935990033,True,Active,654.0,False,False,True,1126.42,False
5239,MCH2283,"Dhawan, Pa11a and Krishnan",7011.0,Hotel,Partnership,Hyderabad,Telangana,,2734680306,True,Active,954.74,False,False,False,1161.77,False
1472,MCH2284_1,Nayak Group,5699.0,Apparel,Private Limited,Mumbai,Maharashtra,2025-10-01 04:44:36,XXXX8146,True,Suspended,998.2,False,True,False,1252.4299999999998,True
4838,MCH2284_2,Wadhwa-Karpe,,Travel,Sole Proprietor,Lucknow,Uttar Pradesh,,,False,Inactive,2337.52,False,False,True,1012.28,True
1852,MCH2287,Baral Inc,5912.0,Pharmacy,Individual,Delhi,Delhi,2025-06-11 00:00:00,,False,Active,920.82,False,False,False,1300.55,False
3807,MCH2289_1,Sinha-Purohit,5699.0,Apparel,Sole Proprietor,Lucknow,Uttar Pradesh,,4542627557,True,Suspended,2284.55,False,True,False,1252.4299999999998,True
3364,MCH2289_2,Tank-Datta,5812.0,Restaurant,Private Limited,Hyderabad,Telangana,2025-10-26 00:00:00,2288122436,True,Active,372.03,False,False,False,1327.31,True
3690,MCH2293,"pandit, bhavsar and barman",4814.0,Telecom,Private Limited,Pune,Maharashtra,2023-03-20 00:50:23,,False,Active,792.61,False,False,False,1213.17,False
4604,MCH2296,Buch Ltd,4131.0,Transportation,Partnership,Ludhiana,Punjab,2023-06-19 12:35:26,XXXX9780,True,Active,8012.35,False,False,False,1225.12,False
6151,MCH2297,Mutti and Sons,5942.0,Books & Stationery,Partnership,Ludhiana,Punjab,2026-01-15 05:18:27,,False,Active,1134.74,False,False,False,1167.225,False
1893,MCH2299,Ahluwalia Inc,4131.0,Travel,Partnership,Ludhiana,Punjab,2024-02-12 23:31:00,,False,Active,2936.54,False,False,False,1012.28,False
4028,MCH2302,"Sekhon, Tak and Dhingra",5942.0,Books & Stationery,Sole Proprietor,Amritsar,Punjab,2023-11-11 00:00:00,8509370195,True,Active,852.28,False,False,False,1167.225,False
5694,MCH2306,GOSWAMI INC,7011.0,Hotel,Sole Proprietor,Bengaluru,Karnataka,,4771057298,True,Active,1562.95,False,False,False,1161.77,False
3086,MCH2308,Bhattacharyya LLC,5311.0,Department Store,Sole Proprietor,Jalandhar,Punjab,2023-10-14 00:00:00,,False,Inactive,4753.89,False,False,False,1356.755,False
2334,MCH2309_1,"bajaj, chakraborty and malhotra",5311.0,Department Store,Individual,Amritsar,Punjab,2026-01-24 07:59:49,RUZB5463334435942,True,Active,355.13,False,False,False,1356.755,True
1686,MCH2309_2,TripathiPLC,,Grocery,Individual,Jaipur,Rajasthan,2025-12-22 22:12:34,5026901266,True,Active,869.28,False,False,True,1233.545,True
1793,MCH2310_1,Char-Singhal,5942.0,Books & Stationery,Individual,Jaipur,Rajasthan,2025-09-08 00:00:00,,False,Active,,True,False,False,1167.225,True
2066,MCH2310_2,Raj Ltd,5411.0,Grocery,Partnership,Jaipur,Rajasthan,2026-02-13 22:28:00,,False,Inactive,681.98,False,False,False,1233.545,True
1065,MCH2313,gulati llc,5999.0,Misc Retail,Private Limited,Kolkata,West Bengal,2024-06-09 00:00:00,PWIA0473863869043,True,Closed,,True,False,False,1276.92,False
4524,MCH2314,"  Tank, Bera and Dash  ",,Restaurant,Sole Proprietor,Kolkata,West Bengal,2023-01-02 01:03:00,,False,Active,2905.93,False,False,True,1327.31,False
727,MCH2327_1,"Ganguly, Grover and Mutti",5999.0,Misc Retail,Sole Proprietor,Jaipur,Rajasthan,2025-01-24 00:00:00,XXXX8996,True,Suspended,12565.25,False,True,False,1276.92,True
3190,MCH2327_2,KIBE-CHAR,5812.0,Restaurant,Partnership,Hyderabad,Telangana,2025-10-09 00:00:00,XXXX0303,True,Active,848.32,False,False,False,1327.31,True
814,MCH2332,Toor Inc,7011.0,Hotel,Individual,Ludhiana,Punjab,2023-04-20 08:12:00,PKCI7470482397105,True,Active,,True,False,False,1161.77,False
4978,MCH2335,GaneshLtd,5999.0,Misc Retail,Private Limited,Pune,Maharashtra,2025-03-03 00:00:00,,False,Active,,False,False,False,1276.92,False
2824,MCH2336,Narasimhan Inc,,Grocery,Sole Proprietor,Jalandhar,Punjab,2025-06-18 00:00:00,,False,Inactive,791.05,False,False,True,1233.545,False
6029,MCH2344,"Purohit, Rege and Patil",,Apparel,Private Limited,Jaipur,Rajasthan,,,False,Active,,False,False,True,1252.4299999999998,False
4272,MCH2345,"Kibe, Verma and Koshy",4814.0,Mobile Recharge,Individual,Bengaluru,Karnataka,2024-06-28 00:00:00,2126684184,True,Active,808.61,False,False,False,1108.585,False
1030,MCH2346,Palla-Mannan,5699.0,Apparel,Partnership,Chennai,Tamil Nadu,2025-04-29 00:00:00,XXXX3607,True,Active,468.76,False,False,False,1252.4299999999998,False
3291,MCH2347,"  Dara, Ravel and Soni  ",5912.0,Pharmacy,Sole Proprietor,Amritsar,Punjab,2023-12-09 00:00:00,LYBJ8156884625938,True,Active,3169.93,False,False,False,1300.55,False
2783,MCH2350_1,"Gill, Sura and Doshi",5812.0,Restaurant,Individual,Pune,Maharashtra,2026-02-19 21:03:12,,False,Active,668.0,False,False,False,1327.31,True
1206,MCH2350_2,Tata-Palla,5699.0,Apparel,Private Limited,Jaipur,Rajasthan,2025-01-29 00:00:00,,False,Active,1391.95,False,False,False,1252.4299999999998,True
4686,MCH2353,sood-vasa,5411.0,Grocery,Sole Proprietor,Mumbai,Maharashtra,2026-01-24 05:19:00,,False,Active,2728.11,False,False,False,1233.545,False
4470,MCH2354,"TOOR, NAGI AND DARA",5912.0,Pharmacy,Sole Proprietor,Pune,Maharashtra,2024-04-12 23:57:41,AIXG4946165098881,True,Active,1954.79,False,False,False,1300.55,False
5048,MCH2356_1,Baria PLC,,Pharmacy,Individual,Ludhiana,Punjab,2024-04-02 11:05:22,,False,Active,2672.62,False,False,True,1300.55,True
2010,MCH2356_2,"Vyas, Chhabra and Kala",,Hotel,Private Limited,Chennai,Tamil Nadu,2024-08-07 00:00:00,,False,Active,2064.97,False,False,True,1161.77,True
637,MCH2357,SHAN LTD,5999.0,Misc Retail,Individual,Jalandhar,Punjab,2025-06-16 00:00:00,XXXX8144,True,Active,945.26,False,False,False,1276.92,False
2446,MCH2360,Bhakta-Nazareth,5942.0,Books & Stationery,Private Limited,Jaipur,Rajasthan,2024-06-21 00:00:00,,False,Inactive,755.69,False,False,False,1167.225,False
4890,MCH2368,Chadha-Barman,5912.0,Pharmacy,Individual,Jalandhar,Punjab,2025-11-27 00:00:00,7857705450,True,Suspended,3326.29,False,True,False,1300.55,False
1944,MCH2370,Mutti-Sarma,5699.0,Apparel,Individual,Delhi,Delhi,2024-08-03 00:00:00,,False,Active,6053.56,False,False,False,1252.4299999999998,False
3853,MCH2376,"Lata, Krishnamurthy and Lal",5311.0,Retail,Partnership,Jalandhar,Punjab,2025-12-05 00:00:00,,False,Active,113.0,False,False,False,1126.42,False
4665,MCH2378,"Rau, Pradhan and Bansa1",5411.0,Grocery,Individual,Lucknow,Uttar Pradesh,2024-02-09 01:00:15,8007526864,True,Active,6158.0,False,False,False,1233.545,False
655,MCH2382,Parsa-Mandal,4814.0,Telecom,Individual,Jalandhar,Punjab,2026-01-30 05:50:43,,False,Suspended,16892.62,False,True,False,1213.17,False
1286,MCH2383,Dewan-Misra,4814.0,Mobile Recharge,Sole Proprietor,Ludhiana,Punjab,2023-09-05 17:41:00,,False,Active,923.06,False,False,False,1108.585,False
347,MCH2384_1,"ATWAL, SAWHNEY AND MAGAR",5999.0,Misc Retail,Sole Proprietor,Lucknow,Uttar Pradesh,2023-01-20 23:37:00,,False,Active,638.0,False,False,False,1276.92,True
937,MCH2384_2,Dugar-Sathe,,Telecom,Partnership,Ludhiana,Punjab,2023-10-01 00:00:00,9586840707,True,Active,7203.05,False,False,True,1213.17,True
1147,MCH2384_3,Sarkar-Aur0ra,5912.0,Pharmacy,Sole Proprietor,Jaipur,Rajasthan,2025-01-22 04:54:23,,False,Active,4909.55,False,False,False,1300.55,True
3666,MCH2384_4,"Savant, Kant and Chokshi",5699.0,Apparel,Partnership,Chennai,Tamil Nadu,2024-02-05 00:00:00,,False,Suspended,1196.0,False,True,False,1252.4299999999998,True
4977,MCH2387,Dar-Dass,5912.0,Pharmacy,Partnership,Lucknow,Uttar Pradesh,,,False,Active,1022.15,False,False,False,1300.55,False
4065,MCH2390,Bandi-Sidhu,5311.0,Retail,Sole Proprietor,Jaipur,Rajasthan,,XXXX9688,True,Active,1091.1,False,False,False,1126.42,False
6096,MCH2392,Shetty and Sons,,Grocery,Individual,Amritsar,Punjab,2025-12-18 00:00:00,XXXX1862,True,Active,655.01,False,False,True,1233.545,False
2129,MCH2394,RAJAGOPALAN LLC,5812.0,Restaurant,Partnership,Kolkata,West Bengal,,XXXX3997,True,Active,2001.35,False,False,False,1327.31,False
4425,MCH2395_1,Dara-Natarajan,5999.0,Misc Retail,Private Limited,Jalandhar,Punjab,,7691266983,True,Active,,True,False,False,1276.92,True
1349,MCH2395_2,Sathe-Dixit,4131.0,Transportation,Private Limited,Chennai,Tamil Nadu,2023-12-24 00:00:00,,False,Active,941.52,False,False,False,1225.12,True
5235,MCH2398_1,Kapur-Dani,5311.0,Department Store,Individual,Chennai,Tamil Nadu,2023-09-15 16:58:35,IWCQ2998069556193,True,Active,711.05,False,False,False,1356.755,True
6181,MCH2398_2,"Nagarajan, Radhakrishnan and Amble",5311.0,Department Store,Individual,Kolkata,West Bengal,2023-08-10 00:00:00,UTUF0431950842048,True,Active,3317.39,False,False,False,1356.755,True
4438,MCH2402,  Dhillon Group  ,5912.0,Pharmacy,Individual,Mumbai,Maharashtra,2024-02-12 07:15:12,IEQW6694363532348,True,Active,1477.89,False,False,False,1300.55,False
3290,MCH2403,Chana-Yohannan,5411.0,Grocery,Partnership,Kolkata,West Bengal,2025-07-28 00:00:00,,False,Active,574.13,False,False,False,1233.545,False
3633,MCH2404,  Mutti-Seshadri  ,5411.0,Grocery,Individual,Ludhiana,Punjab,2026-01-13 07:54:00,,False,Active,233.4,False,False,False,1233.545,False
2638,MCH2407,CHAUDHRY PLC,,Pharmacy,Private Limited,Pune,Maharashtra,,4475713369,True,Active,5215.07,False,False,True,1300.55,False
184,MCH2408,"Kumar, Din and Sule",5999.0,Misc Retail,Sole Proprietor,Bengaluru,Karnataka,,,False,Active,,True,False,False,1276.92,False
1826,MCH2411,SARAF-GOLA,4131.0,Transportation,Individual,Jaipur,Rajasthan,2023-02-09 06:15:13,,False,Active,2300.71,False,False,False,1225.12,False
168,MCH2412,Nadig Inc,5942.0,Books & Stationery,Individual,Hyderabad,Telangana,2024-12-08 07:03:51,XXXX9581,True,Active,144.12,False,False,False,1167.225,False
5275,MCH2416,"Gokhale, Dua and Murty",5411.0,Grocery,Sole Proprietor,Delhi,Delhi,2024-09-15 00:00:00,0489469400,True,Active,4341.41,False,False,False,1233.545,False
1854,MCH2417,"Reddy, Patel and Manda",5912.0,Pharmacy,Individual,Bengaluru,Karnataka,2025-03-13 00:00:00,XXXX5551,True,Active,1553.29,False,False,False,1300.55,False
5839,MCH2418_1,Dasgupta-Dhingra,4131.0,Transportation,Individual,Mumbai,Maharashtra,2023-01-26 00:00:00,YNNK7976103050442,True,Inactive,665.99,False,False,False,1225.12,True
5489,MCH2418_2,  Doctor Group  ,4131.0,Transportation,Sole Proprietor,Bengaluru,Karnataka,2023-03-25 11:18:00,8132788390,True,Active,523.42,False,False,False,1225.12,True
5340,MCH2418_3,Majumdar-Hegde,5411.0,Grocery,Partnership,Pune,Maharashtra,2023-09-06 13:09:00,,False,Active,,True,False,False,1233.545,True
5606,MCH2418_4,mangal-krishnamurthy,5942.0,Books & Stationery,Individual,Delhi,Delhi,2024-07-21 00:00:00,,False,Active,436.58,False,False,False,1167.225,True
3693,MCH2419,Suri Ltd,5999.0,Misc Retail,Individual,Mumbai,Maharashtra,2024-02-05 00:00:00,2248391109,True,Active,,True,False,False,1276.92,False
4738,MCH2421,Chanda PLC,4131.0,Transportation,Partnership,Lucknow,Uttar Pradesh,2023-11-10 20:31:00,VAVC3668026777539,True,Active,146.0,False,False,False,1225.12,False
4674,MCH2422,SAMPATH-BALASUBRAMANIAN,,Mobile Recharge,Private Limited,Bengaluru,Karnataka,2025-06-25 00:00:00,7967511719,True,Active,2352.58,False,False,True,1108.585,False
1520,MCH2423_1,"lad, kibe and bora",7011.0,Hotel,Individual,Pune,Maharashtra,2023-10-25 07:48:35,,False,Closed,2425.0,False,False,False,1161.77,True
4828,MCH2423_2,Ratti-Gupta,4131.0,Travel,Private Limited,Hyderabad,Telangana,2023-09-02 07:16:00,8487553058,True,Active,1549.78,False,False,False,1012.28,True
4283,MCH2424_1,Kari-Morar,5999.0,Misc Retail,Sole Proprietor,Mumbai,Maharashtra,,7720169821,True,Active,763.93,False,False,False,1276.92,True
2585,MCH2424_2,PATIL LTD,5912.0,Pharmacy,Partnership,Chennai,Tamil Nadu,2023-08-10 14:00:00,,False,Active,737.41,False,False,False,1300.55,True
2332,MCH2425,SURI-KURIAN,5411.0,Grocery,Partnership,Ludhiana,Punjab,2023-06-06 04:11:03,,False,Active,1800.35,False,False,False,1233.545,False
5671,MCH2428,Suresh-Varma,4814.0,Telecom,Private Limited,Hyderabad,Telangana,2024-05-31 00:00:00,XXXX3635,True,Active,949.0,False,False,False,1213.17,False
5467,MCH2430_1,Balay-Golla,5999.0,Misc Retail,Sole Proprietor,Jalandhar,Punjab,2023-01-17 13:33:08,0079601658,True,Closed,,True,False,False,1276.92,True
9,MCH2430_2,Bora Group,4814.0,Telecom,Individual,Amritsar,Punjab,2026-01-27 15:52:53,2955352677,True,Active,827.43,False,False,False,1213.17,True
86,MCH2432,Parmar-Parmer,4131.0,Transportation,Individual,Kolkata,West Bengal,,,False,Active,2557.63,False,False,False,1225.12,False
459,MCH2435_1,"BADAL, CHADA AND NARANG",5699.0,Apparel,Private Limited,Ludhiana,Punjab,,0219895854,True,Active,2576.23,False,False,False,1252.4299999999998,True
1521,MCH2435_2,"Devi, Baral and Chander",5942.0,Books & Stationery,Sole Proprietor,Mumbai,Maharashtra,,5760758509,True,Active,717.95,False,False,False,1167.225,True
3661,MCH2436_1,"Bhagat, Amble and Dixit",4131.0,Transportation,Individual,Lucknow,Uttar Pradesh,2024-07-27 10:21:56,XXXX8612,True,Active,2085.74,False,False,False,1225.12,True
2145,MCH2436_2,SHETTY-GOUR,5999.0,Misc Retail,Individual,Hyderabad,Telangana,2024-06-30 03:59:33,,False,Active,2453.33,False,False,False,1276.92,True
3027,MCH2438,Saxena-Sagar,5999.0,Misc Retail,Sole Proprietor,Amritsar,Punjab,2025-06-21 03:10:13,TOND5392493573658,True,Active,1010.25,False,False,False,1276.92,False
2742,MCH2440,Hans-Master,7011.0,Hotel,Sole Proprietor,Ludhiana,Punjab,2023-02-15 11:47:00,IUZN5055483856054,True,Active,1395.0,False,False,False,1161.77,False
5569,MCH2441,bhatnagar plc,4814.0,Mobile Recharge,Individual,Jaipur,Rajasthan,2024-04-05 23:00:00,4907126528,True,Active,1789.0,False,False,False,1108.585,False
1991,MCH2442,Gole PLC,5812.0,Restaurant,Partnership,Mumbai,Maharashtra,2024-08-28 00:00:00,7767111670,True,Active,625.13,False,False,False,1327.31,False
3804,MCH2444_1,Barman-Prakash,5999.0,Misc Retail,Individual,Chennai,Tamil Nadu,,,False,Active,,False,False,False,1276.92,True
5325,MCH2444_2,"Sachar, Das and Deo",4131.0,Transportation,Sole Proprietor,Jalandhar,Punjab,2025-05-12 00:00:00,,False,Active,563.27,False,False,False,1225.12,True
1903,MCH2445_1,  Khare-Sane  ,,Misc Retail,Sole Proprietor,Jaipur,Rajasthan,2023-12-05 19:25:57,3925528828,True,Active,6063.97,False,False,True,1276.92,True
5755,MCH2445_2,"Vohra, Gill and Saini",5311.0,Department Store,Individual,Jaipur,Rajasthan,2025-05-01 00:00:00,XXXX4477,True,Inactive,887.98,False,False,False,1356.755,True
2568,MCH2447,anand llc,4131.0,Transportation,Sole Proprietor,Jaipur,Rajasthan,,,False,Closed,1803.52,False,False,False,1225.12,False
4288,MCH2448,shan ltd,5699.0,Apparel,Private Limited,Delhi,Delhi,2023-03-22 16:55:53,,False,Active,331.32,False,False,False,1252.4299999999998,False
3457,MCH2450,bail plc,5812.0,Restaurant,Private Limited,Hyderabad,Telangana,2024-04-25 12:52:00,XXXX3279,True,Active,3923.0,False,False,False,1327.31,False
743,MCH2451,"HALDER, KANNAN AND DIXIT",7011.0,Hotel,Private Limited,Kolkata,West Bengal,2025-11-20 00:00:00,NIXX7228219214941,True,Inactive,610.7,False,False,False,1161.77,False
1124,MCH2459,Gala and Sons,4131.0,Transportation,Sole Proprietor,Jaipur,Rajasthan,2025-04-16 00:00:00,OKFD4897091413997,True,Active,789.05,False,False,False,1225.12,False
1731,MCH2463_1,"Pillai, Tank and Das",7011.0,Hotel,Sole Proprietor,Chennai,Tamil Nadu,2025-08-13 00:00:00,1687933229,True,Active,1834.3,False,False,False,1161.77,True
909,MCH2463_2,Yogi-Dhar,4131.0,Transportation,Private Limited,Mumbai,Maharashtra,2023-10-20 20:24:00,2758552991,True,Active,4463.41,False,False,False,1225.12,True
5748,MCH2470_1,Chadha LLC,,Misc Retail,Individual,Lucknow,Uttar Pradesh,2025-01-28 00:00:00,DYBS8259485877528,True,Active,144.47,False,False,True,1276.92,True
6117,MCH2470_2,Mutti-Bawa,,Pharmacy,Individual,Jalandhar,Punjab,2025-12-13 00:00:00,XXXX5194,True,Suspended,444.91,False,True,True,1300.55,True
266,MCH2471_1,Das Group,5942.0,Books & Stationery,Individual,Jalandhar,Punjab,2024-05-30 00:00:00,SVRE3169162150744,True,Active,3177.16,False,False,False,1167.225,True
4644,MCH2471_2,"Pillai, Chopra and Modi",7011.0,Hotel,Private Limited,Delhi,Delhi,,QSMG3289733481830,True,Active,606.04,False,False,False,1161.77,True
5000,MCH2473_1,"  Gill, Deol and Deep  ",5411.0,Grocery,Private Limited,Lucknow,Uttar Pradesh,2024-07-09 00:00:00,YWZO7271967683864,True,Active,1433.28,False,False,False,1233.545,True
4633,MCH2473_2,Lanka Inc,5942.0,Books & Stationery,Individual,Bengaluru,Karnataka,2025-01-20 01:42:00,7620940119,True,Active,1883.19,False,False,False,1167.225,True
3679,MCH2474,"Setty, Reddy and Singh",,Pharmacy,Sole Proprietor,Kolkata,West Bengal,2023-12-11 00:00:00,XXXX1604,True,Active,3043.1,False,False,True,1300.55,False
1055,MCH2475,  Bains-Sahota  ,5411.0,Grocery,Individual,Bengaluru,Karnataka,2023-08-16 00:00:00,XXXX6630,True,Active,,True,False,False,1233.545,False
3035,MCH2476,Choudhary-Borah,7011.0,Hotel,Private Limited,Kolkata,West Bengal,2025-10-15 00:00:00,PXIN8486080746921,True,Active,1108.38,False,False,False,1161.77,False
1034,MCH2478,"  Bala, Sane and Som  ",5699.0,Apparel,Sole Proprietor,Hyderabad,Telangana,2023-02-15 00:00:00,QRPZ8741280654685,True,Active,911.53,False,False,False,1252.4299999999998,False
2650,MCH2480,Banik-Nagar,5812.0,Restaurant,Private Limited,Jaipur,Rajasthan,2025-07-27 00:00:00,XXXX7952,True,Active,3594.0,False,False,False,1327.31,False
4626,MCH2486,"Mohanty, Iyer and Sharma",7011.0,Hotel,Individual,Chennai,Tamil Nadu,2023-10-23 21:00:00,FCPB2927426048520,True,Active,2266.0,False,False,False,1161.77,False
4894,MCH2487_1,Venkatesh Ltd,,Hotel,Partnership,Ludhiana,Punjab,,MCTW2396874836471,True,Active,2913.12,False,False,True,1161.77,True
3098,MCH2487_2,"Virk, Ganguly and Saraf",5812.0,Restaurant,Partnership,Bengaluru,Karnataka,2024-04-24 00:00:00,,False,Inactive,362.02,False,False,False,1327.31,True
4885,MCH2492_1,"Bhatti, Kala and Sahni",4131.0,Travel,Individual,Hyderabad,Telangana,2024-11-12 22:36:00,,False,Active,2662.9,False,False,False,1012.28,True
2308,MCH2492_2,Chandran Group,5812.0,Restaurant,Partnership,Amritsar,Punjab,2023-11-13 00:00:00,,False,Active,1360.0,False,False,False,1327.31,True
3751,MCH2492_3,"dhawan, salvi and dara",5812.0,Restaurant,Partnership,Lucknow,Uttar Pradesh,2025-08-07 00:00:00,XXXX8560,True,Inactive,3500.9,False,False,False,1327.31,True
4791,MCH2492_4,More LLC,5699.0,Apparel,Partnership,Jaipur,Rajasthan,2023-04-22 00:00:00,3899609403,True,Inactive,,False,False,False,1252.4299999999998,True
265,MCH2493,"Tella, Lata and Tripathi",4814.0,Telecom,Individual,Jaipur,Rajasthan,2023-10-28 00:00:00,ROFA2679305641354,True,Active,,True,False,False,1213.17,False
911,MCH2494,Sane Ltd,5699.0,Apparel,Partnership,Amritsar,Punjab,,8156434201,True,Active,582.0,False,False,False,1252.4299999999998,False
905,MCH2495_1,"sibal, shankar and malhotra",5699.0,Apparel,Individual,Bengaluru,Karnataka,2025-07-20 20:24:00,,False,Active,529.0,False,False,False,1252.4299999999998,True
3327,MCH2495_2,Solanki LLC,,Books & Stationery,Private Limited,Delhi,Delhi,2023-05-19 00:00:00,8034024153,True,Active,1374.43,False,False,True,1167.225,True
3490,MCH2498,Peri-Sachdeva,7011.0,Hotel,Individual,Lucknow,Uttar Pradesh,2024-07-22 00:00:00,7968546113,True,Active,1576.69,False,False,False,1161.77,False
3643,MCH2501,ravel inc,,Pharmacy,Partnership,Ludhiana,Punjab,2024-08-13 00:00:00,XXXX9432,True,Active,2494.94,False,False,True,1300.55,False
4726,MCH2503_1,  Chatterjee-Saran  ,5699.0,Apparel,Individual,Jalandhar,Punjab,2024-08-14 00:00:00,XXXX3264,True,Active,1760.1,False,False,False,1252.4299999999998,True
3904,MCH2503_2,DATE LLC,4814.0,Telecom,Private Limited,Jaipur,Rajasthan,2023-08-06 00:20:53,,False,Active,1656.27,False,False,False,1213.17,True
1568,MCH2503_3,Ravel PLC,4814.0,Mobile Recharge,Individual,Kolkata,West Bengal,2025-03-10 00:00:00,5029689598,True,Active,858.0,False,False,False,1108.585,True
225,MCH2504_1,Mittal Ltd,5999.0,Misc Retail,Individual,Pune,Maharashtra,2024-12-29 00:00:00,XXXX5857,True,Inactive,1689.96,False,False,False,1276.92,True
2342,MCH2504_2,"PAU, MODY AND DORA",5912.0,Pharmacy,Private Limited,Mumbai,Maharashtra,2023-04-08 00:00:00,XXXX3089,True,Inactive,,False,False,False,1300.55,True
2842,MCH2506,"Sarna, Vora and Seth",4131.0,Transportation,Individual,Jaipur,Rajasthan,2024-06-13 02:51:27,,False,Active,222.33,False,False,False,1225.12,False
6048,MCH2510_1,Kakar Group,5411.0,Grocery,Sole Proprietor,Hyderabad,Telangana,2024-03-29 12:22:51,XXXX3606,True,Active,744.85,False,False,False,1233.545,True
5897,MCH2510_2,sathe plc,5912.0,Pharmacy,Partnership,Chennai,Tamil Nadu,2024-02-02 01:49:36,XXXX9018,True,Active,596.36,False,False,False,1300.55,True
4715,MCH2513,BhallaInc,,Apparel,Partnership,Amritsar,Punjab,2023-11-09 00:00:00,6553818868,True,Active,5544.37,False,False,True,1252.4299999999998,False
3059,MCH2514,"Dua, Peri and Sani",,Mobile Recharge,Sole Proprietor,Kolkata,West Bengal,,VHRN8113044559744,True,Active,937.87,False,False,True,1108.585,False
3177,MCH2516,Ben-Varghese,,Grocery,Sole Proprietor,Chennai,Tamil Nadu,2023-04-08 21:20:00,,False,Suspended,398.68,False,True,True,1233.545,False
5332,MCH2522_1,Savant-Sangha,5311.0,Retail,Partnership,Mumbai,Maharashtra,2024-01-03 15:56:00,1167145374,True,Active,702.03,False,False,False,1126.42,True
4842,MCH2522_2,SINGHAL-CHANA,5999.0,Misc Retail,Partnership,Ludhiana,Punjab,2023-05-12 00:00:00,,False,Inactive,,False,False,False,1276.92,True
4631,MCH2523,Sarma Inc,5999.0,Misc Retail,Individual,Kolkata,West Bengal,2025-09-05 00:00:00,,False,Active,2146.62,False,False,False,1276.92,False
422,MCH2525_1,NARAYAN-MALLICK,5912.0,Pharmacy,Sole Proprietor,Amritsar,Punjab,2025-03-17 22:22:00,,False,Active,1084.48,False,False,False,1300.55,True
4795,MCH2525_2,"Nath, Gaba and Viswanathan",5699.0,Apparel,Individual,Mumbai,Maharashtra,2024-12-29 12:44:00,,False,Active,518.76,False,False,False,1252.4299999999998,True
3145,MCH2528_1,Bumb PLC,4131.0,Transportation,Sole Proprietor,Amritsar,Punjab,2024-06-22 21:11:30,,False,Active,,False,False,False,1225.12,True
691,MCH2528_2,  Cherian Ltd  ,5999.0,Misc Retail,Private Limited,Jalandhar,Punjab,2024-08-03 00:00:00,,False,Active,830.85,False,False,False,1276.92,True
1014,MCH2529,Sheth-Pal,5942.0,Books & Stationery,Individual,Lucknow,Uttar Pradesh,2023-08-23 00:00:00,2709901385,True,Active,1398.37,False,False,False,1167.225,False
2287,MCH2530_1,bal-sant,5999.0,Misc Retail,Partnership,Kolkata,West Bengal,2023-06-08 17:36:00,XXXX3441,True,Active,372.49,False,False,False,1276.92,True
5070,MCH2530_2,Palla-Datta,5942.0,Books & Stationery,Partnership,Pune,Maharashtra,2023-08-03 00:00:00,,False,Active,2593.27,False,False,False,1167.225,True
1257,MCH2532,Chad Inc,5999.0,Misc Retail,Partnership,Jaipur,Rajasthan,2023-01-11 00:00:00,SDKV0929160095786,True,Inactive,351.38,False,False,False,1276.92,False
4630,MCH2533_1,"Chana, Joshi and Saran",,Transportation,Partnership,Lucknow,Uttar Pradesh,2023-11-21 00:00:00,,False,Active,296.0,False,False,True,1225.12,True
1945,MCH2533_2,"Chhabra, Shah and Tella",5912.0,Pharmacy,Sole Proprietor,Jaipur,Rajasthan,2025-03-05 00:00:00,,False,Active,2439.28,False,False,False,1300.55,True
748,MCH2533_3,Khatri-Devi,,Grocery,Sole Proprietor,Jaipur,Rajasthan,2024-11-23 15:52:39,3534229147,True,Active,3147.37,False,False,True,1233.545,True
2818,MCH2534,Shetty-Sundaram,5411.0,Grocery,Private Limited,Pune,Maharashtra,2025-03-10 16:30:29,,False,Active,709.87,False,False,False,1233.545,False
1702,MCH2535_1,MODY-GREWAL,5699.0,Apparel,Sole Proprietor,Mumbai,Maharashtra,2026-02-11 00:00:00,XXXX4471,True,Active,1997.41,False,False,False,1252.4299999999998,True
1490,MCH2535_2,Pall-Dugar,5942.0,Books & Stationery,Private Limited,Mumbai,Maharashtra,2024-08-29 00:00:00,4792112625,True,Active,978.69,False,False,False,1167.225,True
35,MCH2536,  Divan-Radhakrishnan  ,4131.0,Transportation,Private Limited,Pune,Maharashtra,2025-07-09 00:00:00,NWSY9894058484946,True,Active,,False,False,False,1225.12,False
2759,MCH2542,Thakur Group,5411.0,Grocery,Sole Proprietor,Kolkata,West Bengal,2023-12-15 00:00:00,7251186427,True,Inactive,3711.74,False,False,False,1233.545,False
4543,MCH2546,Kant Group,,Pharmacy,Sole Proprietor,Amritsar,Punjab,2025-04-04 00:00:00,VVGC5802490491946,True,Active,4120.12,False,False,True,1300.55,False
511,MCH2548,ANNE LLC,5812.0,Restaurant,Partnership,Kolkata,West Bengal,2024-03-28 00:00:00,,False,Active,2367.01,False,False,False,1327.31,False
1477,MCH2550_1,"  Basu, Madan and Chaudry  ",5999.0,Misc Retail,Private Limited,Pune,Maharashtra,2024-10-23 11:38:00,,False,Active,1412.55,False,False,False,1276.92,True
5368,MCH2550_2,Dhaliwal LLC,4814.0,Telecom,Individual,Chennai,Tamil Nadu,2024-08-25 00:00:00,,False,Active,,True,False,False,1213.17,True
3126,MCH2550_3,Misra-Natarajan,,Transportation,Individual,Ludhiana,Punjab,2023-06-02 04:42:00,7951076714,True,Active,1549.99,False,False,True,1225.12,True
4099,MCH2551_1,"Krishnamurthy, Murthy and Savant",5699.0,Apparel,Private Limited,Pune,Maharashtra,2023-09-27 00:00:00,XXXX9848,True,Active,3427.0,False,False,False,1252.4299999999998,True
2004,MCH2551_2,Nagarajan and Sons,,Restaurant,Sole Proprietor,Bengaluru,Karnataka,,NFIY9606847093350,True,Active,7900.0,False,False,True,1327.31,True
1418,MCH2552_1,"MUKHERJEE, IYENGAR AND DEO",5942.0,Books & Stationery,Partnership,Pune,Maharashtra,2025-03-15 00:00:00,ZRKN1235329280179,True,Active,3414.98,False,False,False,1167.225,True
1268,MCH2552_2,"  Saran, Dyal and Wable  ",4814.0,Mobile Recharge,Partnership,Hyderabad,Telangana,2023-10-19 00:00:00,XXXX2290,True,Active,1588.96,False,False,False,1108.585,True
3127,MCH2556,"ZACHARIAH, MANNE AND BEDI",5942.0,Books & Stationery,Partnership,Kolkata,West Bengal,2024-05-10 01:12:00,8663284555,True,Active,1248.82,False,False,False,1167.225,False
242,MCH2559,"  Sastry, Dhar and Kibe  ",7011.0,Hotel,Partnership,Pune,Maharashtra,2023-05-08 00:00:00,0777710681,True,Active,1827.84,False,False,False,1161.77,False
5286,MCH2564,Bumb and Sons,7011.0,Hotel,Private Limited,Hyderabad,Telangana,2025-04-18 00:00:00,XXXX0675,True,Active,1155.71,False,False,False,1161.77,False
2544,MCH2566,Oommen Inc,5999.0,Misc Retail,Private Limited,Delhi,Delhi,,XXXX9507,True,Active,2200.23,False,False,False,1276.92,False
2967,MCH2567,"Magar, Hora and Khare",4131.0,Transportation,Sole Proprietor,Delhi,Delhi,2024-09-30 00:00:00,TLMQ4688047179537,True,Active,572.7,False,False,False,1225.12,False
4728,MCH2568,"Dhaliwal, Bhat and Sarin",5411.0,Grocery,Partnership,Mumbai,Maharashtra,2023-04-28 00:00:00,3925852137,True,Active,803.0,False,False,False,1233.545,False
4983,MCH2571,Deep-Chakraborty,5812.0,Restaurant,Partnership,Delhi,Delhi,2024-07-31 00:00:00,,False,Suspended,3828.75,False,True,False,1327.31,False
5799,MCH2574,Bala and Sons,5699.0,Apparel,Individual,Delhi,Delhi,,HZFE1194010260924,True,Suspended,197.23,False,True,False,1252.4299999999998,False
613,MCH2575,Rast0gi-Verma,5912.0,Pharmacy,Individual,Pune,Maharashtra,2025-04-09 16:48:12,XXXX2986,True,Active,549.08,False,False,False,1300.55,False
380,MCH2576,"Shan,SemandPau",5311.0,Department Store,Partnership,Hyderabad,Telangana,2023-12-03 00:00:00,3390811191,True,Active,472.21,False,False,False,1356.755,False
1338,MCH2577,Dua Inc,5812.0,Restaurant,Sole Proprietor,Bengaluru,Karnataka,2023-11-23 00:00:00,,False,Active,23536.65,False,False,False,1327.31,False
1818,MCH2579,More Inc,,Books & Stationery,Partnership,Jaipur,Rajasthan,2024-06-05 00:00:00,,False,Active,4068.74,False,False,True,1167.225,False
548,MCH2580,Rajag0pa1an-S0man,5812.0,Restaurant,Private Limited,Jaipur,Rajasthan,2023-07-17 00:00:00,XXXX4205,True,Active,7864.69,False,False,False,1327.31,False
3282,MCH2582,  Lal PLC  ,5912.0,Pharmacy,Sole Proprietor,Delhi,Delhi,2025-09-13 00:00:00,,False,Active,1344.48,False,False,False,1300.55,False
4091,MCH2583,Gole-Prabhakar,4814.0,Telecom,Private Limited,Bengaluru,Karnataka,2025-04-21 00:00:00,XXXX1523,True,Active,323.0,False,False,False,1213.17,False
1321,MCH2585,ROY LLC,,Grocery,Sole Proprietor,Jaipur,Rajasthan,2025-10-13 00:00:00,2320667701,True,Active,2233.97,False,False,True,1233.545,False
5746,MCH2588_1,datta inc,5699.0,Apparel,Private Limited,Jaipur,Rajasthan,2024-09-28 00:00:00,XXXX7714,True,Active,311.95,False,False,False,1252.4299999999998,True
6157,MCH2588_2,"Kala, Mahajan and Kumar",5912.0,Pharmacy,Individual,Jalandhar,Punjab,2023-08-15 00:00:00,,False,Active,641.02,False,False,False,1300.55,True
569,MCH2589,Dhawan-Thaker,5311.0,Department Store,Sole Proprietor,Hyderabad,Telangana,2025-12-01 00:00:00,XXXX8775,True,Inactive,,True,False,False,1356.755,False
3001,MCH2590,Goyal Group,7011.0,Hotel,Individual,Delhi,Delhi,2025-06-22 04:22:00,XXXX8497,True,Active,531.43,False,False,False,1161.77,False
3975,MCH2591,"Deol, Palla and Goel",,Grocery,Individual,Hyderabad,Telangana,2025-08-22 00:00:00,2241068743,True,Active,468.59,False,False,True,1233.545,False
3128,MCH2592_1,"Garg, Saha and Sampath",5999.0,Misc Retail,Private Limited,Hyderabad,Telangana,2024-03-28 13:13:52,,False,Active,3945.98,False,False,False,1276.92,True
410,MCH2592_2,"mander, goel and soni",,Transportation,Individual,Mumbai,Maharashtra,2023-04-25 00:01:00,,False,Active,1371.19,False,False,True,1225.12,True
6006,MCH2593,Gour Inc,5999.0,Misc Retail,Sole Proprietor,Jalandhar,Punjab,2025-10-20 00:00:00,4362658883,True,Active,1307.82,False,False,False,1276.92,False
1779,MCH2596,Vasa PLC,4131.0,Transportation,Sole Proprietor,Hyderabad,Telangana,2025-08-20 22:49:00,,False,Active,,True,False,False,1225.12,False
6021,MCH2598_1,"Dutta, Ramanathan and Date",,Hotel,Sole Proprietor,Delhi,Delhi,2024-04-02 00:00:00,XXXX9756,True,Active,168.75,False,False,True,1161.77,True
3907,MCH2598_2,Sani Gr0up,,Apparel,Partnership,Pune,Maharashtra,2025-11-27 17:05:19,1059212674,True,Active,489.0,False,False,True,1252.4299999999998,True
2070,MCH2600,Prabhakar and Sons,5699.0,Apparel,Partnership,Kolkata,West Bengal,2024-12-17 20:12:43,1873277155,True,Active,,True,False,False,1252.4299999999998,False
1859,MCH2601,"Mangal, Lalla and Desai",4131.0,Transportation,Private Limited,Ludhiana,Punjab,2025-02-19 00:00:00,XXXX7238,True,Active,1601.46,False,False,False,1225.12,False
5821,MCH2604,Sharaf-Kaur,4131.0,Transportation,Private Limited,Lucknow,Uttar Pradesh,2023-10-30 00:00:00,CYOT7406673710255,True,Active,1813.01,False,False,False,1225.12,False
680,MCH2605_1,Gera-Karpe,5699.0,Apparel,Individual,Mumbai,Maharashtra,2026-02-25 00:00:00,ZUZI7142150561628,True,Active,1371.0,False,False,False,1252.4299999999998,True
6207,MCH2605_2,Swamy Inc,5812.0,Restaurant,Individual,Chennai,Tamil Nadu,2026-01-22 00:00:00,,False,Inactive,1335.82,False,False,False,1327.31,True
3937,MCH2607_1,"Deep, Prasad and Dass",,Apparel,Private Limited,Hyderabad,Telangana,2023-05-29 00:00:00,4668596918,True,Inactive,1570.82,False,False,True,1252.4299999999998,True
2979,MCH2607_2,Garg PLC,5812.0,Restaurant,Individual,Hyderabad,Telangana,2023-01-31 00:00:00,,False,Active,3395.0,False,False,False,1327.31,True
4468,MCH2608,"Loyal, Ghosh and Gaba",5999.0,Misc Retail,Individual,Hyderabad,Telangana,2025-03-21 00:00:00,ZBIP4363265097456,True,Active,869.47,False,False,False,1276.92,False
5078,MCH2610_1,Chopra-Narayanan,5311.0,Department Store,Sole Proprietor,Delhi,Delhi,2023-07-05 00:00:00,,False,Active,1284.93,False,False,False,1356.755,True
5283,MCH2610_2,"Dhar, Mahajan and Sarkar",5912.0,Pharmacy,Private Limited,Delhi,Delhi,2025-08-09 18:24:29,GLOR5725383010765,True,Active,,True,False,False,1300.55,True
4632,MCH2612,Vala Ltd,7011.0,Hotel,Sole Proprietor,Lucknow,Uttar Pradesh,2023-08-11 00:00:00,,False,Active,,False,False,False,1161.77,False
1953,MCH2613,"Grewal, Gade and Bhattacharyya",4814.0,Mobile Recharge,Private Limited,Kolkata,West Bengal,2023-06-04 01:02:27,,False,Inactive,1066.15,False,False,False,1108.585,False
2118,MCH2617,Mander-Parmar,4814.0,Mobile Recharge,Private Limited,Kolkata,West Bengal,2023-05-08 08:15:00,5203670066,True,Active,5191.58,False,False,False,1108.585,False
3898,MCH2618,"Loyal, Nadkarni and Mangal",5942.0,Books & Stationery,Partnership,Bengaluru,Karnataka,2026-01-27 20:44:00,NZSX7829638547170,True,Active,816.0,False,False,False,1167.225,False
483,MCH2623_1,ChokshiLtd,4131.0,Transportation,Partnership,Chennai,Tamil Nadu,2023-05-17 00:00:00,,False,Active,,False,False,False,1225.12,True
2788,MCH2623_2,dara-kulkarni,5942.0,Books & Stationery,Sole Proprietor,Kolkata,West Bengal,2025-06-28 00:00:00,,False,Active,1296.1,False,False,False,1167.225,True
370,MCH2623_3,"Oak, Nadig and Doshi",5411.0,Grocery,Sole Proprietor,Jalandhar,Punjab,2025-03-18 11:32:41,SGLM9352062021997,True,Active,1380.47,False,False,False,1233.545,True
3823,MCH2624,Pandya Group,5311.0,Department Store,Individual,Mumbai,Maharashtra,2023-12-09 00:00:00,3278618323,True,Inactive,606.95,False,False,False,1356.755,False
3203,MCH2627_1,Gupta and Sons,5699.0,Apparel,Individual,Delhi,Delhi,2025-01-04 17:51:00,UVIS7862723743155,True,Active,1249.33,False,False,False,1252.4299999999998,True
1844,MCH2627_2,SHANKER PLC,5311.0,Retail,Individual,Lucknow,Uttar Pradesh,2024-10-16 00:00:00,0834395040,True,Active,427.05,False,False,False,1126.42,True
1135,MCH2628,Muni PLC,,Department Store,Individual,Pune,Maharashtra,2024-07-13 00:00:00,1524505804,True,Active,,True,False,True,1356.755,False
4815,MCH2632,Agate-Gandhi,5311.0,Department Store,Partnership,Chennai,Tamil Nadu,2026-01-14 00:00:00,ZCSO2053232739383,True,Active,,True,False,False,1356.755,False
3191,MCH2634_1,"Duga1, G0pa1 and La1a",,Hotel,Private Limited,Lucknow,Uttar Pradesh,2023-11-01 11:24:38,XXXX1684,True,Active,3213.29,False,False,True,1161.77,True
3873,MCH2634_2,"KARNIK, BAINS AND RATTI",5311.0,Retail,Individual,Bengaluru,Karnataka,2025-03-20 07:33:00,3474601890,True,Active,581.71,False,False,False,1126.42,True
1996,MCH2636,Rau PLC,5311.0,Department Store,Partnership,Delhi,Delhi,2024-04-06 14:07:44,,False,Active,5739.27,False,False,False,1356.755,False
7,MCH2637,Joshi Group,5999.0,Misc Retail,Partnership,Chennai,Tamil Nadu,2025-02-20 00:00:00,,False,Active,,True,False,False,1276.92,False
1329,MCH2639,Sunder-Keer,5411.0,Grocery,Partnership,Jaipur,Rajasthan,2025-04-19 00:00:00,,False,Active,,True,False,False,1233.545,False
4960,MCH2641,Varma-Saha,5999.0,Misc Retail,Individual,Bengaluru,Karnataka,2024-10-09 00:00:00,,False,Closed,5621.28,False,False,False,1276.92,False
4864,MCH2646,Parsa-Gole,5999.0,Misc Retail,Private Limited,Hyderabad,Telangana,2025-12-18 03:23:00,JJBK8920317843679,True,Active,450.19,False,False,False,1276.92,False
4669,MCH2647,Saha Inc,5999.0,Misc Retail,Private Limited,Lucknow,Uttar Pradesh,2023-04-06 00:00:00,,False,Active,1551.4,False,False,False,1276.92,False
1838,MCH2648,Batta LLC,5999.0,Misc Retail,Partnership,Jaipur,Rajasthan,2024-10-10 00:00:00,,False,Active,416.94,False,False,False,1276.92,False
4478,MCH2649,  Pandya PLC  ,,Grocery,Individual,Pune,Maharashtra,2025-05-31 00:00:00,XXXX1050,True,Active,6206.32,False,False,True,1233.545,False
597,MCH2650,Choudhary Ltd,5942.0,Books & Stationery,Individual,Delhi,Delhi,2024-09-22 00:00:00,,False,Inactive,1197.2,False,False,False,1167.225,False
2217,MCH2654_1,Lanka Inc,7011.0,Hotel,Sole Proprietor,Jalandhar,Punjab,2024-02-18 07:47:00,,False,Active,1563.2,False,False,False,1161.77,True
795,MCH2654_2,saxena-sarkar,4814.0,Telecom,Sole Proprietor,Pune,Maharashtra,2026-01-10 00:00:00,,False,Active,3080.46,False,False,False,1213.17,True
281,MCH2655,"Brahmbhatt, Desai and Sangha",4814.0,Telecom,Sole Proprietor,Amritsar,Punjab,2026-01-04 00:00:00,4532869649,True,Active,3102.0,False,False,False,1213.17,False
2905,MCH2656_1,"Kala, Shetty and Sheth",5411.0,Grocery,Sole Proprietor,Delhi,Delhi,2023-12-06 01:23:15,,False,Active,5073.35,False,False,False,1233.545,True
2202,MCH2656_2,"Patla, Deo and Babu",5912.0,Pharmacy,Partnership,Jaipur,Rajasthan,2026-02-02 00:00:00,2362196367,True,Active,1217.69,False,False,False,1300.55,True
3329,MCH2658,"Parmar, Purohit and Bhasin",5812.0,Restaurant,Sole Proprietor,Bengaluru,Karnataka,,8958415885,True,Active,548.82,False,False,False,1327.31,False
38,MCH2665_1,"  Arora, Bir and Mahal  ",5311.0,Retail,Sole Proprietor,Lucknow,Uttar Pradesh,2024-11-15 20:23:00,3459659161,True,Inactive,2101.74,False,False,False,1126.42,True
1023,MCH2665_2,"Goswami, Savant and Kar",5311.0,Department Store,Sole Proprietor,Hyderabad,Telangana,2024-03-23 00:00:00,XXXX6615,True,Active,1516.75,False,False,False,1356.755,True
6142,MCH2671,Mohanty-Chakrabarti,5999.0,Misc Retail,Partnership,Jalandhar,Punjab,2023-05-08 18:02:00,,False,Active,1187.55,False,False,False,1276.92,False
4591,MCH2674_1,Mistry and Sons,5942.0,Books & Stationery,Sole Proprietor,Hyderabad,Telangana,,XXXX8847,True,Active,569.39,False,False,False,1167.225,True
2094,MCH2674_2,nair llc,4131.0,Transportation,Sole Proprietor,Delhi,Delhi,2025-02-24 00:00:00,PQUC6680227510245,True,Inactive,,True,False,False,1225.12,True
6111,MCH2674_3,Rajagopalan Inc,5912.0,Pharmacy,Partnership,Amritsar,Punjab,2023-03-08 00:00:00,,False,Active,1499.0,False,False,False,1300.55,True
1281,MCH2675,Venkataraman-Rastogi,5942.0,Books & Stationery,Private Limited,Amritsar,Punjab,2025-06-23 00:00:00,YXGI4135701284971,True,Active,877.85,False,False,False,1167.225,False
283,MCH2676_1,Desai Ltd,4814.0,Telecom,Private Limited,Ludhiana,Punjab,2025-10-05 00:00:00,,False,Active,399.5,False,False,False,1213.17,True
5338,MCH2676_2,"Kohli, Biswas and Aggarwal",5912.0,Pharmacy,Partnership,Pune,Maharashtra,2026-01-30 00:00:00,LQDP7543612313020,True,Inactive,,False,False,False,1300.55,True
2535,MCH2676_3,Subramanian Inc,5912.0,Pharmacy,Partnership,Kolkata,West Bengal,2025-04-01 00:00:00,2515678335,True,Active,1679.3,False,False,False,1300.55,True
5202,MCH2679,"Barman, Bains and Shan",5912.0,Pharmacy,Private Limited,Mumbai,Maharashtra,2024-12-25 00:00:00,2613968880,True,Active,1334.82,False,False,False,1300.55,False
5792,MCH2681_1,  Mahajan and Sons  ,5699.0,Apparel,Sole Proprietor,Bengaluru,Karnataka,2023-03-17 00:00:00,XXXX6222,True,Active,721.36,False,False,False,1252.4299999999998,True
1221,MCH2681_2,Upadhyay-Bava,7011.0,Hotel,Individual,Pune,Maharashtra,2024-02-16 00:00:00,YHMW6591611383032,True,Active,230.72,False,False,False,1161.77,True
1776,MCH2684,  Barad-Jaggi  ,5942.0,Books & Stationery,Sole Proprietor,Delhi,Delhi,2024-04-13 01:13:00,VFSV6228720846838,True,Active,518.0,False,False,False,1167.225,False
3965,MCH2690,nagarajan inc,5912.0,Pharmacy,Sole Proprietor,Lucknow,Uttar Pradesh,2023-06-22 00:00:00,LDEV4758391652112,True,Suspended,3091.83,False,True,False,1300.55,False
856,MCH2691,PATHAK AND SONS,,Hotel,Private Limited,Lucknow,Uttar Pradesh,2024-09-06 00:00:00,,False,Active,5340.32,False,False,True,1161.77,False
913,MCH2693,  Tandon-Kaur  ,5311.0,Retail,Individual,Chennai,Tamil Nadu,2025-04-06 00:00:00,3068123352,True,Active,1966.59,False,False,False,1126.42,False
4991,MCH2694,Misra PLC,5699.0,Apparel,Individual,Pune,Maharashtra,,,False,Inactive,2669.29,False,False,False,1252.4299999999998,False
3759,MCH2695,Patil Inc,5411.0,Grocery,Partnership,Pune,Maharashtra,2024-06-26 00:00:00,9565066028,True,Active,792.09,False,False,False,1233.545,False
1875,MCH2696,"Dave, Chaudhari and Bhatti",5411.0,Grocery,Individual,Delhi,Delhi,2024-11-25 00:00:00,XXXX0248,True,Active,,True,False,False,1233.545,False
4406,MCH2697,Shan-Warrior,4131.0,Transportation,Private Limited,Bengaluru,Karnataka,2024-08-02 04:05:00,,False,Inactive,1199.93,False,False,False,1225.12,False
51,MCH2698_1,KalaLLC,7011.0,Hotel,Individual,Lucknow,Uttar Pradesh,2023-08-19 00:00:00,YXNF3515433387898,True,Inactive,3590.19,False,False,False,1161.77,True
1090,MCH2698_2,  Purohit-Issac  ,,Misc Retail,Individual,Ludhiana,Punjab,2023-04-15 00:00:00,1149607185,True,Closed,798.99,False,False,True,1276.92,True
3860,MCH2701_1,BAIL LTD,,Misc Retail,Individual,Jaipur,Rajasthan,2025-02-27 08:06:00,JFSQ7616747260509,True,Active,863.24,False,False,True,1276.92,True
3444,MCH2701_2,"Prabhakar, Saraf and Mand",7011.0,Hotel,Private Limited,Hyderabad,Telangana,2023-01-25 00:00:00,1250735780,True,Active,2599.41,False,False,False,1161.77,True
1601,MCH2704,Sengupta-Sarin,5699.0,Apparel,Private Limited,Pune,Maharashtra,2023-03-08 07:11:36,TSWF3138170868556,True,Active,2593.67,False,False,False,1252.4299999999998,False
2385,MCH2708,"Mand, Zacharia and Vora",4131.0,Travel,Sole Proprietor,Chennai,Tamil Nadu,2026-01-20 00:00:00,XXXX2440,True,Active,363.56,False,False,False,1012.28,False
4434,MCH2709,"Iyengar, Dugar and Chacko",7011.0,Hotel,Private Limited,Jaipur,Rajasthan,2023-09-16 04:28:40,XXXX4012,True,Active,2413.11,False,False,False,1161.77,False
3294,MCH2710_1,"Batta, Shetty and Ka1ita",5699.0,Apparel,Individual,Hyderabad,Telangana,2025-08-17 02:25:30,2640797887,True,Active,109.84,False,False,False,1252.4299999999998,True
2061,MCH2710_2,Kohli Group,5699.0,Apparel,Partnership,Delhi,Delhi,2025-05-29 00:00:00,,False,Active,2106.0,False,False,False,1252.4299999999998,True
152,MCH2710_3,"Ramanathan, Bandi and Edwin",5411.0,Grocery,Sole Proprietor,Delhi,Delhi,2024-11-07 00:00:00,9267399474,True,Active,5021.08,False,False,False,1233.545,True
6118,MCH2710_4,"Sami, Sibal and Sabharwal",4814.0,Telecom,Sole Proprietor,Ludhiana,Punjab,2024-02-08 00:00:00,AKLL1339623695675,True,Active,1319.1,False,False,False,1213.17,True
2274,MCH2712,"RAI, GHOSE AND WADHWA",5411.0,Grocery,Private Limited,Amritsar,Punjab,2023-09-30 00:00:00,XXXX9691,True,Active,2957.32,False,False,False,1233.545,False
2524,MCH2713,Dayal Group,5699.0,Apparel,Individual,Pune,Maharashtra,2024-08-10 00:00:00,1734751668,True,Inactive,1199.07,False,False,False,1252.4299999999998,False
4236,MCH2718,"Krishna, Prabhu and Kara",7011.0,Hotel,Individual,Bengaluru,Karnataka,2024-12-20 00:00:00,VEWG4998867762324,True,Active,529.14,False,False,False,1161.77,False
400,MCH2719_1,"RANGANATHAN, MALL AND AGGARWAL",5812.0,Restaurant,Partnership,Lucknow,Uttar Pradesh,2024-05-24 21:02:58,,False,Active,2283.24,False,False,False,1327.31,True
4619,MCH2719_2,"SOOD, CHACKO AND CHAUDRY",4131.0,Transportation,Partnership,Mumbai,Maharashtra,2024-04-04 00:00:00,,False,Active,3699.12,False,False,False,1225.12,True
3848,MCH2723_1,Mandal PLC,,Restaurant,Individual,Ludhiana,Punjab,2023-07-28 19:33:37,1234084041,True,Active,6532.68,False,False,True,1327.31,True
153,MCH2723_2,Purohit-Dani,,Restaurant,Individual,Amritsar,Punjab,2024-04-16 04:10:00,XXXX6527,True,Active,1384.67,False,False,True,1327.31,True
3233,MCH2724_1,Aggarwal Group,5812.0,Restaurant,Individual,Bengaluru,Karnataka,,2736138598,True,Active,,True,False,False,1327.31,True
3547,MCH2724_2,Saha Group,,Department Store,Individual,Jaipur,Rajasthan,2026-02-09 01:33:05,LOPJ0201883436603,True,Inactive,,False,False,True,1356.755,True
6067,MCH2725_1,"Sridhar, Jayaraman and Rajagopalan",,Hotel,Private Limited,Lucknow,Uttar Pradesh,,5996031822,True,Suspended,1550.81,False,True,True,1161.77,True
3231,MCH2725_2,Varma-Loke,5812.0,Restaurant,Partnership,Kolkata,West Bengal,2023-12-21 15:48:41,,False,Inactive,4486.37,False,False,False,1327.31,True
1698,MCH2726_1,"Chawla, Tata and Chander",5699.0,Apparel,Partnership,Chennai,Tamil Nadu,2025-10-11 02:35:19,XXXX2870,True,Closed,2102.32,False,False,False,1252.4299999999998,True
3925,MCH2726_2,"Rastogi, Behl and Purohit",5942.0,Books & Stationery,Sole Proprietor,Mumbai,Maharashtra,2025-04-04 00:00:00,XYEE0098710788916,True,Active,1692.27,False,False,False,1167.225,True
5589,MCH2726_3,sant-sani,5411.0,Grocery,Individual,Lucknow,Uttar Pradesh,2024-01-28 00:00:00,,False,Suspended,2020.62,False,True,False,1233.545,True
1132,MCH2726_4,"Shukla, Trivedi and Balan",5411.0,Grocery,Private Limited,Amritsar,Punjab,2023-04-04 00:00:00,DPXX2201328447445,True,Active,7491.26,False,False,False,1233.545,True
5254,MCH2727_1,Ahluwalia and Sons,5942.0,Books & Stationery,Partnership,Bengaluru,Karnataka,2023-07-24 00:00:00,FLWS4381228751020,True,Active,133.58,False,False,False,1167.225,True
1473,MCH2727_2,"viswanathan, kamdar and raman",4814.0,Telecom,Partnership,Jaipur,Rajasthan,2026-01-22 00:00:00,,False,Active,2886.2,False,False,False,1213.17,True
3342,MCH2730_1,hans llc,,Misc Retail,Individual,Jaipur,Rajasthan,2025-06-23 00:00:00,,False,Active,1392.27,False,False,True,1276.92,True
3513,MCH2730_2,Nayar and Sons,7011.0,Hotel,Sole Proprietor,Jaipur,Rajasthan,2023-06-30 00:00:00,,False,Active,1113.62,False,False,False,1161.77,True
3617,MCH2731,Krishna-Kumar,5311.0,Department Store,Private Limited,Ludhiana,Punjab,2025-12-18 00:00:00,XXXX8549,True,Active,1031.53,False,False,False,1356.755,False
5414,MCH2733,CHAUHAN LTD,5411.0,Grocery,Sole Proprietor,Delhi,Delhi,2024-12-27 00:00:00,,False,Active,872.28,False,False,False,1233.545,False
4014,MCH2737,"Sani, Chowdhury and Ganesan",5999.0,Misc Retail,Partnership,Bengaluru,Karnataka,2023-05-01 00:00:00,1105547451,True,Active,610.07,False,False,False,1276.92,False
5456,MCH2738_1,Grover PLC,4131.0,Travel,Partnership,Pune,Maharashtra,2025-11-22 22:59:56,,False,Active,4547.63,False,False,False,1012.28,True
2017,MCH2738_2,Yadav Group,5999.0,Misc Retail,Individual,Pune,Maharashtra,2024-11-03 22:47:58,8802607832,True,Active,1282.34,False,False,False,1276.92,True
2646,MCH2741_1,"Palan, Bhalla and Srinivasan",5812.0,Restaurant,Individual,Jaipur,Rajasthan,2025-12-19 01:05:00,XXXX0289,True,Active,1319.0,False,False,False,1327.31,True
3042,MCH2741_2,"Wason, Jain and D’Alia",5942.0,Books & Stationery,Sole Proprietor,Ludhiana,Punjab,2024-03-23 00:00:00,KUJF0124670796240,True,Inactive,361.19,False,False,False,1167.225,True
4301,MCH2742_1,"Manne, Patil and Mukhopadhyay",5942.0,Books & Stationery,Sole Proprietor,Pune,Maharashtra,2025-03-10 00:00:00,JAUF9449397976214,True,Active,1389.0,False,False,False,1167.225,True
1928,MCH2742_2,"Vasa, Devan and Tandon",5699.0,Apparel,Individual,Mumbai,Maharashtra,2023-11-13 00:00:00,XXXX3213,True,Active,541.72,False,False,False,1252.4299999999998,True
3045,MCH2743,Joshi PLC,,Pharmacy,Private Limited,Kolkata,West Bengal,2024-12-02 17:56:14,,False,Active,,False,False,True,1300.55,False
6013,MCH2744,"DIVAN, NARANG AND JHAVERI",5912.0,Pharmacy,Partnership,Lucknow,Uttar Pradesh,2025-11-04 23:49:11,2199444279,True,Suspended,734.64,False,True,False,1300.55,False
2810,MCH2746,"tella, mane and pillai",7011.0,Hotel,Private Limited,Ludhiana,Punjab,2023-03-12 00:00:00,0851637180,True,Closed,395.56,False,False,False,1161.77,False
507,MCH2748,"Banerjee, Wason and Dyal",5812.0,Restaurant,Private Limited,Pune,Maharashtra,2023-11-16 23:24:41,XXXX5034,True,Active,1037.44,False,False,False,1327.31,False
4917,MCH2749_1,Borde PLC,7011.0,Hotel,Partnership,Jalandhar,Punjab,2025-11-15 14:42:20,AKGD7711918524900,True,Active,299.85,False,False,False,1161.77,True
26,MCH2749_2,issac and sons,5912.0,Pharmacy,Sole Proprietor,Mumbai,Maharashtra,2025-03-09 00:00:00,1616970087,True,Active,,False,False,False,1300.55,True
4345,MCH2749_3,KASHYAP-PILLAI,4131.0,Transportation,Private Limited,Bengaluru,Karnataka,2024-07-15 00:00:00,,False,Inactive,,False,False,False,1225.12,True
1460,MCH2750,Rao-Narayanan,5942.0,Books & Stationery,Individual,Ludhiana,Punjab,2024-05-13 00:00:00,,False,Active,,True,False,False,1167.225,False
1475,MCH2752,Palla LLC,4131.0,Travel,Sole Proprietor,Lucknow,Uttar Pradesh,2023-01-13 21:44:09,XXXX1787,True,Active,69.28,False,False,False,1012.28,False
1764,MCH2753,"  Karan, Ganguly and Desai  ",5999.0,Misc Retail,Private Limited,Amritsar,Punjab,2023-03-31 00:00:00,,False,Active,1254.6,False,False,False,1276.92,False
3375,MCH2754_1,Chahal Group,5812.0,Restaurant,Sole Proprietor,Amritsar,Punjab,2023-09-27 00:00:00,,False,Active,1452.51,False,False,False,1327.31,True
4433,MCH2754_2,"Lata,WadhwaandParsa",5812.0,Restaurant,Sole Proprietor,Bengaluru,Karnataka,2023-06-11 00:00:00,,False,Active,11880.54,False,False,False,1327.31,True
4083,MCH2754_3,"Rastogi, Kamdar and Kumer",5912.0,Pharmacy,Sole Proprietor,Chennai,Tamil Nadu,2023-04-27 00:00:00,,False,Active,2871.91,False,False,False,1300.55,True
4925,MCH2755_1,Chaudhuri and S0ns,5942.0,Books & Stationery,Individual,Mumbai,Maharashtra,2025-11-29 00:00:00,,False,Active,440.0,False,False,False,1167.225,True
3224,MCH2755_2,"majumdar, ravi and dave",5999.0,Misc Retail,Partnership,Mumbai,Maharashtra,2026-02-13 00:00:00,,False,Active,,True,False,False,1276.92,True
3786,MCH2755_3,Wason and Sons,5699.0,Apparel,Partnership,Bengaluru,Karnataka,,,False,Active,,True,False,False,1252.4299999999998,True
475,MCH2757_1,Cherian-Parmer,5942.0,Books & Stationery,Sole Proprietor,Chennai,Tamil Nadu,2023-05-02 00:00:00,9249178567,True,Active,1801.26,False,False,False,1167.225,True
446,MCH2757_2,Chhabra-Dugar,5699.0,Apparel,Sole Proprietor,Kolkata,West Bengal,2025-11-16 00:00:00,XXXX2280,True,Active,1214.2,False,False,False,1252.4299999999998,True
5500,MCH2761,Sabharwa1-Pati1,5999.0,Misc Retail,Private Limited,Hyderabad,Telangana,2025-04-04 00:00:00,,False,Closed,2607.92,False,False,False,1276.92,False
2831,MCH2763,Thaman-Virk,5912.0,Pharmacy,Private Limited,Bengaluru,Karnataka,2025-07-23 00:00:00,XXXX7625,True,Active,563.88,False,False,False,1300.55,False
3793,MCH2764,"Yogi, Jani and Choudhry",4814.0,Mobile Recharge,Individual,Ludhiana,Punjab,2024-04-19 00:00:00,3163531350,True,Active,516.18,False,False,False,1108.585,False
967,MCH2765_1,Buch LLC,4814.0,Telecom,Individual,Jaipur,Rajasthan,2024-12-27 22:16:28,,False,Active,132.32,False,False,False,1213.17,True
5176,MCH2765_2,Mukhopadhyay Inc,5311.0,Department Store,Sole Proprietor,Lucknow,Uttar Pradesh,2024-11-19 00:00:00,XXXX9677,True,Active,3568.4,False,False,False,1356.755,True
5114,MCH2765_3,"SANT, NATT AND SAWHNEY",7011.0,Hotel,Private Limited,Kolkata,West Bengal,2023-04-04 21:56:00,XXXX8678,True,Inactive,1191.66,False,False,False,1161.77,True
2140,MCH2766_1,"chakraborty, nazareth and dasgupta",5411.0,Grocery,Private Limited,Chennai,Tamil Nadu,2025-05-19 00:00:00,WBWU7279932189451,True,Inactive,2967.83,False,False,False,1233.545,True
4675,MCH2766_2,Kanda-Brahmbhatt,5311.0,Department Store,Sole Proprietor,Chennai,Tamil Nadu,2025-06-18 00:00:00,5339281473,True,Active,1540.08,False,False,False,1356.755,True
5974,MCH2766_3,Lalla Group,4131.0,Transportation,Private Limited,Jaipur,Rajasthan,2025-02-06 00:00:00,9008298856,True,Active,2585.61,False,False,False,1225.12,True
4306,MCH2767_1,Banik-Biswas,,Grocery,Individual,Mumbai,Maharashtra,2024-04-01 00:00:00,,False,Inactive,4259.84,False,False,True,1233.545,True
5317,MCH2767_2,"Munshi, Kohli and Pai",,Apparel,Private Limited,Lucknow,Uttar Pradesh,2026-02-28 11:47:10,6694122395,True,Active,1994.09,False,False,True,1252.4299999999998,True
3710,MCH2767_3,"Patel, Jhaveri and Dugar",4814.0,Telecom,Private Limited,Jalandhar,Punjab,2025-06-16 00:00:00,,False,Active,1222.94,False,False,False,1213.17,True
320,MCH2769,sehgal plc,4814.0,Telecom,Private Limited,Amritsar,Punjab,2023-09-19 00:00:00,3613137952,True,Active,131.0,False,False,False,1213.17,False
2292,MCH2770_1,"Deep, Ganguly and Solanki",5699.0,Apparel,Individual,Chennai,Tamil Nadu,2025-07-31 00:00:00,,False,Active,660.0,False,False,False,1252.4299999999998,True
1276,MCH2770_2,Nagi PLC,5999.0,Misc Retail,Individual,Jaipur,Rajasthan,2024-05-06 13:56:02,,False,Suspended,,True,True,False,1276.92,True
2300,MCH2772_1,goyal inc,5942.0,Books & Stationery,Individual,Delhi,Delhi,2023-04-22 00:25:55,,False,Inactive,478.58,False,False,False,1167.225,True
3911,MCH2772_2,  Rajagopalan-Lal  ,5699.0,Apparel,Partnership,Jalandhar,Punjab,2025-05-03 00:00:00,YDTF9778396986125,True,Suspended,594.07,False,True,False,1252.4299999999998,True
4799,MCH2776_1,Datta Ltd,4814.0,Telecom,Partnership,Jaipur,Rajasthan,2024-11-09 21:59:20,QUCG6914808410390,True,Active,1643.13,False,False,False,1213.17,True
2191,MCH2776_2,"MITTAL, SHAH AND KADE",5411.0,Grocery,Private Limited,Mumbai,Maharashtra,2023-01-27 00:00:00,EGXV9123448025042,True,Active,10044.9,False,False,False,1233.545,True
4766,MCH2778_1,Buch-Lala,5912.0,Pharmacy,Individual,Hyderabad,Telangana,2023-04-27 00:00:00,XXXX6570,True,Active,,False,False,False,1300.55,True
4361,MCH2778_2,madan plc,5912.0,Pharmacy,Sole Proprietor,Amritsar,Punjab,2024-03-25 00:00:00,XXXX3934,True,Active,4029.72,False,False,False,1300.55,True
2247,MCH2786_1,cheema and sons,5411.0,Grocery,Sole Proprietor,Bengaluru,Karnataka,2024-10-11 06:21:19,,False,Inactive,5082.9,False,False,False,1233.545,True
2043,MCH2786_2,Gola Inc,5699.0,Apparel,Partnership,Chennai,Tamil Nadu,2024-12-19 14:34:15,XXXX8423,True,Active,576.47,False,False,False,1252.4299999999998,True
5872,MCH2786_3,"MAJUMDAR, RAMACHANDRAN AND BAVA",5699.0,Apparel,Private Limited,Ludhiana,Punjab,2023-12-17 00:00:00,,False,Active,1259.46,False,False,False,1252.4299999999998,True
4177,MCH2788,"Dash, Mallick and Sachdev",5812.0,Restaurant,Individual,Bengaluru,Karnataka,2025-04-06 04:08:29,WZXG3956270476463,True,Active,3989.94,False,False,False,1327.31,False
2753,MCH2789,Peri-Panchal,5311.0,Department Store,Partnership,Jalandhar,Punjab,,,False,Active,1044.19,False,False,False,1356.755,False
1048,MCH2791,"Rastogi, Mannan and Sabharwal",,Pharmacy,Sole Proprietor,Delhi,Delhi,2025-08-21 00:00:00,,False,Active,,False,False,True,1300.55,False
2920,MCH2792_1,KrishnamurthyPLC,7011.0,Hotel,Sole Proprietor,Jalandhar,Punjab,2023-02-03 00:00:00,,False,Active,1501.9,False,False,False,1161.77,True
4313,MCH2792_2,"VARKEY, UPPAL AND MITTER",,Transportation,Partnership,Delhi,Delhi,2024-11-06 13:47:30,4127542367,True,Active,130.0,False,False,True,1225.12,True
5797,MCH2797,Sandhu-Singh,7011.0,Hotel,Partnership,Bengaluru,Karnataka,2025-05-27 00:00:00,XXXX2336,True,Active,1083.54,False,False,False,1161.77,False
5914,MCH2799,KADAKIA-NAYAK,5812.0,Restaurant,Sole Proprietor,Delhi,Delhi,2025-05-04 23:51:09,LDOE2045126421896,True,Active,,True,False,False,1327.31,False
608,MCH2800,Raja-Naik,5311.0,Department Store,Private Limited,Bengaluru,Karnataka,2024-04-18 00:00:00,9493307388,True,Closed,1096.85,False,False,False,1356.755,False
1960,MCH2801,"Khurana, Oza and Divan",4814.0,Mobile Recharge,Private Limited,Delhi,Delhi,2025-10-14 00:00:00,,False,Active,406.76,False,False,False,1108.585,False
4829,MCH2806_1,Jhaveri-Babu,7011.0,Hotel,Sole Proprietor,Lucknow,Uttar Pradesh,2023-09-15 11:54:30,XXXX2533,True,Closed,1939.0,False,False,False,1161.77,True
5892,MCH2806_2,"Raman, Aggarwal and Salvi",5999.0,Misc Retail,Partnership,Hyderabad,Telangana,2024-10-16 00:00:00,,False,Active,2271.51,False,False,False,1276.92,True
5226,MCH2813_1,"Panchal, Pradhan and Bora",5812.0,Restaurant,Individual,Jalandhar,Punjab,2026-01-05 00:00:00,,False,Active,,True,False,False,1327.31,True
133,MCH2813_2,"Sha, Bhatia and Vig",,Department Store,Individual,Chennai,Tamil Nadu,2024-10-24 13:37:28,5399147177,True,Active,3821.16,False,False,True,1356.755,True
1719,MCH2814,"SANI, KHARE AND RAMACHANDRAN",5912.0,Pharmacy,Partnership,Jalandhar,Punjab,2024-02-24 00:00:00,XXXX1070,True,Active,1581.52,False,False,False,1300.55,False
5795,MCH2816_1,Behl Group,5812.0,Restaurant,Sole Proprietor,Amritsar,Punjab,2023-02-17 00:00:00,UHYF4970596803050,True,Closed,5297.33,False,False,False,1327.31,True
5558,MCH2816_2,Yogi-Palan,,Misc Retail,Individual,Mumbai,Maharashtra,2025-02-14 00:00:00,YLAY0045447026896,True,Suspended,2753.81,False,True,True,1276.92,True
3289,MCH2817_1,"hayre, ramesh and parikh",4814.0,Mobile Recharge,Individual,Kolkata,West Bengal,2025-04-23 01:57:00,HCIS1374268781822,True,Active,1790.3,False,False,False,1108.585,True
189,MCH2817_2,Keer and Sons,5999.0,Misc Retail,Private Limited,Ludhiana,Punjab,2025-05-19 00:00:00,XXXX7166,True,Inactive,2074.28,False,False,False,1276.92,True
3979,MCH2818,Sibal Inc,5411.0,Grocery,Sole Proprietor,Jalandhar,Punjab,2025-06-03 00:00:00,HHRP3016788161129,True,Active,600.04,False,False,False,1233.545,False
3678,MCH2825_1,Koshy-Gola,5812.0,Restaurant,Partnership,Bengaluru,Karnataka,2025-09-25 00:14:43,YLMF2374015161502,True,Active,,True,False,False,1327.31,True
3632,MCH2825_2,Ku1karni Inc,4814.0,Mobile Recharge,Individual,Ludhiana,Punjab,2023-07-18 00:00:00,QGWN3520325181186,True,Active,1291.01,False,False,False,1108.585,True
4934,MCH2827,Bala-Bhatti,5999.0,Misc Retail,Individual,Bengaluru,Karnataka,2024-10-05 20:16:00,5191749246,True,Inactive,381.0,False,False,False,1276.92,False
1733,MCH2829,Narain Ltd,5999.0,Misc Retail,Sole Proprietor,Bengaluru,Karnataka,2023-02-15 14:46:04,,False,Active,1912.36,False,False,False,1276.92,False
2437,MCH2830,"Joshi,ChaudhariandToor",5411.0,Grocery,Individual,Bengaluru,Karnataka,2023-04-15 14:55:00,,False,Active,756.0,False,False,False,1233.545,False
3932,MCH2831,Rastogi-Devi,,Misc Retail,Private Limited,Delhi,Delhi,2023-10-20 00:00:00,XXXX4746,True,Active,501.88,False,False,True,1276.92,False
5504,MCH2832,Parmer Inc,5311.0,Retail,Private Limited,Pune,Maharashtra,2025-10-26 00:00:00,,False,Active,831.48,False,False,False,1126.42,False
23,MCH2833,Kapoor-Shankar,7011.0,Hotel,Sole Proprietor,Jalandhar,Punjab,,VEQH1532066637768,True,Active,474.69,False,False,False,1161.77,False
2450,MCH2836,RAI AND SONS,5912.0,Pharmacy,Private Limited,Chennai,Tamil Nadu,2024-07-15 12:28:59,XXXX2773,True,Inactive,3262.99,False,False,False,1300.55,False
1411,MCH2838_1,BOSE-BIR,4814.0,Telecom,Sole Proprietor,Chennai,Tamil Nadu,2024-07-25 00:00:00,,False,Active,3409.39,False,False,False,1213.17,True
2381,MCH2838_2,"Goel, Chand and Pai",5999.0,Misc Retail,Partnership,Pune,Maharashtra,2024-12-28 00:00:00,,False,Active,,True,False,False,1276.92,True
5982,MCH2839,"brar, varughese and cherian",5411.0,Grocery,Partnership,Pune,Maharashtra,2025-04-21 03:59:43,,False,Active,614.31,False,False,False,1233.545,False
2062,MCH2841,"  Memon, Samra and Rajagopal  ",5942.0,Books & Stationery,Sole Proprietor,Mumbai,Maharashtra,2024-06-13 00:00:00,,False,Active,,False,False,False,1167.225,False
1775,MCH2842_1,ANNE LTD,5699.0,Apparel,Partnership,Delhi,Delhi,2023-03-04 00:00:00,,False,Active,1642.14,False,False,False,1252.4299999999998,True
4061,MCH2842_2,Patel-Chacko,,Hotel,Individual,Bengaluru,Karnataka,2025-08-13 00:00:00,,False,Active,2354.89,False,False,True,1161.77,True
3706,MCH2844,Misra-Seth,4131.0,Transportation,Individual,Amritsar,Punjab,2023-05-24 00:00:00,XXXX4860,True,Active,162.5,False,False,False,1225.12,False
2298,MCH2845,Narasimhan LLC,5999.0,Misc Retail,Partnership,Amritsar,Punjab,2024-10-01 00:00:00,2844893176,True,Active,5926.94,False,False,False,1276.92,False
379,MCH2846,"SHA, RAMANATHAN AND KOTA",5411.0,Grocery,Individual,Jaipur,Rajasthan,2025-09-30 00:00:00,2763596998,True,Inactive,2995.95,False,False,False,1233.545,False
3192,MCH2849_1,Ba1 LLC,5999.0,Misc Retail,Sole Proprietor,Mumbai,Maharashtra,2024-02-01 00:00:00,HLTP5468154912269,True,Closed,910.62,False,False,False,1276.92,True
0,MCH2849_2,"BHAVSAR, KOTA AND ZACHARIA",7011.0,Hotel,Private Limited,Ludhiana,Punjab,2025-09-23 00:00:00,,False,Inactive,2432.18,False,False,False,1161.77,True
5292,MCH2849_3,Gokhale-Iyengar,4814.0,Telecom,Partnership,Jalandhar,Punjab,,8509639866,True,Active,1215.62,False,False,False,1213.17,True
5524,MCH2850_1,Gera-Seth,4814.0,Telecom,Private Limited,Chennai,Tamil Nadu,2023-03-15 00:00:00,,False,Active,689.16,False,False,False,1213.17,True
141,MCH2850_2,  Reddy-Kara  ,4131.0,Transportation,Private Limited,Jaipur,Rajasthan,2024-04-22 00:00:00,XXXX7186,True,Active,,True,False,False,1225.12,True
2537,MCH2851_1,Ben Ltd,4131.0,Transportation,Sole Proprietor,Lucknow,Uttar Pradesh,2023-06-24 10:58:00,,False,Active,784.0,False,False,False,1225.12,True
1012,MCH2851_2,Kalla-Jain,7011.0,Hotel,Individual,Mumbai,Maharashtra,2025-11-29 00:00:00,XXXX3740,True,Active,3022.0,False,False,False,1161.77,True
430,MCH2851_3,Minhas Group,5311.0,Department Store,Sole Proprietor,Hyderabad,Telangana,2023-01-25 00:00:00,XXXX8636,True,Active,1535.83,False,False,False,1356.755,True
4546,MCH2857,Bhattacharyya Inc,4131.0,Transportation,Private Limited,Jalandhar,Punjab,2025-07-13 00:00:00,AFIK7241528245690,True,Active,4557.38,False,False,False,1225.12,False
3833,MCH2859,"Doctor, Bir and Lanka",5411.0,Grocery,Private Limited,Hyderabad,Telangana,2025-04-03 00:00:00,,False,Active,2296.45,False,False,False,1233.545,False
4945,MCH2860,Ahluwalia Ltd,7011.0,Hotel,Private Limited,Bengaluru,Karnataka,2026-01-27 00:00:00,EAAS5526551207941,True,Active,250.0,False,False,False,1161.77,False
838,MCH2861,  Hayer Inc  ,5311.0,Department Store,Private Limited,Pune,Maharashtra,2024-11-09 19:09:35,XXXX6916,True,Active,676.0,False,False,False,1356.755,False
4505,MCH2862,Bhasin Group,5699.0,Apparel,Partnership,Jaipur,Rajasthan,2023-07-20 00:00:00,FHYX9050690414655,True,Active,544.8,False,False,False,1252.4299999999998,False
352,MCH2870,"Loyal, Buch and Ghose",5812.0,Restaurant,Sole Proprietor,Delhi,Delhi,2025-05-27 02:11:43,,False,Active,2213.61,False,False,False,1327.31,False
1678,MCH2875,Chander-Parmer,5311.0,Department Store,Partnership,Ludhiana,Punjab,2024-11-12 00:00:00,XXXX0207,True,Active,351.55,False,False,False,1356.755,False
63,MCH2879_1,"Pillay, Vora and Karnik",5812.0,Restaurant,Individual,Ludhiana,Punjab,2024-05-20 19:55:26,9486638654,True,Active,,False,False,False,1327.31,True
5299,MCH2879_2,"Sidhu, Kumer and Venkatesh",4131.0,Transportation,Partnership,Bengaluru,Karnataka,2024-02-14 00:00:00,,False,Active,1726.8,False,False,False,1225.12,True
5638,MCH2881,J0ha1 PLC,,Restaurant,Partnership,Amritsar,Punjab,2023-05-16 23:44:00,WTST5086684279337,True,Active,807.63,False,False,True,1327.31,False
5250,MCH2884,Malhotra-Sarin,5942.0,Books & Stationery,Sole Proprietor,Pune,Maharashtra,2025-02-27 00:00:00,,False,Active,683.54,False,False,False,1167.225,False
2279,MCH2885,"Varkey, Goda and Bala",5812.0,Restaurant,Private Limited,Mumbai,Maharashtra,2023-01-23 00:00:00,0317882844,True,Active,4853.92,False,False,False,1327.31,False
822,MCH2886_1,"Kurian, Dash and Walla",7011.0,Hotel,Private Limited,Bengaluru,Karnataka,2023-05-25 01:14:00,XXXX6301,True,Suspended,8233.35,False,True,False,1161.77,True
4051,MCH2886_2,"Raja, Hayre and Deshmukh",5912.0,Pharmacy,Private Limited,Kolkata,West Bengal,2024-07-04 00:00:00,,False,Active,511.0,False,False,False,1300.55,True
1646,MCH2887,Rau-Saha,5699.0,Apparel,Sole Proprietor,Delhi,Delhi,2023-08-17 00:00:00,XXXX7555,True,Active,,False,False,False,1252.4299999999998,False
2545,MCH2888,Chahal LLC,5912.0,Pharmacy,Private Limited,Mumbai,Maharashtra,2023-04-21 00:00:00,XXXX3951,True,Active,631.05,False,False,False,1300.55,False
4512,MCH2894_1,NORI-KURIAN,5812.0,Restaurant,Partnership,Lucknow,Uttar Pradesh,2024-12-15 00:00:00,RJBD4464019057563,True,Suspended,,True,True,False,1327.31,True
5050,MCH2894_2,Rege-Baria,5699.0,Apparel,Private Limited,Delhi,Delhi,2024-12-22 00:00:00,XXXX3813,True,Active,2107.84,False,False,False,1252.4299999999998,True
3484,MCH2896_1,"Date, Sahota and Hayre",4131.0,Transportation,Individual,Chennai,Tamil Nadu,,KPBN8019714054804,True,Active,1484.62,False,False,False,1225.12,True
5896,MCH2896_2,Jayaraman-Nazareth,5912.0,Pharmacy,Private Limited,Kolkata,West Bengal,2025-07-30 12:10:42,,False,Active,1312.79,False,False,False,1300.55,True
4036,MCH2897,Bath Ltd,5999.0,Misc Retail,Private Limited,Hyderabad,Telangana,2025-07-23 05:48:07,,False,Active,2239.12,False,False,False,1276.92,False
2604,MCH2899_1,Golla Ltd,4131.0,Transportation,Partnership,Jaipur,Rajasthan,,EGFZ1016369573887,True,Active,5018.99,False,False,False,1225.12,True
573,MCH2899_2,Sampath-Mannan,5812.0,Restaurant,Individual,Bengaluru,Karnataka,2023-05-27 00:00:00,,False,Active,,True,False,False,1327.31,True
3784,MCH2902_1,Karpe LLC,,Pharmacy,Private Limited,Jaipur,Rajasthan,2023-07-25 18:13:40,JHGQ1740219623528,True,Active,1088.17,False,False,True,1300.55,True
259,MCH2902_2,"Narang, Varghese and Sur",4131.0,Transportation,Individual,Amritsar,Punjab,2023-11-04 16:20:00,,False,Active,1675.0,False,False,False,1225.12,True
3300,MCH2902_3,SAMRA-KAPUR,5411.0,Grocery,Individual,Chennai,Tamil Nadu,2024-04-24 00:00:00,XXXX9404,True,Active,,False,False,False,1233.545,True
6124,MCH2903,Swamy-Parsa,5699.0,Apparel,Individual,Mumbai,Maharashtra,2023-04-14 00:00:00,,False,Closed,1218.16,False,False,False,1252.4299999999998,False
169,MCH2904,IYENGAR-COMAR,5999.0,Misc Retail,Private Limited,Delhi,Delhi,2026-01-05 00:00:00,XXXX7160,True,Active,1147.91,False,False,False,1276.92,False
2098,MCH2905,Goyal-Gopal,5912.0,Pharmacy,Individual,Delhi,Delhi,2024-02-13 00:00:00,,False,Suspended,2312.5,False,True,False,1300.55,False
2077,MCH2907,VARUGHESE-MANI,5912.0,Pharmacy,Sole Proprietor,Chennai,Tamil Nadu,2023-04-25 00:00:00,,False,Active,1106.0,False,False,False,1300.55,False
1653,MCH2910_1,"Anand, Bhatia and Bora",5942.0,Books & Stationery,Partnership,Pune,Maharashtra,2024-07-27 19:48:30,,False,Active,759.28,False,False,False,1167.225,True
585,MCH2910_2,"Mall, Sankaran and Mittal",4131.0,Transportation,Private Limited,Delhi,Delhi,2025-09-28 00:00:00,XXXX0107,True,Active,3631.28,False,False,False,1225.12,True
4803,MCH2910_3,"Mitter, Sekhon and Kunda",5912.0,Pharmacy,Sole Proprietor,Lucknow,Uttar Pradesh,2023-11-04 03:45:23,XXXX8939,True,Active,1288.6,False,False,False,1300.55,True
5468,MCH2912_1,Natt-Kohli,,Grocery,Private Limited,Jalandhar,Punjab,2024-07-09 22:05:41,XXXX0399,True,Inactive,1895.43,False,False,True,1233.545,True
2173,MCH2912_2,"Singhal, Iyengar and Balasubramanian",,Grocery,Sole Proprietor,Lucknow,Uttar Pradesh,2023-03-08 00:00:00,MPVF3803985979560,True,Inactive,,True,False,True,1233.545,True
3017,MCH2914_1,BASSI-VARGHESE,5812.0,Restaurant,Sole Proprietor,Hyderabad,Telangana,2025-01-01 00:00:00,VBYI2823908948465,True,Closed,90.0,False,False,False,1327.31,True
4270,MCH2914_2,Sharaf-Tara,5311.0,Retail,Individual,Kolkata,West Bengal,2025-07-02 00:00:00,,False,Active,542.0,False,False,False,1126.42,True
4364,MCH2915_1,"  Chakrabarti, Hora and Sha  ",4814.0,Telecom,Partnership,Chennai,Tamil Nadu,2024-03-15 00:00:00,1253622214,True,Active,18355.56,False,False,False,1213.17,True
3582,MCH2915_2,"Vohra, Pathak and Bumb",5912.0,Pharmacy,Individual,Kolkata,West Bengal,2025-09-06 00:00:00,,False,Active,459.58,False,False,False,1300.55,True
2249,MCH2917_1,"DEOL, KIBE AND KHANNA",5999.0,Misc Retail,Private Limited,Delhi,Delhi,2024-07-23 00:00:00,XXXX8419,True,Active,356.58,False,False,False,1276.92,True
3470,MCH2917_2,Edwin-Ahuja,5411.0,Grocery,Sole Proprietor,Jalandhar,Punjab,2023-06-08 23:40:31,8964022658,True,Inactive,490.0,False,False,False,1233.545,True
1019,MCH2917_3,Gole-Rau,5812.0,Restaurant,Sole Proprietor,Chennai,Tamil Nadu,2025-10-10 00:00:00,XXXX0356,True,Inactive,,True,False,False,1327.31,True
2868,MCH2919,Menon-Vaidya,,Pharmacy,Sole Proprietor,Delhi,Delhi,2023-03-20 14:46:24,,False,Active,3825.85,False,False,True,1300.55,False
4405,MCH2921,Bakshi-Narayanan,7011.0,Hotel,Private Limited,Lucknow,Uttar Pradesh,2024-06-18 00:00:00,XXXX0910,True,Active,,True,False,False,1161.77,False
120,MCH2922,Chhabra-Jha,5999.0,Misc Retail,Sole Proprietor,Mumbai,Maharashtra,2024-10-10 00:00:00,FAIS4263479017973,True,Active,,True,False,False,1276.92,False
1645,MCH2923_1,bahri plc,5912.0,Pharmacy,Sole Proprietor,Bengaluru,Karnataka,2024-11-11 00:00:00,,False,Active,1195.19,False,False,False,1300.55,True
5175,MCH2923_2,Virk Group,4814.0,Mobile Recharge,Individual,Jalandhar,Punjab,,,False,Active,681.07,False,False,False,1108.585,True
3156,MCH2924,Chaudhary-Dugar,5942.0,Books & Stationery,Individual,Mumbai,Maharashtra,2024-12-26 03:07:13,2683760099,True,Active,770.99,False,False,False,1167.225,False
981,MCH2926,Sule-Thaker,5942.0,Books & Stationery,Partnership,Bengaluru,Karnataka,2024-12-16 18:18:00,XXXX3557,True,Active,1590.53,False,False,False,1167.225,False
3878,MCH2928,"Hans, Parmer and Buch",5812.0,Restaurant,Private Limited,Ludhiana,Punjab,2025-12-04 00:00:00,,False,Closed,1903.0,False,False,False,1327.31,False
2296,MCH2934_1,Sama PLC,,Department Store,Individual,Jalandhar,Punjab,2023-10-13 00:00:00,6130921180,True,Active,1759.02,False,False,True,1356.755,True
21,MCH2934_2,Warri0r-Siba1,5999.0,Misc Retail,Individual,Amritsar,Punjab,2025-04-07 00:00:00,,False,Active,,False,False,False,1276.92,True
5128,MCH2938,"Babu, Lata and Zacharia",5411.0,Grocery,Private Limited,Pune,Maharashtra,2024-09-06 00:00:00,ZZOP9174222804228,True,Active,823.9,False,False,False,1233.545,False
2954,MCH2941,SenGroup,5311.0,Department Store,Sole Proprietor,Mumbai,Maharashtra,2024-09-22 00:00:00,XXXX4390,True,Active,1783.76,False,False,False,1356.755,False
340,MCH2943_1,Kh0s1a LLC,5812.0,Restaurant,Private Limited,Mumbai,Maharashtra,2024-03-29 00:00:00,XXXX8006,True,Active,2741.64,False,False,False,1327.31,True
2261,MCH2943_2,Kuruvilla and Sons,5812.0,Restaurant,Sole Proprietor,Pune,Maharashtra,,2379382640,True,Active,1517.82,False,False,False,1327.31,True
1169,MCH2945,Agarwa1-Cherian,,Mobile Recharge,Sole Proprietor,Jalandhar,Punjab,2025-10-06 00:00:00,XXXX2889,True,Inactive,1759.15,False,False,True,1108.585,False
1008,MCH2946_1,Divan Inc,4814.0,Telecom,Private Limited,Jaipur,Rajasthan,2024-09-22 00:00:00,XXXX7575,True,Active,1246.97,False,False,False,1213.17,True
1293,MCH2946_2,Nagy-Jani,4131.0,Transportation,Sole Proprietor,Mumbai,Maharashtra,,1929586448,True,Active,316.0,False,False,False,1225.12,True
2182,MCH2949,"Mahal, Natt and Ghosh",5999.0,Misc Retail,Partnership,Jaipur,Rajasthan,2024-07-19 00:00:00,6197525290,True,Active,,True,False,False,1276.92,False
4370,MCH2950,"Rastogi, Bhavsar and Varghese",5942.0,Books & Stationery,Private Limited,Bengaluru,Karnataka,2024-11-26 00:00:00,6783380146,True,Active,2370.66,False,False,False,1167.225,False
1923,MCH2951,"THAKUR, SUBRAMANIAM AND AGRAWAL",7011.0,Hotel,Partnership,Mumbai,Maharashtra,2026-02-06 00:00:00,0506591392,True,Active,,True,False,False,1161.77,False
5743,MCH2954_1,gour group,5912.0,Pharmacy,Partnership,Kolkata,West Bengal,2024-02-13 21:15:01,,False,Active,1398.0,False,False,False,1300.55,True
5573,MCH2954_2,"  Keer, Borra and Hayre  ",7011.0,Hotel,Private Limited,Ludhiana,Punjab,2025-12-23 00:00:00,,False,Active,,True,False,False,1161.77,True
5056,MCH2956_1,BAVA LTD,,Telecom,Individual,Delhi,Delhi,2023-01-18 00:00:00,2075067293,True,Active,2838.96,False,False,True,1213.17,True
4551,MCH2956_2,"wali, khatri and mistry",4814.0,Mobile Recharge,Sole Proprietor,Lucknow,Uttar Pradesh,2025-06-02 00:00:00,3651063150,True,Inactive,4934.63,False,False,False,1108.585,True
2355,MCH2959,Kanda LLC,5812.0,Restaurant,Private Limited,Kolkata,West Bengal,2023-10-08 00:00:00,,False,Active,6588.76,False,False,False,1327.31,False
5888,MCH2960,Malhotra-Buch,4131.0,Transportation,Private Limited,Chennai,Tamil Nadu,2023-01-06 00:00:00,XXXX6660,True,Active,2348.07,False,False,False,1225.12,False
3152,MCH2962_1,"  Bala, Grover and Dutta  ",5411.0,Grocery,Partnership,Ludhiana,Punjab,2024-07-12 18:53:51,,False,Active,1134.0,False,False,False,1233.545,True
4042,MCH2962_2,"Naik, Ranganathan and Sahota",4814.0,Telecom,Partnership,Pune,Maharashtra,2024-08-23 00:00:00,XXXX5665,True,Active,174.64,False,False,False,1213.17,True
217,MCH2964_1,Bala-Sarkar,4814.0,Mobile Recharge,Individual,Jalandhar,Punjab,2025-06-20 00:00:00,4343067882,True,Active,1298.45,False,False,False,1108.585,True
5143,MCH2964_2,"Nanda, Comar and Sachdev",,Restaurant,Sole Proprietor,Delhi,Delhi,2023-03-05 00:00:00,,False,Closed,1238.67,False,False,True,1327.31,True
2148,MCH2965,shroff-prabhakar,5411.0,Grocery,Partnership,Amritsar,Punjab,,FISH8890557164281,True,Active,2028.0,False,False,False,1233.545,False
4757,MCH2969,Randhawa-Karnik,7011.0,Hotel,Sole Proprietor,Bengaluru,Karnataka,2023-07-27 00:00:00,,False,Active,310.59,False,False,False,1161.77,False
2288,MCH2970,GOLLA-VORA,5699.0,Apparel,Individual,Kolkata,West Bengal,2025-02-01 00:00:00,,False,Active,326.25,False,False,False,1252.4299999999998,False
6193,MCH2971,"Garg, Merchant and Kuruvilla",5699.0,Apparel,Individual,Ludhiana,Punjab,2024-08-28 00:00:00,,False,Active,,True,False,False,1252.4299999999998,False
3689,MCH2973,"Bhargava, Dani and Krishnamurthy",4131.0,Transportation,Partnership,Ludhiana,Punjab,2023-08-30 00:00:00,,False,Active,3748.31,False,False,False,1225.12,False
2123,MCH2975,"Bora, Mander and Dalal",5942.0,Books & Stationery,Sole Proprietor,Chennai,Tamil Nadu,2023-09-05 00:00:00,,False,Inactive,3477.51,False,False,False,1167.225,False
97,MCH2978,Deshpande LLC,7011.0,Hotel,Private Limited,Lucknow,Uttar Pradesh,2023-02-01 23:57:31,XXXX0228,True,Active,194.6,False,False,False,1161.77,False
2690,MCH2979,"Kurian, Guha and Gaba",5999.0,Misc Retail,Individual,Chennai,Tamil Nadu,2023-03-11 13:48:16,XXXX6692,True,Active,7883.21,False,False,False,1276.92,False
4895,MCH2980,Mander and Sons,5411.0,Grocery,Sole Proprietor,Kolkata,West Bengal,2023-04-03 00:00:00,,False,Active,1129.72,False,False,False,1233.545,False
487,MCH2981_1,"PAREKH, ANAND AND NAGI",4131.0,Travel,Individual,Amritsar,Punjab,,4706473579,True,Active,2350.58,False,False,False,1012.28,True
605,MCH2981_2,"RASTOGI, VARMA AND SARRAF",5999.0,Misc Retail,Partnership,Lucknow,Uttar Pradesh,2023-10-07 00:00:00,XXXX3025,True,Active,1266.61,False,False,False,1276.92,True
2718,MCH2981_3,"Sachdeva, Iyer and Borra",5942.0,Books & Stationery,Individual,Kolkata,West Bengal,2023-07-19 15:05:00,1834855061,True,Active,841.65,False,False,False,1167.225,True
1412,MCH2981_4,Sami-Sura,5942.0,Books & Stationery,Individual,Kolkata,West Bengal,2023-01-27 00:00:00,,False,Active,512.85,False,False,False,1167.225,True
5608,MCH2986,  Kade-Anne  ,4131.0,Travel,Partnership,Amritsar,Punjab,2025-11-29 00:00:00,,False,Suspended,736.81,False,True,False,1012.28,False
1049,MCH2988,"Mangal, Gokhale and Malhotra",5812.0,Restaurant,Sole Proprietor,Mumbai,Maharashtra,2023-10-10 10:11:05,,False,Active,3595.96,False,False,False,1327.31,False
4339,MCH2990_1,Nazareth Ltd,4814.0,Telecom,Individual,Delhi,Delhi,,NNKA9590521959789,True,Active,1043.0,False,False,False,1213.17,True
2357,MCH2990_2,Rout and Sons,7011.0,Hotel,Sole Proprietor,Ludhiana,Punjab,2025-08-30 00:00:00,XXXX7294,True,Active,1050.53,False,False,False,1161.77,True
2489,MCH2993,"Dube, Yadav and Konda",5942.0,Books & Stationery,Individual,Jaipur,Rajasthan,2025-07-14 00:00:00,WWQW1736251351915,True,Active,2422.76,False,False,False,1167.225,False
3295,MCH2994_1,Kumar PLC,4814.0,Mobile Recharge,Sole Proprietor,Jalandhar,Punjab,2024-11-13 00:00:00,,False,Active,653.34,False,False,False,1108.585,True
6028,MCH2994_2,Ratta Group,4131.0,Transportation,Partnership,Ludhiana,Punjab,2023-11-14 00:00:00,GYYN8574685496959,True,Active,2132.38,False,False,False,1225.12,True
4898,MCH2995_1,  Kurian-Kumar  ,5699.0,Apparel,Individual,Amritsar,Punjab,2023-10-16 02:32:49,,False,Active,,False,False,False,1252.4299999999998,True
2913,MCH2995_2,  Patil Ltd  ,7011.0,Hotel,Private Limited,Amritsar,Punjab,2025-12-25 00:00:00,2612684538,True,Active,492.36,False,False,False,1161.77,True
4929,MCH2996,Rege-Khanna,5411.0,Grocery,Individual,Lucknow,Uttar Pradesh,2023-10-15 00:00:00,,False,Closed,,True,False,False,1233.545,False
5106,MCH2997_1,Karan Inc,7011.0,Hotel,Private Limited,Lucknow,Uttar Pradesh,2023-10-16 17:07:00,1402967436,True,Active,1286.53,False,False,False,1161.77,True
457,MCH2997_2,Mohanty Ltd,7011.0,Hotel,Individual,Bengaluru,Karnataka,2024-10-16 00:00:00,AVZS8243524193975,True,Active,2948.35,False,False,False,1161.77,True
2694,MCH2997_3,Nadkarni Inc,,Grocery,Private Limited,Hyderabad,Telangana,2025-08-10 23:15:00,,False,Active,761.67,False,False,True,1233.545,True
5992,MCH3002,"Dey, Chopra and Vig",5699.0,Apparel,Individual,Ludhiana,Punjab,2024-10-27 00:00:00,7833308029,True,Active,761.12,False,False,False,1252.4299999999998,False
1210,MCH3005,"Saxena, Narain and Mander",5699.0,Apparel,Private Limited,Kolkata,West Bengal,2024-03-25 00:00:00,RIGO9314848159457,True,Inactive,1149.79,False,False,False,1252.4299999999998,False
2215,MCH3006,BISWAS-RAM,5999.0,Misc Retail,Individual,Lucknow,Uttar Pradesh,2023-08-14 00:00:00,XXXX8226,True,Active,638.0,False,False,False,1276.92,False
3487,MCH3008,"Datta, Sarkar and Nori",5311.0,Department Store,Partnership,Ludhiana,Punjab,2024-11-11 00:00:00,,False,Active,,True,False,False,1356.755,False
5119,MCH3011,"Ahluwalia, Contractor and Comar",5311.0,Department Store,Sole Proprietor,Delhi,Delhi,2023-11-30 00:00:00,XXXX1217,True,Closed,2626.62,False,False,False,1356.755,False
3987,MCH3012,Sathe LLC,,Grocery,Private Limited,Chennai,Tamil Nadu,2024-10-23 02:09:00,,False,Inactive,448.76,False,False,True,1233.545,False
4293,MCH3014,Nagarajan-Bandi,5311.0,Retail,Individual,Delhi,Delhi,2025-06-09 00:00:00,XXXX4761,True,Active,3013.17,False,False,False,1126.42,False
3468,MCH3017,Ramanathan and Sons,5311.0,Department Store,Partnership,Delhi,Delhi,2024-07-06 00:00:00,,False,Active,,True,False,False,1356.755,False
5381,MCH3021_1,"Gupta, Mukherjee and Setty",4131.0,Transportation,Sole Proprietor,Mumbai,Maharashtra,2026-02-14 00:00:00,XXXX2366,True,Active,614.86,False,False,False,1225.12,True
4448,MCH3021_2,"HEGDE, KIBE AND GADE",4814.0,Mobile Recharge,Private Limited,Kolkata,West Bengal,2023-09-13 19:33:51,,False,Active,,False,False,False,1108.585,True
227,MCH3023_1,Arora LLC,7011.0,Hotel,Individual,Bengaluru,Karnataka,2025-02-03 00:00:00,,False,Inactive,1722.88,False,False,False,1161.77,True
4070,MCH3023_2,Raj-Bajwa,4131.0,Transportation,Partnership,Lucknow,Uttar Pradesh,2024-11-10 00:00:00,YYPA0272541440376,True,Active,6135.0,False,False,False,1225.12,True
1812,MCH3024,Kade-Bhatia,5812.0,Restaurant,Partnership,Delhi,Delhi,2025-09-22 17:31:43,,False,Active,2093.0,False,False,False,1327.31,False
4467,MCH3025,"Sachdeva, Bora and Hegde",4131.0,Transportation,Private Limited,Pune,Maharashtra,2024-08-15 00:00:00,3805315664,True,Active,611.84,False,False,False,1225.12,False
4833,MCH3029_1,hegde-sood,5699.0,Apparel,Partnership,Ludhiana,Punjab,2023-11-30 03:01:00,TXOB9117990620646,True,Active,669.4,False,False,False,1252.4299999999998,True
5139,MCH3029_2,Sarma PLC,4131.0,Transportation,Sole Proprietor,Mumbai,Maharashtra,2024-06-15 00:00:00,1403660080,True,Active,163.28,False,False,False,1225.12,True
794,MCH3030,"Sengupta, Bhagat and Kota",5942.0,Books & Stationery,Private Limited,Chennai,Tamil Nadu,2025-09-07 00:00:00,,False,Active,194.19,False,False,False,1167.225,False
3346,MCH3031,Morar and Sons,5411.0,Grocery,Individual,Pune,Maharashtra,2025-04-23 00:00:00,,False,Active,4053.43,False,False,False,1233.545,False
479,MCH3037_1,Gokhale PLC,5411.0,Grocery,Partnership,Kolkata,West Bengal,2024-12-13 00:00:00,XXXX1304,True,Inactive,1146.48,False,False,False,1233.545,True
3021,MCH3037_2,Wagle Ltd,5411.0,Grocery,Individual,Hyderabad,Telangana,2026-01-30 00:00:00,XXXX1382,True,Active,2391.24,False,False,False,1233.545,True
4000,MCH3039,Murty Inc,5411.0,Grocery,Individual,Delhi,Delhi,2023-12-03 08:34:21,SVKA2268543185915,True,Active,1465.47,False,False,False,1233.545,False
1201,MCH3040,"Dhar, Kunda and Desai",5411.0,Grocery,Partnership,Jaipur,Rajasthan,2025-03-05 00:00:00,,False,Active,267.0,False,False,False,1233.545,False
4660,MCH3044,Gupta PLC,5942.0,Books & Stationery,Sole Proprietor,Bengaluru,Karnataka,2023-04-27 00:00:00,,False,Inactive,582.54,False,False,False,1167.225,False
5707,MCH3046,Walla PLC,5942.0,Books & Stationery,Private Limited,Jalandhar,Punjab,2023-12-03 00:00:00,DJCZ8193007555479,True,Inactive,6756.54,False,False,False,1167.225,False
747,MCH3048,Kala Group,7011.0,Hotel,Private Limited,Jaipur,Rajasthan,2023-11-11 00:00:00,,False,Active,613.58,False,False,False,1161.77,False
908,MCH3051,Hora-Mahajan,5699.0,Apparel,Private Limited,Jaipur,Rajasthan,2023-03-04 00:00:00,,False,Active,3699.21,False,False,False,1252.4299999999998,False
3425,MCH3055,"Batta, Sha and Dugar",7011.0,Hotel,Private Limited,Chennai,Tamil Nadu,2025-08-18 17:51:00,XXXX2455,True,Active,262.1,False,False,False,1161.77,False
2689,MCH3057,Nagy-Banik,5311.0,Department Store,Partnership,Kolkata,West Bengal,2024-03-15 00:00:00,PCQH3034924487610,True,Active,764.15,False,False,False,1356.755,False
165,MCH3058,Patla-Padmanabhan,5942.0,Books & Stationery,Individual,Pune,Maharashtra,2024-10-18 00:00:00,OBXD4944464643223,True,Active,974.77,False,False,False,1167.225,False
138,MCH3060,Deep-Tata,5311.0,Department Store,Individual,Amritsar,Punjab,2023-04-17 00:00:00,,False,Active,,True,False,False,1356.755,False
6195,MCH3061_1,Bansal Inc,5311.0,Department Store,Private Limited,Chennai,Tamil Nadu,2024-09-02 00:00:00,XXXX4596,True,Active,2114.75,False,False,False,1356.755,True
6103,MCH3061_2,Krishnamurthy-Tandon,4131.0,Transportation,Partnership,Pune,Maharashtra,2024-07-26 00:00:00,,False,Active,431.86,False,False,False,1225.12,True
3852,MCH3061_3,Viswanathan Ltd,5942.0,Books & Stationery,Private Limited,Lucknow,Uttar Pradesh,2025-04-25 00:00:00,,False,Inactive,574.59,False,False,False,1167.225,True
43,MCH3063,Bansal Inc,4131.0,Transportation,Individual,Jaipur,Rajasthan,2025-07-02 00:00:00,,False,Inactive,282.67,False,False,False,1225.12,False
5936,MCH3069,MAGAR INC,5699.0,Apparel,Individual,Mumbai,Maharashtra,2024-10-18 00:00:00,,False,Active,5346.85,False,False,False,1252.4299999999998,False
304,MCH3070_1,Agate-Chopra,5411.0,Grocery,Sole Proprietor,Mumbai,Maharashtra,2025-04-29 00:00:00,4174323514,True,Active,1355.0,False,False,False,1233.545,True
299,MCH3070_2,"Patel, Sandal and Sinha",4814.0,Telecom,Individual,Hyderabad,Telangana,2025-09-18 00:00:00,XXXX6846,True,Active,1706.27,False,False,False,1213.17,True
5154,MCH3071,Misra-Padmanabhan,5812.0,Restaurant,Sole Proprietor,Ludhiana,Punjab,2024-07-24 08:52:44,IJYT4830685989652,True,Active,,False,False,False,1327.31,False
4490,MCH3072_1,"Bhargava, Shan and Char",5812.0,Restaurant,Private Limited,Jalandhar,Punjab,2025-11-24 00:00:00,TOQS1924554113450,True,Active,2675.68,False,False,False,1327.31,True
3418,MCH3072_2,Varkey-Shanker,5999.0,Misc Retail,Partnership,Mumbai,Maharashtra,2024-11-30 00:00:00,,False,Inactive,852.87,False,False,False,1276.92,True
3388,MCH3072_3,Vora-Soman,5699.0,Apparel,Individual,Amritsar,Punjab,2026-02-13 04:04:19,DNMO7101498768595,True,Active,1993.93,False,False,False,1252.4299999999998,True
3458,MCH3075_1,Bedi-Ramanathan,4131.0,Transportation,Individual,Jalandhar,Punjab,2023-09-29 00:00:00,XXXX7029,True,Active,1301.0,False,False,False,1225.12,True
685,MCH3075_2,Setty Ltd,5411.0,Grocery,Private Limited,Mumbai,Maharashtra,,,False,Active,1370.51,False,False,False,1233.545,True
4672,MCH3077,  Warrior Ltd  ,4131.0,Transportation,Partnership,Kolkata,West Bengal,2023-04-02 00:00:00,,False,Active,1448.69,False,False,False,1225.12,False
698,MCH3078,"gandhi, rout and sankaran",7011.0,Hotel,Sole Proprietor,Bengaluru,Karnataka,2023-07-10 04:10:18,,False,Active,752.09,False,False,False,1161.77,False
3882,MCH3079_1,anne-sen,5942.0,Books & Stationery,Individual,Pune,Maharashtra,2025-08-04 00:00:00,,False,Active,,False,False,False,1167.225,True
4608,MCH3079_2,"Bobal, Balay and Batra",7011.0,Hotel,Private Limited,Bengaluru,Karnataka,,XXXX1002,True,Active,486.3,False,False,False,1161.77,True
3927,MCH3080,lad-soman,5411.0,Grocery,Sole Proprietor,Jalandhar,Punjab,2024-12-01 13:22:52,,False,Active,,True,False,False,1233.545,False
1576,MCH3081,"Anne, Choudhry and Nanda",5912.0,Pharmacy,Partnership,Hyderabad,Telangana,2024-12-23 00:00:00,4317690840,True,Active,590.0,False,False,False,1300.55,False
4873,MCH3084,Mani-Chowdhury,5699.0,Apparel,Partnership,Hyderabad,Telangana,2023-09-27 01:37:00,,False,Active,1594.62,False,False,False,1252.4299999999998,False
382,MCH3085_1,mander-mital,7011.0,Hotel,Private Limited,Chennai,Tamil Nadu,2024-08-20 01:44:53,,False,Active,3842.0,False,False,False,1161.77,True
4271,MCH3085_2,Reddy-Wagle,7011.0,Hotel,Sole Proprietor,Bengaluru,Karnataka,2025-05-27 00:00:00,,False,Active,258.0,False,False,False,1161.77,True
308,MCH3085_3,"SARKAR, MEMON AND MAND",,Transportation,Individual,Pune,Maharashtra,2025-07-16 00:00:00,,False,Active,,True,False,True,1225.12,True
3272,MCH3086_1,Nori-Mishra,5912.0,Pharmacy,Sole Proprietor,Kolkata,West Bengal,2023-05-20 00:00:00,,False,Inactive,1788.09,False,False,False,1300.55,True
5109,MCH3086_2,Pant Inc,5812.0,Restaurant,Private Limited,Chennai,Tamil Nadu,2023-10-13 11:54:24,XXXX6152,True,Active,287.52,False,False,False,1327.31,True
3972,MCH3088,Suresh LLC,5411.0,Grocery,Partnership,Chennai,Tamil Nadu,2024-03-08 00:00:00,,False,Active,4739.6,False,False,False,1233.545,False
3945,MCH3089,Tata PLC,5942.0,Books & Stationery,Sole Proprietor,Jalandhar,Punjab,2025-08-30 00:00:00,XXXX2474,True,Active,,True,False,False,1167.225,False
5021,MCH3092,"Dutta, Vasa and Jayaraman",5999.0,Misc Retail,Private Limited,Amritsar,Punjab,,4110907056,True,Active,1605.55,False,False,False,1276.92,False
1207,MCH3093_1,"B0ba1, Madan and Narain",,Misc Retail,Individual,Jalandhar,Punjab,2025-06-12 00:00:00,6552427779,True,Inactive,2015.86,False,False,True,1276.92,True
509,MCH3093_2,"DUBE, VENKATESH AND JHA",5999.0,Misc Retail,Private Limited,Kolkata,West Bengal,2024-10-22 10:22:00,PHHT2563139884519,True,Active,1107.0,False,False,False,1276.92,True
3597,MCH3093_3,Keer Inc,4814.0,Mobile Recharge,Individual,Jalandhar,Punjab,,5623610175,True,Inactive,,True,False,False,1108.585,True
6169,MCH3094_1,Bali Inc,4814.0,Mobile Recharge,Sole Proprietor,Jalandhar,Punjab,,REUR1699185299963,True,Active,,False,False,False,1108.585,True
2126,MCH3094_2,Wag1e-Thakkar,5699.0,Apparel,Individual,Bengaluru,Karnataka,2024-12-30 00:00:00,UIBH7195313053410,True,Active,1038.48,False,False,False,1252.4299999999998,True
4964,MCH3095,HANS-SHAN,5999.0,Misc Retail,Partnership,Kolkata,West Bengal,2024-05-28 00:00:00,9222512011,True,Active,1208.82,False,False,False,1276.92,False
3953,MCH3096,"Pradhan, Anne and Dhillon",5812.0,Restaurant,Individual,Kolkata,West Bengal,2025-02-25 00:00:00,XXXX9447,True,Active,,False,False,False,1327.31,False
2566,MCH3099,Peri-Parmer,5699.0,Apparel,Partnership,Delhi,Delhi,2024-06-22 00:00:00,,False,Active,2046.1,False,False,False,1252.4299999999998,False
4359,MCH3105,Bandi PLC,5311.0,Department Store,Sole Proprietor,Mumbai,Maharashtra,2026-01-05 07:13:24,1280850023,True,Active,1578.41,False,False,False,1356.755,False
6016,MCH3107,KAPOOR INC,,Pharmacy,Partnership,Pune,Maharashtra,2023-10-28 00:00:00,7807494643,True,Active,,True,False,True,1300.55,False
6091,MCH3111,Cherian-G0swami,,Telecom,Private Limited,Bengaluru,Karnataka,,,False,Active,1311.29,False,False,True,1213.17,False
5904,MCH3119,CHANA-DESHMUKH,5311.0,Department Store,Private Limited,Hyderabad,Telangana,2024-12-02 00:00:00,,False,Active,4993.0,False,False,False,1356.755,False
5369,MCH3122_1,"  Bobal, Ramachandran and Guha  ",5912.0,Pharmacy,Sole Proprietor,Kolkata,West Bengal,2025-01-21 00:00:00,FHGU4599451146972,True,Active,1010.17,False,False,False,1300.55,True
650,MCH3122_2,  Lala-Chaudhari  ,4814.0,Mobile Recharge,Sole Proprietor,Ludhiana,Punjab,2024-09-12 00:00:00,XXXX8953,True,Active,380.73,False,False,False,1108.585,True
4618,MCH3122_3,"TOOR, KUNDA AND MUNSHI",5942.0,Books & Stationery,Partnership,Mumbai,Maharashtra,2025-04-14 21:07:00,3432360123,True,Active,797.24,False,False,False,1167.225,True
1607,MCH3123,"Hegde, Bahl and Comar",,Travel,Private Limited,Delhi,Delhi,2023-06-01 00:00:00,0540867962,True,Active,2133.64,False,False,True,1012.28,False
5020,MCH3125,Din-Dara,5699.0,Apparel,Partnership,Delhi,Delhi,2025-11-15 00:00:00,NBXZ1237892442741,True,Active,3672.47,False,False,False,1252.4299999999998,False
3526,MCH3129,"Ghose,HariandGarde",5411.0,Grocery,Sole Proprietor,Ludhiana,Punjab,2025-06-27 03:24:00,GWXI4589298577824,True,Active,1908.27,False,False,False,1233.545,False
2807,MCH3130,"arora, karnik and sarraf",5942.0,Books & Stationery,Sole Proprietor,Kolkata,West Bengal,2023-07-10 21:24:05,,False,Inactive,1573.29,False,False,False,1167.225,False
4273,MCH3134,Rajan PLC,5311.0,Department Store,Individual,Jaipur,Rajasthan,2024-09-30 00:49:20,YYBA4456378455566,True,Active,993.0,False,False,False,1356.755,False
4498,MCH3139_1,Arya-Rau,7011.0,Hotel,Sole Proprietor,Kolkata,West Bengal,2024-05-17 00:00:00,,False,Active,10507.41,False,False,False,1161.77,True
5376,MCH3139_2,"Chaudhry, Barman and Choudhury",5942.0,Books & Stationery,Sole Proprietor,Bengaluru,Karnataka,2024-01-12 22:39:28,5767179524,True,Active,4138.0,False,False,False,1167.225,True
4889,MCH3139_3,"Dhar, Kumar and Sawhney",5699.0,Apparel,Partnership,Pune,Maharashtra,2025-01-24 00:00:00,XXXX0682,True,Inactive,2338.9,False,False,False,1252.4299999999998,True
4447,MCH3140_1,Sarraf-Viswanathan,4131.0,Travel,Partnership,Ludhiana,Punjab,2023-07-30 00:00:00,4937611894,True,Suspended,1614.0,False,True,False,1012.28,True
22,MCH3140_2,"Zachariah,RajagopalandSamra",4814.0,Telecom,Private Limited,Amritsar,Punjab,2023-09-04 17:37:45,,False,Active,363.21,False,False,False,1213.17,True
2693,MCH3142,"dugar, merchant and kala",5942.0,Books & Stationery,Private Limited,Jaipur,Rajasthan,2024-01-01 08:46:47,CUQS1241290775925,True,Active,619.08,False,False,False,1167.225,False
2147,MCH3143,"ZACHARIA, BUCH AND YADAV",5311.0,Department Store,Partnership,Hyderabad,Telangana,2023-03-13 00:00:00,UMIZ4082572641807,True,Active,4822.0,False,False,False,1356.755,False
5356,MCH3144,raval-korpal,7011.0,Hotel,Partnership,Delhi,Delhi,,,False,Active,1879.74,False,False,False,1161.77,False
4128,MCH3145,Chaudry and Sons,5311.0,Department Store,Individual,Bengaluru,Karnataka,2026-01-29 00:00:00,,False,Active,,False,False,False,1356.755,False
2233,MCH3146,Batta-Sharaf,4131.0,Transportation,Individual,Pune,Maharashtra,2024-10-02 00:00:00,MHGR0082109008102,True,Active,898.04,False,False,False,1225.12,False
1370,MCH3147,Acharya-Uppal,4131.0,Travel,Individual,Chennai,Tamil Nadu,2024-10-02 02:28:00,1420771239,True,Active,343.0,False,False,False,1012.28,False
2761,MCH3148,RaoLtd,4814.0,Telecom,Individual,Delhi,Delhi,2023-01-16 00:00:00,,False,Active,1684.65,False,False,False,1213.17,False
630,MCH3154,Bhardwaj Ltd,4131.0,Transportation,Individual,Mumbai,Maharashtra,2024-10-28 07:15:31,XXXX9089,True,Inactive,633.37,False,False,False,1225.12,False
2393,MCH3155,Agarwal Ltd,5311.0,Department Store,Partnership,Chennai,Tamil Nadu,2023-11-23 15:28:55,,False,Active,1414.89,False,False,False,1356.755,False
4658,MCH3156,"Bal, Deo and Kala",5999.0,Misc Retail,Partnership,Lucknow,Uttar Pradesh,,8908434715,True,Active,2486.0,False,False,False,1276.92,False
3431,MCH3161,Mittal-Bawa,5999.0,Misc Retail,Private Limited,Jalandhar,Punjab,2023-04-01 15:06:38,,False,Active,2703.14,False,False,False,1276.92,False
568,MCH3163_1,Dada-Kalita,5912.0,Pharmacy,Partnership,Hyderabad,Telangana,2026-01-16 00:00:00,,False,Active,963.91,False,False,False,1300.55,True
3528,MCH3163_2,Hora-Peri,5999.0,Misc Retail,Partnership,Kolkata,West Bengal,2025-08-22 19:53:51,CRLP7276100496707,True,Active,,False,False,False,1276.92,True
4022,MCH3163_3,Majumdar-Minhas,5999.0,Misc Retail,Sole Proprietor,Chennai,Tamil Nadu,2025-04-05 12:08:30,OGEJ6099307050342,True,Suspended,2179.72,False,True,False,1276.92,True
3332,MCH3167,"grewal, biswas and naidu",5411.0,Grocery,Sole Proprietor,Jaipur,Rajasthan,2024-02-19 00:00:00,,False,Active,2704.22,False,False,False,1233.545,False
3412,MCH3172_1,KumarandSons,5311.0,Department Store,Partnership,Amritsar,Punjab,2026-01-14 00:00:00,,False,Active,3144.22,False,False,False,1356.755,True
4789,MCH3172_2,SONI-VARTY,4814.0,Telecom,Sole Proprietor,Bengaluru,Karnataka,2025-07-10 02:41:34,XXXX7710,True,Active,3097.6,False,False,False,1213.17,True
1534,MCH3176,Gera Inc,4814.0,Mobile Recharge,Private Limited,Lucknow,Uttar Pradesh,2024-03-10 00:00:00,RGRY9601657474373,True,Active,1047.58,False,False,False,1108.585,False
2864,MCH3177_1,"Ping1e, Ra0 and Varty",4131.0,Travel,Individual,Kolkata,West Bengal,2025-04-19 12:39:17,XXXX0077,True,Suspended,1840.14,False,True,False,1012.28,True
2181,MCH3177_2,"Shere, Pal and Kothari",5942.0,Books & Stationery,Private Limited,Jaipur,Rajasthan,2024-12-04 00:00:00,XXXX6075,True,Inactive,785.75,False,False,False,1167.225,True
5921,MCH3178,GanesanGroup,5699.0,Apparel,Individual,Delhi,Delhi,2025-12-01 00:00:00,,False,Active,136.0,False,False,False,1252.4299999999998,False
2884,MCH3179_1,"Din,MukhopadhyayandBawa",5999.0,Misc Retail,Sole Proprietor,Chennai,Tamil Nadu,2023-10-31 00:00:00,UQUU0653302527343,True,Suspended,1687.99,False,True,False,1276.92,True
2803,MCH3179_2,"Sarma, Singh and Char",5311.0,Department Store,Individual,Hyderabad,Telangana,,,False,Active,1817.49,False,False,False,1356.755,True
3157,MCH3180,Sanghvi and S0ns,5912.0,Pharmacy,Private Limited,Delhi,Delhi,2023-06-03 00:00:00,XXXX6774,True,Active,2608.0,False,False,False,1300.55,False
5591,MCH3181,"Kothari, Sengupta and Sandal",4131.0,Transportation,Private Limited,Lucknow,Uttar Pradesh,2025-06-12 23:52:00,,False,Active,9001.75,False,False,False,1225.12,False
674,MCH3184,"Sane, Dhawan and Prabhakar",4814.0,Telecom,Individual,Mumbai,Maharashtra,2023-12-09 00:00:00,,False,Active,1192.54,False,False,False,1213.17,False
4319,MCH3187,"Mand, Singhal and Raman",5912.0,Pharmacy,Sole Proprietor,Kolkata,West Bengal,2023-07-11 07:10:22,ZOEN9168175383897,True,Active,4276.66,False,False,False,1300.55,False
2312,MCH3189_1,De-Kakar,4131.0,Transportation,Sole Proprietor,Hyderabad,Telangana,2023-07-21 00:00:00,IBQI3951526750314,True,Suspended,,False,True,False,1225.12,True
2397,MCH3189_2,Kapoor-Hegde,5411.0,Grocery,Partnership,Hyderabad,Telangana,2023-02-01 03:59:34,XXXX4992,True,Active,3153.88,False,False,False,1233.545,True
3292,MCH3189_3,Prasad Inc,4814.0,Telecom,Individual,Lucknow,Uttar Pradesh,2025-07-30 00:00:00,,False,Active,2516.09,False,False,False,1213.17,True
4625,MCH3189_4,Walla-Sawhney,4814.0,Telecom,Partnership,Bengaluru,Karnataka,2024-05-14 00:00:00,8245733998,True,Active,,False,False,False,1213.17,True
4754,MCH3191,Dhawan-Warrior,4131.0,Transportation,Sole Proprietor,Hyderabad,Telangana,2024-09-12 01:09:18,,False,Active,1885.9,False,False,False,1225.12,False
471,MCH3199,deshmukh-karnik,5311.0,Department Store,Partnership,Jaipur,Rajasthan,2023-08-10 00:00:00,GHWA0359999214011,True,Active,2251.19,False,False,False,1356.755,False
1344,MCH3201,BAHL AND SONS,5942.0,Books & Stationery,Sole Proprietor,Amritsar,Punjab,2024-05-27 00:00:00,4264935431,True,Active,576.96,False,False,False,1167.225,False
1956,MCH3203,Randhawa-Pant,5311.0,Retail,Partnership,Jaipur,Rajasthan,2024-12-16 07:20:41,XXXX9443,True,Active,,False,False,False,1126.42,False
93,MCH3206_1,Ahuja-Din,5311.0,Retail,Sole Proprietor,Hyderabad,Telangana,2026-01-11 13:50:54,XXXX4117,True,Active,1244.0,False,False,False,1126.42,True
1404,MCH3206_2,Ray Inc,7011.0,Hotel,Individual,Kolkata,West Bengal,2024-08-27 09:49:12,QOEA8761018728907,True,Active,490.27,False,False,False,1161.77,True
2364,MCH3207,"Gala, Khatri and Khalsa",5912.0,Pharmacy,Partnership,Amritsar,Punjab,2024-04-23 00:00:00,7398854821,True,Active,929.51,False,False,False,1300.55,False
4692,MCH3211,"Mani, Hora and Hayer",5912.0,Pharmacy,Private Limited,Bengaluru,Karnataka,2026-01-31 00:00:00,SYDI3812560844687,True,Active,3678.27,False,False,False,1300.55,False
2981,MCH3212,Merchant LLC,5999.0,Misc Retail,Private Limited,Bengaluru,Karnataka,2023-07-06 11:16:53,9377229545,True,Active,980.37,False,False,False,1276.92,False
1157,MCH3214,Dubey Inc,4131.0,Transportation,Individual,Bengaluru,Karnataka,2024-07-24 00:45:00,1238686450,True,Active,2052.0,False,False,False,1225.12,False
4332,MCH3216,K0thari-Bhatia,5411.0,Grocery,Sole Proprietor,Hyderabad,Telangana,2025-01-28 12:09:00,3754349166,True,Active,1987.15,False,False,False,1233.545,False
1560,MCH3218,"KEER, SONI AND DESHPANDE",5912.0,Pharmacy,Sole Proprietor,Mumbai,Maharashtra,2024-03-10 00:00:00,8214766650,True,Active,3727.56,False,False,False,1300.55,False
1773,MCH3219,Aggarwal Group,5311.0,Department Store,Partnership,Lucknow,Uttar Pradesh,2025-08-29 00:00:00,RNPG2912069741191,True,Active,1058.64,False,False,False,1356.755,False
5371,MCH3221,Baria-Dube,7011.0,Hotel,Sole Proprietor,Kolkata,West Bengal,,CKDG4069954350716,True,Inactive,338.34,False,False,False,1161.77,False
4891,MCH3229,Keer-Kale,5912.0,Pharmacy,Sole Proprietor,Mumbai,Maharashtra,2024-02-28 21:40:00,UDDZ7214972649948,True,Active,276.23,False,False,False,1300.55,False
4845,MCH3231,Gokhale Group,5411.0,Grocery,Individual,Jalandhar,Punjab,,,False,Active,205.0,False,False,False,1233.545,False
2732,MCH3232_1,"Sarraf,ChaudhuriandAcharya",5812.0,Restaurant,Sole Proprietor,Kolkata,West Bengal,2024-05-29 00:00:00,,False,Active,,False,False,False,1327.31,True
6185,MCH3232_2,Shroff-Bobal,5812.0,Restaurant,Partnership,Kolkata,West Bengal,2024-04-26 00:00:00,,False,Active,613.79,False,False,False,1327.31,True
5851,MCH3233,"Dada, Pingle and Date",5699.0,Apparel,Individual,Pune,Maharashtra,2025-11-23 00:00:00,,False,Inactive,5434.84,False,False,False,1252.4299999999998,False
4860,MCH3234,Lad Inc,,Mobile Recharge,Individual,Kolkata,West Bengal,2024-02-21 00:00:00,LTGH4419649542857,True,Active,,True,False,True,1108.585,False
436,MCH3237,Gaba Inc,5999.0,Misc Retail,Sole Proprietor,Delhi,Delhi,2023-06-03 15:03:00,YPVB7296650386869,True,Suspended,,False,True,False,1276.92,False
518,MCH3240,"roy, dash and bobal",5411.0,Grocery,Partnership,Pune,Maharashtra,2023-11-13 00:00:00,CMDO7903517998811,True,Active,1077.02,False,False,False,1233.545,False
3859,MCH3242,"upadhyay, dash and vaidya",5999.0,Misc Retail,Partnership,Jaipur,Rajasthan,,,False,Active,1731.73,False,False,False,1276.92,False
1876,MCH3244,Murthy Group,5912.0,Pharmacy,Private Limited,Jalandhar,Punjab,2025-03-07 05:29:26,,False,Active,3366.47,False,False,False,1300.55,False
2628,MCH3247,  Nagarajan-Shan  ,,Pharmacy,Individual,Chennai,Tamil Nadu,2025-07-04 21:55:00,5730507447,True,Inactive,2666.23,False,False,True,1300.55,False
2633,MCH3250,Bose-Kalita,5311.0,Department Store,Sole Proprietor,Mumbai,Maharashtra,,,False,Inactive,1514.47,False,False,False,1356.755,False
5390,MCH3251,BALAN-KUNDA,5411.0,Grocery,Individual,Ludhiana,Punjab,2024-12-14 00:00:00,,False,Active,3266.06,False,False,False,1233.545,False
2598,MCH3252,"Patel, Saran and Bala",5699.0,Apparel,Individual,Pune,Maharashtra,2023-06-18 00:00:00,4243165999,True,Active,1917.91,False,False,False,1252.4299999999998,False
3004,MCH3253,Khatri-Krishnamurthy,5942.0,Books & Stationery,Partnership,Lucknow,Uttar Pradesh,2023-12-19 08:58:42,,False,Active,2086.58,False,False,False,1167.225,False
5218,MCH3254_1,"Chanda, Maharaj and Chandra",4131.0,Transportation,Partnership,Hyderabad,Telangana,2025-11-03 00:00:00,TXWB1746078464859,True,Active,1842.04,False,False,False,1225.12,True
6063,MCH3254_2,Maharaj-Sharaf,5942.0,Books & Stationery,Partnership,Amritsar,Punjab,2024-03-12 00:00:00,7494346991,True,Active,958.41,False,False,False,1167.225,True
491,MCH3255,"  Shah, Kala and Sarraf  ",7011.0,Hotel,Private Limited,Jalandhar,Punjab,2024-06-09 00:00:00,XXXX8773,True,Active,807.0,False,False,False,1161.77,False
4180,MCH3256,"Patil, Tripathi and Seshadri",5942.0,Books & Stationery,Partnership,Ludhiana,Punjab,2025-02-11 00:00:00,0074721461,True,Active,4035.32,False,False,False,1167.225,False
3649,MCH3259_1,Bajaj-Mann,4131.0,Transportation,Individual,Amritsar,Punjab,2024-05-09 00:00:00,VUFB9274060732272,True,Active,426.0,False,False,False,1225.12,True
269,MCH3259_2,Deep and Sons,5912.0,Pharmacy,Partnership,Delhi,Delhi,,7747336061,True,Active,308.57,False,False,False,1300.55,True
5999,MCH3260_1,Rana and Sons,5311.0,Retail,Individual,Amritsar,Punjab,2023-09-23 00:00:00,,False,Active,4589.68,False,False,False,1126.42,True
4366,MCH3260_2,Viswanathan Inc,4131.0,Transportation,Individual,Amritsar,Punjab,2025-09-24 18:33:11,,False,Inactive,2698.89,False,False,False,1225.12,True
4667,MCH3263_1,Barman Inc,,Books & Stationery,Partnership,Kolkata,West Bengal,2024-12-24 00:00:00,XXXX0034,True,Active,,True,False,True,1167.225,True
4274,MCH3263_2,SARNA-CHAUHAN,5812.0,Restaurant,Sole Proprietor,Lucknow,Uttar Pradesh,2025-05-18 00:00:00,4897875203,True,Active,2348.1,False,False,False,1327.31,True
5530,MCH3264_1,Gopal Ltd,7011.0,Hotel,Sole Proprietor,Pune,Maharashtra,2023-05-14 07:52:02,,False,Active,1501.67,False,False,False,1161.77,True
6200,MCH3264_2,"Narayanan, Krishnan and Bail",5411.0,Grocery,Sole Proprietor,Jaipur,Rajasthan,2025-03-25 00:00:00,XXXX4525,True,Active,3885.91,False,False,False,1233.545,True
2755,MCH3265_1,Mittal Ltd,5942.0,Books & Stationery,Private Limited,Hyderabad,Telangana,2024-08-15 00:38:28,GNXO4175681425980,True,Active,4170.98,False,False,False,1167.225,True
4957,MCH3265_2,"PRAKASH, WABLE AND GANESH",,Telecom,Individual,Jaipur,Rajasthan,2025-11-13 00:00:00,,False,Inactive,1446.0,False,False,True,1213.17,True
5801,MCH3265_3,Rau PLC,5311.0,Department Store,Partnership,Pune,Maharashtra,2023-07-01 00:00:00,,False,Active,843.84,False,False,False,1356.755,True
779,MCH3266,"Lalla, Baral and Pau",5311.0,Department Store,Private Limited,Chennai,Tamil Nadu,2025-09-17 12:56:00,ZAAY3109374136824,True,Active,1627.34,False,False,False,1356.755,False
4101,MCH3267_1,  Balasubramanian-Butala  ,,Apparel,Individual,Chennai,Tamil Nadu,2025-10-20 00:00:00,XXXX4438,True,Active,1843.39,False,False,True,1252.4299999999998,True
1388,MCH3267_2,"Dara, Rama and Ben",4814.0,Mobile Recharge,Partnership,Ludhiana,Punjab,2024-11-02 02:35:26,,False,Active,471.18,False,False,False,1108.585,True
1829,MCH3268,Kadakia-Rajan,5699.0,Apparel,Sole Proprietor,Pune,Maharashtra,2024-11-16 14:24:23,,False,Active,2055.32,False,False,False,1252.4299999999998,False
3642,MCH3269,Kara-Ramaswamy,,Restaurant,Partnership,Pune,Maharashtra,2023-12-07 00:00:00,,False,Active,1481.0,False,False,True,1327.31,False
5988,MCH3270,"CHOKSHI, DASH AND SRIVASTAVA",4131.0,Transportation,Partnership,Chennai,Tamil Nadu,2024-10-07 00:00:00,,False,Active,1910.46,False,False,False,1225.12,False
5854,MCH3272,Gera Group,5699.0,Apparel,Sole Proprietor,Chennai,Tamil Nadu,2023-04-03 12:44:00,EMXM6349169987807,True,Active,2272.01,False,False,False,1252.4299999999998,False
1554,MCH3274,Sen-Chawla,5311.0,Department Store,Private Limited,Chennai,Tamil Nadu,2023-02-25 00:00:00,8919947096,True,Active,,True,False,False,1356.755,False
5193,MCH3275,Sridhar and Sons,5699.0,Apparel,Partnership,Delhi,Delhi,2024-04-15 07:33:51,,False,Inactive,,False,False,False,1252.4299999999998,False
2238,MCH3277,Issac-Lata,,Mobile Recharge,Partnership,Delhi,Delhi,2025-09-22 00:00:00,RPRG9004987881265,True,Active,1571.63,False,False,True,1108.585,False
840,MCH3279,"Zachariah, Gill and Palla",5812.0,Restaurant,Individual,Pune,Maharashtra,2025-12-25 00:00:00,,False,Active,,False,False,False,1327.31,False
371,MCH3280,"Vohra, Bora and Vasa",5411.0,Grocery,Private Limited,Pune,Maharashtra,2023-10-16 16:01:00,,False,Suspended,412.76,False,True,False,1233.545,False
96,MCH3281_1,Ranganathan and Sons,5311.0,Retail,Partnership,Kolkata,West Bengal,2024-03-01 00:00:00,XXXX9655,True,Active,,True,False,False,1126.42,True
3595,MCH3281_2,Thakur-Gade,5912.0,Pharmacy,Sole Proprietor,Delhi,Delhi,,XXXX4216,True,Closed,432.42,False,False,False,1300.55,True
1620,MCH3284,  Lal and Sons  ,,Mobile Recharge,Private Limited,Ludhiana,Punjab,2024-02-18 00:00:00,XXXX5805,True,Closed,3943.29,False,False,True,1108.585,False
6068,MCH3285,"Prasad, Luthra and Suri",5311.0,Retail,Partnership,Bengaluru,Karnataka,2023-02-22 00:00:00,3068852550,True,Active,669.58,False,False,False,1126.42,False
5331,MCH3287,"dave, ganesan and biswas",5311.0,Retail,Individual,Bengaluru,Karnataka,,7925995111,True,Active,1007.0,False,False,False,1126.42,False
3143,MCH3288_1,"Bains, Arya and Sanghvi",7011.0,Hotel,Partnership,Mumbai,Maharashtra,2025-11-26 00:00:00,ZNEZ2979868781030,True,Inactive,,True,False,False,1161.77,True
3941,MCH3288_2,Kuruvilla-Kala,4814.0,Mobile Recharge,Partnership,Kolkata,West Bengal,2025-07-17 06:27:40,HFDT8427341893769,True,Active,,False,False,False,1108.585,True
3183,MCH3289_1,Rajagopalan-Master,5912.0,Pharmacy,Private Limited,Mumbai,Maharashtra,2025-05-17 00:00:00,UTKH3152831159971,True,Active,,False,False,False,1300.55,True
1857,MCH3289_2,Tripathi-Mandal,4814.0,Telecom,Individual,Chennai,Tamil Nadu,2024-12-29 00:00:00,XXXX2012,True,Active,1368.37,False,False,False,1213.17,True
5454,MCH3291,Sanghvi-Nair,7011.0,Hotel,Private Limited,Bengaluru,Karnataka,2023-09-25 00:00:00,,False,Active,3917.0,False,False,False,1161.77,False
662,MCH3292_1,  Murthy PLC  ,5942.0,Books & Stationery,Individual,Chennai,Tamil Nadu,2023-06-21 00:00:00,XXXX2688,True,Closed,2151.78,False,False,False,1167.225,True
831,MCH3292_2,Ravi-Keer,,Retail,Private Limited,Jalandhar,Punjab,2023-11-21 00:00:00,,False,Active,9611.45,False,False,True,1126.42,True
983,MCH3292_3,Sehgal-Kapur,5912.0,Pharmacy,Private Limited,Jalandhar,Punjab,2025-03-06 00:00:00,,False,Active,751.44,False,False,False,1300.55,True
5476,MCH3294,"Murty, Vala and Pall",4131.0,Transportation,Individual,Ludhiana,Punjab,2024-12-10 00:00:00,7450449470,True,Active,822.03,False,False,False,1225.12,False
784,MCH3296,Sampath-Chopra,5999.0,Misc Retail,Individual,Bengaluru,Karnataka,2025-11-18 00:00:00,XXXX2813,True,Active,1074.2,False,False,False,1276.92,False
5501,MCH3298,"kurian, sheth and bains",5699.0,Apparel,Individual,Delhi,Delhi,2025-04-20 00:00:00,XXXX3758,True,Active,3789.0,False,False,False,1252.4299999999998,False
1414,MCH3299,"Varghese, Tripathi and Ganesh",5999.0,Misc Retail,Sole Proprietor,Bengaluru,Karnataka,2023-07-12 00:00:00,,False,Inactive,2177.34,False,False,False,1276.92,False
1149,MCH3301,REDDY AND SONS,5942.0,Books & Stationery,Partnership,Jaipur,Rajasthan,2023-06-25 03:39:00,5060880178,True,Active,2571.65,False,False,False,1167.225,False
2178,MCH3307,Uppal and Sons,7011.0,Hotel,Private Limited,Pune,Maharashtra,2023-03-07 20:38:00,WQAU2336118593269,True,Active,1033.39,False,False,False,1161.77,False
5255,MCH3308_1,"DHAWAN, RANGANATHAN AND LUTHRA",5699.0,Apparel,Partnership,Amritsar,Punjab,2026-01-09 00:00:00,XXXX7835,True,Inactive,2438.38,False,False,False,1252.4299999999998,True
3938,MCH3308_2,Misra Inc,5311.0,Retail,Sole Proprietor,Ludhiana,Punjab,,2104958437,True,Active,8756.33,False,False,False,1126.42,True
5045,MCH3308_3,Setty LLC,5942.0,Books & Stationery,Partnership,Pune,Maharashtra,2023-06-28 00:00:00,,False,Active,883.84,False,False,False,1167.225,True
958,MCH3311_1,"Agarwal, Bhandari and Varma",5699.0,Apparel,Individual,Lucknow,Uttar Pradesh,2023-10-16 00:00:00,6820052693,True,Active,1187.8,False,False,False,1252.4299999999998,True
5603,MCH3311_2,Sule Ltd,5942.0,Books & Stationery,Sole Proprietor,Pune,Maharashtra,2026-01-30 17:36:53,XXXX2539,True,Active,1079.15,False,False,False,1167.225,True
812,MCH3313,Comar-Sidhu,5311.0,Department Store,Sole Proprietor,Lucknow,Uttar Pradesh,2023-07-30 00:00:00,GKCY1460435380907,True,Closed,408.55,False,False,False,1356.755,False
2595,MCH3319,"Jani, Tailor and Radhakrishnan",5699.0,Apparel,Sole Proprietor,Jalandhar,Punjab,2024-08-26 05:30:00,IUQF4655993827398,True,Active,,True,False,False,1252.4299999999998,False
5811,MCH3321,Barad-Trivedi,,Transportation,Sole Proprietor,Amritsar,Punjab,2025-09-19 04:50:00,,False,Active,2096.6,False,False,True,1225.12,False
1316,MCH3323,Dey PLC,4814.0,Telecom,Sole Proprietor,Jaipur,Rajasthan,2024-12-24 05:37:48,XXXX2284,True,Inactive,559.08,False,False,False,1213.17,False
1122,MCH3324_1,Char-Gera,5699.0,Apparel,Partnership,Pune,Maharashtra,2026-02-20 00:00:00,DLMI3626046968894,True,Suspended,2076.73,False,True,False,1252.4299999999998,True
3019,MCH3324_2,"Thaman, Rajagopal and Borde",7011.0,Hotel,Private Limited,Jalandhar,Punjab,2023-10-09 00:00:00,,False,Inactive,366.78,False,False,False,1161.77,True
612,MCH3325,Varty-Vig,5912.0,Pharmacy,Partnership,Kolkata,West Bengal,2023-10-29 00:00:00,XXXX1753,True,Active,4212.0,False,False,False,1300.55,False
374,MCH3327,Balay Ltd,5912.0,Pharmacy,Partnership,Amritsar,Punjab,2024-06-10 00:00:00,4132109142,True,Active,799.92,False,False,False,1300.55,False
503,MCH3328_1,Jha-Chaha1,5311.0,Retail,Individual,Kolkata,West Bengal,2023-04-13 00:00:00,VIVF5640000542857,True,Active,,False,False,False,1126.42,True
3420,MCH3328_2,"NARANG, LAL AND BHALLA",5942.0,Books & Stationery,Sole Proprietor,Kolkata,West Bengal,2024-10-20 00:00:00,XXXX6467,True,Active,3697.78,False,False,False,1167.225,True
5814,MCH3328_3,Singh-Comar,5912.0,Pharmacy,Sole Proprietor,Pune,Maharashtra,2025-12-14 00:00:00,XXXX6840,True,Active,,True,False,False,1300.55,True
3531,MCH3328_4,Yadav and Sons,4814.0,Telecom,Partnership,Lucknow,Uttar Pradesh,2023-04-20 00:00:00,FIFX0642566792123,True,Active,1324.81,False,False,False,1213.17,True
4374,MCH3330,"Keer, Gupta and Som",5311.0,Department Store,Private Limited,Jalandhar,Punjab,2025-11-26 00:00:00,LOCM5644673929837,True,Active,3134.69,False,False,False,1356.755,False
2553,MCH3331,"Shukla, Kadakia and Kata",5699.0,Apparel,Private Limited,Ludhiana,Punjab,2025-03-18 00:00:00,,False,Active,1008.43,False,False,False,1252.4299999999998,False
200,MCH3333,Dada PLC,5999.0,Misc Retail,Private Limited,Mumbai,Maharashtra,2024-03-18 00:00:00,,False,Active,668.0,False,False,False,1276.92,False
3103,MCH3334,Majumdar-Raja,4814.0,Mobile Recharge,Private Limited,Hyderabad,Telangana,2023-02-09 04:50:00,7204878806,True,Active,2941.2,False,False,False,1108.585,False
4699,MCH3335,Choudhary Ltd,5699.0,Apparel,Partnership,Lucknow,Uttar Pradesh,2025-08-11 00:00:00,,False,Active,413.6,False,False,False,1252.4299999999998,False
4238,MCH3338,"Mistry, Majumdar and Ghosh",4814.0,Mobile Recharge,Individual,Ludhiana,Punjab,2024-04-26 08:50:51,KYYU5062619258958,True,Active,1989.0,False,False,False,1108.585,False
4310,MCH3340_1,Bhargava LLC,5699.0,Apparel,Sole Proprietor,Kolkata,West Bengal,2025-10-12 02:52:58,,False,Inactive,,True,False,False,1252.4299999999998,True
64,MCH3340_2,VARTY-CHOKSHI,5999.0,Misc Retail,Partnership,Chennai,Tamil Nadu,2023-04-07 03:02:50,,False,Active,311.76,False,False,False,1276.92,True
1225,MCH3341,Ramesh Inc,5912.0,Pharmacy,Individual,Mumbai,Maharashtra,2024-11-15 02:33:00,,False,Active,1745.15,False,False,False,1300.55,False
614,MCH3348,"Chauhan, Chowdhury and Dhillon",5942.0,Books & Stationery,Individual,Amritsar,Punjab,2023-12-16 00:00:00,MCSB8481417353125,True,Active,,True,False,False,1167.225,False
3814,MCH3351,"Loke, Narasimhan and Gandhi",5912.0,Pharmacy,Partnership,Amritsar,Punjab,2023-06-22 00:00:00,,False,Suspended,1029.99,False,True,False,1300.55,False
278,MCH3353_1,bhardwaj and sons,,Pharmacy,Partnership,Bengaluru,Karnataka,2023-02-23 13:02:00,,False,Suspended,4012.28,False,True,True,1300.55,True
2548,MCH3353_2,sachar ltd,5942.0,Books & Stationery,Private Limited,Jalandhar,Punjab,2023-06-06 00:00:00,,False,Inactive,446.0,False,False,False,1167.225,True
888,MCH3354,"Barad, Ahluwalia and Mahal",5942.0,Books & Stationery,Partnership,Lucknow,Uttar Pradesh,2026-02-06 09:23:45,XXXX7924,True,Active,906.14,False,False,False,1167.225,False
1447,MCH3357_1,"  Batta, Kannan and Srinivas  ",4814.0,Telecom,Partnership,Delhi,Delhi,2023-10-27 00:00:00,,False,Active,2454.25,False,False,False,1213.17,True
2629,MCH3357_2,"Sundaram, Kara and Sibal",7011.0,Hotel,Partnership,Amritsar,Punjab,2025-11-14 12:11:27,XVJC4162540658234,True,Active,246.81,False,False,False,1161.77,True
2203,MCH3358,Suri-Dhillon,4131.0,Travel,Individual,Kolkata,West Bengal,2023-09-22 00:00:00,3713072949,True,Inactive,665.29,False,False,False,1012.28,False
342,MCH3361,Sabharwal-Shah,,Transportation,Partnership,Jalandhar,Punjab,2024-01-06 00:00:00,KQNB2621280715561,True,Closed,887.23,False,False,True,1225.12,False
4387,MCH3362,Chander-Sangha,5411.0,Grocery,Private Limited,Amritsar,Punjab,2026-02-26 04:43:00,,False,Suspended,12795.59,False,True,False,1233.545,False
5693,MCH3369_1,Hans LLC,5942.0,Books & Stationery,Sole Proprietor,Mumbai,Maharashtra,,YCNF1081951553349,True,Active,3188.62,False,False,False,1167.225,True
3946,MCH3369_2,"yadav, deep and bassi",5999.0,Misc Retail,Individual,Lucknow,Uttar Pradesh,2024-05-16 00:00:00,0407364103,True,Active,786.0,False,False,False,1276.92,True
1356,MCH3371_1,Bath PLC,,Mobile Recharge,Private Limited,Chennai,Tamil Nadu,2024-06-16 00:00:00,XXXX9871,True,Active,1557.07,False,False,True,1108.585,True
2619,MCH3371_2,  Ganguly Group  ,5699.0,Apparel,Sole Proprietor,Lucknow,Uttar Pradesh,2024-11-18 12:48:12,,False,Active,304.02,False,False,False,1252.4299999999998,True
4740,MCH3371_3,Raju Inc,4131.0,Transportation,Partnership,Hyderabad,Telangana,2025-04-19 05:25:00,ENEX5677212292143,True,Active,4057.11,False,False,False,1225.12,True
4407,MCH3376,Sama-Gaba,5411.0,Grocery,Individual,Hyderabad,Telangana,,XXXX4890,True,Active,732.24,False,False,False,1233.545,False
4989,MCH3379,Sura Inc,5411.0,Grocery,Sole Proprietor,Chennai,Tamil Nadu,2023-11-28 00:00:00,,False,Active,851.53,False,False,False,1233.545,False
2669,MCH3382_1,"  Patla, Thakur and Kaur  ",4131.0,Transportation,Private Limited,Pune,Maharashtra,2025-02-06 19:20:09,,False,Active,470.22,False,False,False,1225.12,True
4503,MCH3382_2,Walla-Rau,5311.0,Department Store,Individual,Mumbai,Maharashtra,,,False,Inactive,2452.74,False,False,False,1356.755,True
5672,MCH3383,  Muni Inc  ,5999.0,Misc Retail,Sole Proprietor,Delhi,Delhi,2023-04-21 22:36:00,XXXX2845,True,Active,5804.6,False,False,False,1276.92,False
5830,MCH3384_1,BALA-DHALIWAL,5942.0,Books & Stationery,Individual,Mumbai,Maharashtra,,,False,Active,635.55,False,False,False,1167.225,True
610,MCH3384_2,GILL-BAKSHI,5999.0,Misc Retail,Partnership,Kolkata,West Bengal,2023-06-27 00:00:00,8993037640,True,Active,1223.35,False,False,False,1276.92,True
4153,MCH3386_1,"balay, chacko and dani",5311.0,Department Store,Private Limited,Jaipur,Rajasthan,2025-10-27 15:17:05,XXXX2339,True,Active,2775.53,False,False,False,1356.755,True
5661,MCH3386_2,Mody LLC,5311.0,Retail,Sole Proprietor,Mumbai,Maharashtra,2023-12-21 00:00:00,9912276450,True,Active,1737.99,False,False,False,1126.42,True
5973,MCH3387,Boase Ltd,4814.0,Mobile Recharge,Sole Proprietor,Chennai,Tamil Nadu,2024-10-20 00:00:00,,False,Active,4926.8,False,False,False,1108.585,False
652,MCH3388_1,"Chaudhary, Patel and Bhatti",7011.0,Hotel,Partnership,Delhi,Delhi,2026-02-10 03:56:14,,False,Inactive,2198.14,False,False,False,1161.77,True
2703,MCH3388_2,"Ha1der, Chander and Krishnamurthy",5311.0,Department Store,Individual,Ludhiana,Punjab,2025-03-23 00:51:00,FTJO6113858465780,True,Inactive,447.14,False,False,False,1356.755,True
2266,MCH3388_3,Prakash Inc,5999.0,Misc Retail,Individual,Kolkata,West Bengal,2024-02-14 00:00:00,,False,Closed,1438.0,False,False,False,1276.92,True
2565,MCH3389_1,"Barad, Murthy and Muni",,Pharmacy,Individual,Amritsar,Punjab,2025-03-19 00:00:00,,False,Active,234.09,False,False,True,1300.55,True
540,MCH3389_2,Korpal-Hegde,,Pharmacy,Individual,Ludhiana,Punjab,2023-04-11 00:37:00,,False,Active,,True,False,True,1300.55,True
5882,MCH3391,Dass Inc,4131.0,Transportation,Partnership,Lucknow,Uttar Pradesh,,XXXX1148,True,Active,1298.0,False,False,False,1225.12,False
1644,MCH3393,"PANCHAL, MISTRY AND SAWHNEY",,Grocery,Sole Proprietor,Amritsar,Punjab,,,False,Active,612.0,False,False,True,1233.545,False
335,MCH3395_1,"Boase, Dutt and Sami",5912.0,Pharmacy,Partnership,Jaipur,Rajasthan,2024-07-22 00:00:00,,False,Inactive,619.0,False,False,False,1300.55,True
1592,MCH3395_2,Merchant-Johal,4131.0,Transportation,Individual,Lucknow,Uttar Pradesh,,MDBK0638673035972,True,Active,2176.33,False,False,False,1225.12,True
1107,MCH3398,Chaudhary Ltd,5699.0,Apparel,Sole Proprietor,Chennai,Tamil Nadu,2023-11-18 08:31:43,5865246306,True,Inactive,1864.25,False,False,False,1252.4299999999998,False
5279,MCH3399_1,MUNI AND SONS,5699.0,Apparel,Private Limited,Amritsar,Punjab,2024-07-04 00:00:00,2117257070,True,Active,,True,False,False,1252.4299999999998,True
98,MCH3399_2,Rana-Talwar,5912.0,Pharmacy,Private Limited,Mumbai,Maharashtra,2024-03-30 09:48:22,6585786984,True,Active,575.9,False,False,False,1300.55,True
146,MCH3401,chana llc,5411.0,Grocery,Individual,Chennai,Tamil Nadu,,XXXX4048,True,Active,3703.23,False,False,False,1233.545,False
3836,MCH3402,"Lala, Loyal and Trivedi",5999.0,Misc Retail,Partnership,Pune,Maharashtra,2025-12-14 00:00:00,4812392751,True,Closed,1152.61,False,False,False,1276.92,False
5750,MCH3404,"parekh, lad and soman",5311.0,Department Store,Individual,Mumbai,Maharashtra,2023-02-16 00:00:00,PSMJ2500672647390,True,Active,,True,False,False,1356.755,False
2104,MCH3405,"DARA, BOASE AND CHADA",5999.0,Misc Retail,Partnership,Pune,Maharashtra,2024-03-06 00:00:00,XXXX5690,True,Active,210.2,False,False,False,1276.92,False
2691,MCH3406,"Swamy, Borah and Sampath",5311.0,Retail,Individual,Mumbai,Maharashtra,2024-05-22 03:05:47,XXXX9630,True,Inactive,438.79,False,False,False,1126.42,False
2164,MCH3407,Lal LLC,,Misc Retail,Private Limited,Jalandhar,Punjab,2023-09-27 00:00:00,XXXX9006,True,Active,3232.78,False,False,True,1276.92,False
5496,MCH3409,BADAMI AND SONS,7011.0,Hotel,Sole Proprietor,Bengaluru,Karnataka,2024-05-31 00:00:00,,False,Active,1179.18,False,False,False,1161.77,False
4924,MCH3410,Mutti PLC,7011.0,Hotel,Sole Proprietor,Chennai,Tamil Nadu,2023-05-23 00:00:00,5994810528,True,Active,4042.64,False,False,False,1161.77,False
3748,MCH3412,Tak and Sons,7011.0,Hotel,Sole Proprietor,Jaipur,Rajasthan,2024-10-31 00:00:00,XXXX3873,True,Active,4884.39,False,False,False,1161.77,False
808,MCH3414,Sahota Ltd,4814.0,Telecom,Private Limited,Amritsar,Punjab,2025-12-29 00:00:00,4026065439,True,Active,1607.54,False,False,False,1213.17,False
5984,MCH3415,Keer Inc,5812.0,Restaurant,Sole Proprietor,Chennai,Tamil Nadu,2025-06-05 05:53:37,XXXX8129,True,Active,,True,False,False,1327.31,False
5300,MCH3416,"Rau, Baral and Karan",4814.0,Mobile Recharge,Private Limited,Ludhiana,Punjab,2024-02-02 00:00:00,,False,Active,894.0,False,False,False,1108.585,False
231,MCH3418,Parsa-Parikh,5912.0,Pharmacy,Partnership,Hyderabad,Telangana,2024-07-15 00:00:00,CWGO5653761986608,True,Active,8725.31,False,False,False,1300.55,False
2315,MCH3419,"bansal, naidu and baria",5912.0,Pharmacy,Private Limited,Pune,Maharashtra,2024-03-26 00:00:00,,False,Active,357.64,False,False,False,1300.55,False
742,MCH3420,"Mani, Kota and Deol",4131.0,Travel,Individual,Jaipur,Rajasthan,2024-01-18 11:43:00,,False,Inactive,453.43,False,False,False,1012.28,False
5533,MCH3421,"Sandhu, Saxena and Talwar",5942.0,Books & Stationery,Sole Proprietor,Delhi,Delhi,,XXXX6543,True,Suspended,1117.58,False,True,False,1167.225,False
5545,MCH3423,Sant-Singh,7011.0,Hotel,Partnership,Delhi,Delhi,2023-01-01 09:47:09,9051549967,True,Active,11283.23,False,False,False,1161.77,False
4589,MCH3424,Tandon-Raja,5411.0,Grocery,Private Limited,Pune,Maharashtra,2023-08-09 00:00:00,LJDU7390595746498,True,Closed,1643.97,False,False,False,1233.545,False
1348,MCH3426,"Morar, Dar and Raja",5311.0,Department Store,Individual,Jalandhar,Punjab,2023-10-25 00:00:00,XXXX0393,True,Inactive,1252.0,False,False,False,1356.755,False
1874,MCH3431,Ghosh and Sons,,Restaurant,Sole Proprietor,Mumbai,Maharashtra,2025-11-24 00:00:00,LTDQ5015892785519,True,Suspended,1904.92,False,True,True,1327.31,False
4559,MCH3433,"  Pathak, Sathe and Rama  ",5411.0,Grocery,Private Limited,Kolkata,West Bengal,2025-12-22 00:00:00,XXXX0746,True,Inactive,3697.0,False,False,False,1233.545,False
4926,MCH3435,"MITTER, CHAKRABARTI AND SWAMINATHAN",5812.0,Restaurant,Individual,Ludhiana,Punjab,2023-04-23 00:00:00,XXXX3745,True,Active,1050.63,False,False,False,1327.31,False
3855,MCH3438_1,Kapur-Mangat,4131.0,Transportation,Partnership,Hyderabad,Telangana,,XXXX6916,True,Active,1153.19,False,False,False,1225.12,True
3196,MCH3438_2,Murty-Parmar,,Mobile Recharge,Private Limited,Amritsar,Punjab,2024-04-10 00:00:00,LRSK8249071074897,True,Active,621.11,False,False,True,1108.585,True
847,MCH3438_3,Sodhi-Khosla,5311.0,Department Store,Private Limited,Amritsar,Punjab,,XXXX2260,True,Active,,False,False,False,1356.755,True
3250,MCH3439_1,"Grewal, Kar and Krishnan",4814.0,Mobile Recharge,Partnership,Ludhiana,Punjab,2025-08-08 00:00:00,,False,Inactive,761.0,False,False,False,1108.585,True
1272,MCH3439_2,"PALAN, BORA AND PURI",5411.0,Grocery,Private Limited,Ludhiana,Punjab,2024-05-03 00:36:00,AHWJ3061043363701,True,Active,1840.58,False,False,False,1233.545,True
889,MCH3440,"  Sahni, Thakur and Kale  ",5411.0,Grocery,Partnership,Hyderabad,Telangana,2024-10-14 11:53:00,SWXL8005196412661,True,Active,797.0,False,False,False,1233.545,False
2685,MCH3441,"Naidu, Nayar and Chand",5942.0,Books & Stationery,Partnership,Ludhiana,Punjab,2023-05-29 00:00:00,1623488849,True,Active,817.0,False,False,False,1167.225,False
1171,MCH3442_1,Choudhry-Ravi,5699.0,Apparel,Partnership,Mumbai,Maharashtra,2025-09-09 00:00:00,XXXX0565,True,Active,3189.0,False,False,False,1252.4299999999998,True
3961,MCH3442_2,Garg-Borah,4131.0,Travel,Partnership,Chennai,Tamil Nadu,2023-09-29 10:20:54,2231701583,True,Active,3562.63,False,False,False,1012.28,True
32,MCH3442_3,Kuruvilla Ltd,5411.0,Grocery,Partnership,Hyderabad,Telangana,2023-11-04 00:00:00,,False,Inactive,1281.68,False,False,False,1233.545,True
3356,MCH3442_4,"Thaman, Tata and Divan",5411.0,Grocery,Sole Proprietor,Jalandhar,Punjab,2024-01-07 05:17:00,5904029606,True,Suspended,486.0,False,True,False,1233.545,True
4745,MCH3445,"Madan, Naidu and Andra",7011.0,Hotel,Private Limited,Jaipur,Rajasthan,2023-07-09 00:00:00,2270103966,True,Active,983.3,False,False,False,1161.77,False
5966,MCH3446,Ganesan-Contractor,5411.0,Grocery,Sole Proprietor,Lucknow,Uttar Pradesh,2026-01-24 03:27:14,7922786735,True,Inactive,348.14,False,False,False,1233.545,False
4202,MCH3447,ANDRA-EDWIN,5699.0,Apparel,Individual,Hyderabad,Telangana,2023-10-09 13:58:47,XXXX8236,True,Active,1619.69,False,False,False,1252.4299999999998,False
2866,MCH3449_1,NIGAM-AGATE,5999.0,Misc Retail,Partnership,Mumbai,Maharashtra,2026-02-13 03:43:32,UOSM0726239882457,True,Active,236.02,False,False,False,1276.92,True
1603,MCH3449_2,"Sundaram, Dasgupta and Dutt",5999.0,Misc Retail,Individual,Chennai,Tamil Nadu,2025-06-14 00:00:00,9645543739,True,Inactive,436.0,False,False,False,1276.92,True
2263,MCH3451,AMBLE-NAIR,5912.0,Pharmacy,Sole Proprietor,Amritsar,Punjab,2025-10-06 00:00:00,XXXX8569,True,Suspended,,False,True,False,1300.55,False
5980,MCH3452,"Tandon, Oza and Sharma",5411.0,Grocery,Sole Proprietor,Pune,Maharashtra,2025-04-08 00:00:00,,False,Closed,,True,False,False,1233.545,False
1366,MCH3453,"Sangha, Minhas and Patil",7011.0,Hotel,Private Limited,Jaipur,Rajasthan,2023-11-15 00:00:00,5047749653,True,Active,,True,False,False,1161.77,False
4382,MCH3454,Rajagopal-Wason,5812.0,Restaurant,Partnership,Hyderabad,Telangana,2024-08-22 15:32:00,XXXX7731,True,Active,,True,False,False,1327.31,False
66,MCH3455,Singhal LLC,5311.0,Department Store,Individual,Jalandhar,Punjab,2026-06-01 05:10:00,,False,Active,11222.95,False,False,False,1356.755,False
2065,MCH3459,  Nagi-Saini  ,4814.0,Telecom,Sole Proprietor,Hyderabad,Telangana,2023-09-03 00:00:00,CIPH7138178222112,True,Active,2617.26,False,False,False,1213.17,False
2340,MCH3460,CHAND-BORA,5411.0,Grocery,Individual,Kolkata,West Bengal,2025-02-05 10:51:56,,False,Active,,False,False,False,1233.545,False
5720,MCH3461,"  Balakrishnan, Sachdeva and Sekhon  ",5999.0,Misc Retail,Individual,Mumbai,Maharashtra,2025-09-23 02:42:23,QTCR6301966166012,True,Active,1049.37,False,False,False,1276.92,False
2899,MCH3465,"Patla, Tiwari and Bobal",4814.0,Mobile Recharge,Private Limited,Amritsar,Punjab,2024-10-09 22:44:00,BMXM3313589371926,True,Active,662.0,False,False,False,1108.585,False
4011,MCH3468,Aurora-Ben,,Hotel,Private Limited,Hyderabad,Telangana,2025-03-16 00:00:00,,False,Active,199.0,False,False,True,1161.77,False
3835,MCH3469,Ha1der-Bains,,Telecom,Private Limited,Ludhiana,Punjab,,AHBB0158183764134,True,Active,943.76,False,False,True,1213.17,False
1216,MCH3470,CHOPRA-GARDE,4814.0,Telecom,Individual,Bengaluru,Karnataka,2025-03-02 00:00:00,,False,Active,509.62,False,False,False,1213.17,False
2648,MCH3473,"Mahal, Butala and Shenoy",4131.0,Travel,Individual,Amritsar,Punjab,2025-11-20 23:26:00,9906876351,True,Inactive,456.8,False,False,False,1012.28,False
4338,MCH3475,"  Wadhwa, Banik and Prakash  ",5812.0,Restaurant,Private Limited,Jaipur,Rajasthan,2025-01-16 00:00:00,4792307270,True,Active,335.53,False,False,False,1327.31,False
4262,MCH3477,"Mangal, Comar and Krish",5311.0,Department Store,Sole Proprietor,Mumbai,Maharashtra,2025-03-30 09:40:40,,False,Active,13897.21,False,False,False,1356.755,False
4780,MCH3481,"RAJA, BRAR AND NAGAR",,Grocery,Private Limited,Delhi,Delhi,2023-03-13 00:00:00,XXXX8620,True,Active,1791.83,False,False,True,1233.545,False
2886,MCH3483,"Puri, Sachdeva and Jhaveri",5812.0,Restaurant,Private Limited,Jaipur,Rajasthan,2025-08-15 00:00:00,XXXX0583,True,Closed,1128.9,False,False,False,1327.31,False
2240,MCH3484,Sidhu LLC,5999.0,Misc Retail,Individual,Ludhiana,Punjab,,,False,Active,,True,False,False,1276.92,False
767,MCH3487_1,Mutti Inc,5699.0,Apparel,Sole Proprietor,Kolkata,West Bengal,2023-07-24 00:00:00,,False,Active,,True,False,False,1252.4299999999998,True
3584,MCH3487_2,Soni and Sons,5912.0,Pharmacy,Sole Proprietor,Lucknow,Uttar Pradesh,2023-05-16 03:23:00,XXXX5287,True,Active,1671.71,False,False,False,1300.55,True
5152,MCH3487_3,Subramanian Inc,5812.0,Restaurant,Individual,Pune,Maharashtra,2025-07-26 00:00:00,,False,Active,1612.87,False,False,False,1327.31,True
5311,MCH3488,  Sarna-Ramaswamy  ,5699.0,Apparel,Private Limited,Kolkata,West Bengal,2025-12-10 17:02:29,XXXX7182,True,Active,1118.6,False,False,False,1252.4299999999998,False
2620,MCH3489,Bahl-Bhavsar,4131.0,Transportation,Partnership,Delhi,Delhi,,XXXX6898,True,Active,908.03,False,False,False,1225.12,False
1238,MCH3490,Sachdev-Din,5411.0,Grocery,Individual,Delhi,Delhi,2023-02-21 00:00:00,VNMY8994386086089,True,Suspended,570.0,False,True,False,1233.545,False
1347,MCH3491,"  Chawla, Tella and Madan  ",,Mobile Recharge,Sole Proprietor,Lucknow,Uttar Pradesh,2025-05-23 00:00:00,,False,Active,1044.7,False,False,True,1108.585,False
106,MCH3497,"Gokhale, Parmer and Contractor",,Transportation,Individual,Jalandhar,Punjab,2023-11-03 21:39:51,,False,Active,,True,False,True,1225.12,False
4741,MCH3498,AGATE AND SONS,4814.0,Telecom,Individual,Chennai,Tamil Nadu,,,False,Active,1499.04,False,False,False,1213.17,False
4169,MCH3499_1,"Gaba, Nanda and Pillay",5812.0,Restaurant,Private Limited,Mumbai,Maharashtra,2023-09-30 00:00:00,,False,Active,804.98,False,False,False,1327.31,True
4016,MCH3499_2,"Mand, Munshi and Bali",5311.0,Retail,Sole Proprietor,Chennai,Tamil Nadu,2026-02-01 00:00:00,,False,Active,1115.88,False,False,False,1126.42,True
929,MCH3501,Chandran-Tripathi,5999.0,Misc Retail,Private Limited,Mumbai,Maharashtra,,1873775978,True,Active,1658.21,False,False,False,1276.92,False
2786,MCH3502,"  Bail, Sawhney and Majumdar  ",,Restaurant,Individual,Hyderabad,Telangana,2024-02-05 16:37:39,,False,Active,4792.39,False,False,True,1327.31,False
3106,MCH3504,"Ram, Dora and Bhatti",5942.0,Books & Stationery,Individual,Pune,Maharashtra,2025-05-08 00:00:00,OOSJ0277155475198,True,Inactive,520.17,False,False,False,1167.225,False
2236,MCH3506,Peri Group,7011.0,Hotel,Individual,Bengaluru,Karnataka,,PINF7358781184682,True,Active,3808.09,False,False,False,1161.77,False
2747,MCH3507,"Sundaram, Shan and Subramanian",7011.0,Hotel,Individual,Amritsar,Punjab,2023-01-28 00:00:00,7115308153,True,Active,950.31,False,False,False,1161.77,False
5120,MCH3508,  Prabhu and Sons  ,4131.0,Travel,Private Limited,Delhi,Delhi,2024-07-26 00:00:00,,False,Active,1850.0,False,False,False,1012.28,False
5682,MCH3509_1,Dara-Rajagopalan,5912.0,Pharmacy,Sole Proprietor,Kolkata,West Bengal,2023-09-09 00:00:00,JSXR7999494577088,True,Active,1651.56,False,False,False,1300.55,True
4123,MCH3509_2,Tandon-Thakur,5999.0,Misc Retail,Private Limited,Pune,Maharashtra,2024-03-27 19:41:52,TBRS8526244076916,True,Active,253.7,False,False,False,1276.92,True
2508,MCH3510,  Sankaran Inc  ,5699.0,Apparel,Individual,Hyderabad,Telangana,2026-02-18 00:00:00,9848495819,True,Inactive,2317.0,False,False,False,1252.4299999999998,False
2741,MCH3511,"Konda, Venkatesh and Jha",5411.0,Grocery,Individual,Lucknow,Uttar Pradesh,2025-06-28 00:00:00,BGWP5416829581598,True,Active,,False,False,False,1233.545,False
3550,MCH3512,"  Bhatti, Khosla and Chhabra  ",,Mobile Recharge,Private Limited,Amritsar,Punjab,2023-05-04 23:36:19,,False,Active,1112.0,False,False,True,1108.585,False
5678,MCH3513,"Gade, Raghavan and Ben",5942.0,Books & Stationery,Individual,Chennai,Tamil Nadu,2024-07-21 08:51:00,EGJQ8131249829529,True,Inactive,1116.95,False,False,False,1167.225,False
4261,MCH3518,Borah and Sons,4131.0,Transportation,Sole Proprietor,Mumbai,Maharashtra,2026-06-02 15:51:00,GCBI5958315675126,True,Active,451.33,False,False,False,1225.12,False
3249,MCH3520_1,Jhaveri and Sons,7011.0,Hotel,Individual,Bengaluru,Karnataka,2023-03-22 00:00:00,2637882357,True,Active,1231.0,False,False,False,1161.77,True
5959,MCH3520_2,"Kannan, Bail and Sundaram",5699.0,Apparel,Sole Proprietor,Ludhiana,Punjab,2024-09-16 08:13:00,XXXX2156,True,Active,,True,False,False,1252.4299999999998,True
302,MCH3523,"Khare, Radhakrishnan and Gala",5812.0,Restaurant,Individual,Jaipur,Rajasthan,2025-12-04 00:00:00,,False,Active,,True,False,False,1327.31,False
5461,MCH3530,DUGAR PLC,5699.0,Apparel,Individual,Ludhiana,Punjab,2024-08-10 01:53:00,,False,Active,,False,False,False,1252.4299999999998,False
968,MCH3533,Tiwari-Gulati,7011.0,Hotel,Private Limited,Mumbai,Maharashtra,2025-10-07 00:00:00,SWEX6777199199579,True,Active,709.41,False,False,False,1161.77,False
2366,MCH3535_1,Kaur LLC,7011.0,Hotel,Individual,Ludhiana,Punjab,2023-04-22 12:53:03,XXXX4614,True,Active,438.79,False,False,False,1161.77,True
584,MCH3535_2,"Mammen, Patla and Kala",4131.0,Travel,Sole Proprietor,Jaipur,Rajasthan,2025-08-08 00:00:00,,False,Active,1091.98,False,False,False,1012.28,True
2837,MCH3536_1,"Chaudry, Halder and Kota",5812.0,Restaurant,Partnership,Jaipur,Rajasthan,2023-11-05 00:00:00,UYBS8259834217447,True,Inactive,3533.21,False,False,False,1327.31,True
2453,MCH3536_2,Shankar Group,5942.0,Books & Stationery,Partnership,Kolkata,West Bengal,2024-11-03 17:18:07,,False,Active,1640.82,False,False,False,1167.225,True
863,MCH3539,"Korpal, Nair and Chana",5699.0,Apparel,Sole Proprietor,Mumbai,Maharashtra,2024-05-29 00:00:00,QRQK3185986773369,True,Closed,2681.05,False,False,False,1252.4299999999998,False
3575,MCH3541,"SRIVASTAVA, TELLA AND KONDA",4814.0,Mobile Recharge,Private Limited,Delhi,Delhi,2024-10-31 00:00:00,XXXX6960,True,Active,2341.43,False,False,False,1108.585,False
3744,MCH3545,"CHACKO, OZA AND JAGGI",7011.0,Hotel,Sole Proprietor,Hyderabad,Telangana,2023-09-30 00:00:00,,False,Active,867.82,False,False,False,1161.77,False
336,MCH3547,RAMANATHAN-DADA,5812.0,Restaurant,Private Limited,Delhi,Delhi,2025-02-03 00:00:00,,False,Active,5262.6,False,False,False,1327.31,False
631,MCH3548,"Bhakta, Dhaliwal and Comar",4814.0,Mobile Recharge,Individual,Jaipur,Rajasthan,,VZDR7391504338268,True,Active,1931.09,False,False,False,1108.585,False
2892,MCH3549,Khalsa and Sons,5812.0,Restaurant,Individual,Amritsar,Punjab,2025-01-07 00:00:00,AXNC2296857054867,True,Active,1756.73,False,False,False,1327.31,False
995,MCH3551,"Chaudry, Toor and Lala",4814.0,Mobile Recharge,Sole Proprietor,Bengaluru,Karnataka,2023-12-15 17:19:51,,False,Active,941.64,False,False,False,1108.585,False
4609,MCH3552,"morar, ahuja and ravel",5942.0,Books & Stationery,Sole Proprietor,Pune,Maharashtra,2024-08-03 00:00:00,4264827743,True,Active,8846.0,False,False,False,1167.225,False
3105,MCH3553_1,"Bajwa, Tata and Narula",5912.0,Pharmacy,Private Limited,Lucknow,Uttar Pradesh,2023-02-01 19:20:00,7783034910,True,Active,,True,False,False,1300.55,True
5282,MCH3553_2,"Goda, Padmanabhan and Goswami",4131.0,Transportation,Individual,Jaipur,Rajasthan,,,False,Inactive,1035.0,False,False,False,1225.12,True
5115,MCH3554,"Chowdhury, Mann and Mitter",4131.0,Transportation,Individual,Jalandhar,Punjab,2025-04-27 19:48:07,XXXX2146,True,Active,893.92,False,False,False,1225.12,False
515,MCH3555,Chaudhari-Dutta,5311.0,Department Store,Partnership,Kolkata,West Bengal,2023-03-31 00:00:00,FYRB6292482908836,True,Active,712.21,False,False,False,1356.755,False
117,MCH3556_1,Andra-Nagar,5999.0,Misc Retail,Sole Proprietor,Pune,Maharashtra,2025-05-04 18:43:19,,False,Active,1107.13,False,False,False,1276.92,True
5181,MCH3556_2,"Sant, 0ak and Jani",4814.0,Mobile Recharge,Private Limited,Kolkata,West Bengal,2024-03-29 00:00:00,,False,Active,,True,False,False,1108.585,True
5613,MCH3558_1,Balakrishnan LLC,5311.0,Department Store,Sole Proprietor,Bengaluru,Karnataka,2023-06-17 00:45:00,XXXX0210,True,Suspended,918.0,False,True,False,1356.755,True
62,MCH3558_2,"Bhattacharyya, Mahal and Setty",4131.0,Transportation,Partnership,Jaipur,Rajasthan,2023-07-28 00:00:00,7325110455,True,Active,4448.97,False,False,False,1225.12,True
5402,MCH3558_3,BRAHMBHATT-PERI,7011.0,Hotel,Sole Proprietor,Pune,Maharashtra,2025-10-14 11:56:55,VGYH0383362932637,True,Active,,False,False,False,1161.77,True
60,MCH3559,Chokshi Inc,5812.0,Restaurant,Private Limited,Bengaluru,Karnataka,2024-12-23 00:00:00,XXXX5330,True,Suspended,,True,True,False,1327.31,False
3949,MCH3561_1,"KEER, NATT AND KADAKIA",4814.0,Mobile Recharge,Individual,Kolkata,West Bengal,2023-03-04 00:00:00,,False,Active,277.0,False,False,False,1108.585,True
1168,MCH3561_2,Kumar LLC,5812.0,Restaurant,Partnership,Chennai,Tamil Nadu,2025-10-18 00:00:00,9204267445,True,Active,715.0,False,False,False,1327.31,True
1656,MCH3563_1,Devi-Dasgupta,4131.0,Transportation,Partnership,Jalandhar,Punjab,2023-09-08 08:21:00,,False,Active,418.41,False,False,False,1225.12,True
5412,MCH3563_2,Dhar-Wable,,Restaurant,Sole Proprietor,Chennai,Tamil Nadu,2023-12-25 00:00:00,XXXX0345,True,Active,748.96,False,False,True,1327.31,True
6095,MCH3563_3,  Shan Inc  ,5912.0,Pharmacy,Sole Proprietor,Bengaluru,Karnataka,2024-04-01 06:07:35,XXXX8095,True,Active,335.55,False,False,False,1300.55,True
5653,MCH3564_1,Chadha-Sarin,5812.0,Restaurant,Individual,Lucknow,Uttar Pradesh,2024-06-09 00:00:00,XXXX4527,True,Active,506.02,False,False,False,1327.31,True
3988,MCH3564_2,"  Konda, Natarajan and Chawla  ",5999.0,Misc Retail,Private Limited,Amritsar,Punjab,2025-10-08 00:00:00,,False,Active,982.65,False,False,False,1276.92,True
3439,MCH3567_1,"Ahuja, Mody and Radhakrishnan",5411.0,Grocery,Sole Proprietor,Lucknow,Uttar Pradesh,2023-09-24 03:33:54,,False,Active,1060.67,False,False,False,1233.545,True
108,MCH3567_2,Kala Ltd,4814.0,Telecom,Sole Proprietor,Amritsar,Punjab,2023-05-15 00:00:00,0120134197,True,Active,1794.62,False,False,False,1213.17,True
3107,MCH3568,"CHOUDHURY, TRIVEDI AND BHATNAGAR",5311.0,Department Store,Private Limited,Ludhiana,Punjab,2025-04-10 00:00:00,XXXX4927,True,Active,1208.3,False,False,False,1356.755,False
4204,MCH3569,Choudhury-Prashad,5942.0,Books & Stationery,Sole Proprietor,Lucknow,Uttar Pradesh,2025-02-17 00:00:00,,False,Active,1411.0,False,False,False,1167.225,False
5410,MCH3570,sura-barman,5999.0,Misc Retail,Private Limited,Jalandhar,Punjab,2023-05-22 22:03:03,5640847872,True,Closed,1099.0,False,False,False,1276.92,False
5302,MCH3571,"Aurora, Kamdar and Vasa",5411.0,Grocery,Private Limited,Lucknow,Uttar Pradesh,2023-02-03 00:00:00,,False,Active,583.65,False,False,False,1233.545,False
5293,MCH3572_1,Kohli PLC,,Travel,Sole Proprietor,Delhi,Delhi,2025-11-20 00:00:00,XXXX5864,True,Active,,True,False,True,1012.28,True
2265,MCH3572_2,"V0hra, Chander and Padmanabhan",5812.0,Restaurant,Sole Proprietor,Hyderabad,Telangana,2024-05-16 11:42:00,,False,Active,793.52,False,False,False,1327.31,True
3109,MCH3574,Sodhi-Shan,4131.0,Transportation,Partnership,Pune,Maharashtra,2025-05-31 00:00:00,YFPD1472473488670,True,Inactive,4407.0,False,False,False,1225.12,False
2403,MCH3577_1,"dhawan, bobal and vala",,Books & Stationery,Sole Proprietor,Lucknow,Uttar Pradesh,2025-01-26 18:18:18,VJHP2127047917402,True,Active,,False,False,True,1167.225,True
2383,MCH3577_2,"Ratta, Mane and Kapadia",5812.0,Restaurant,Individual,Amritsar,Punjab,,XXXX9384,True,Active,1820.36,False,False,False,1327.31,True
4323,MCH3578,"badal, gopal and walla",4131.0,Transportation,Individual,Amritsar,Punjab,2024-05-19 20:33:00,CBPY2495238962575,True,Active,14795.0,False,False,False,1225.12,False
1002,MCH3581,"Chadha, Sankaran and Pau",5699.0,Apparel,Partnership,Kolkata,West Bengal,2024-05-07 00:00:00,,False,Active,,False,False,False,1252.4299999999998,False
3081,MCH3586_1,Dayal-Nagar,,Pharmacy,Partnership,Hyderabad,Telangana,2026-01-28 00:00:00,1143347480,True,Active,2093.13,False,False,True,1300.55,True
3964,MCH3586_2,"Ghose, Ganesh and Edwin",4814.0,Telecom,Sole Proprietor,Kolkata,West Bengal,2023-09-15 06:20:33,ZJVL8370026948243,True,Closed,1437.0,False,False,False,1213.17,True
931,MCH3587,  Sagar-Raval  ,7011.0,Hotel,Partnership,Jalandhar,Punjab,2024-07-31 00:00:00,,False,Active,1064.25,False,False,False,1161.77,False
1266,MCH3591,"Panchal, Balasubramanian and Dey",5942.0,Books & Stationery,Private Limited,Kolkata,West Bengal,2025-03-15 00:00:00,9832386733,True,Active,2193.61,False,False,False,1167.225,False
1017,MCH3592,"Sem, Chandran and Dara",5999.0,Misc Retail,Sole Proprietor,Delhi,Delhi,2023-11-15 09:32:00,8281028913,True,Inactive,,True,False,False,1276.92,False
678,MCH3593,"Kara,BrarandApte",4814.0,Mobile Recharge,Private Limited,Mumbai,Maharashtra,2023-12-04 15:44:19,,False,Active,474.6,False,False,False,1108.585,False
659,MCH3594_1,Khalsa Inc,5999.0,Misc Retail,Partnership,Chennai,Tamil Nadu,,7162144056,True,Active,381.0,False,False,False,1276.92,True
3434,MCH3594_2,Om-Tiwari,,Transportation,Partnership,Pune,Maharashtra,2024-07-28 00:22:00,VPIP7717372044916,True,Active,,True,False,True,1225.12,True
2036,MCH3595,"SRIVASTAVA, MERCHANT AND KOTA",5311.0,Retail,Private Limited,Ludhiana,Punjab,2025-03-01 13:32:00,3018831600,True,Inactive,1153.0,False,False,False,1126.42,False
5249,MCH3596_1,CHOUDHRY LTD,4131.0,Transportation,Private Limited,Lucknow,Uttar Pradesh,2024-11-11 00:00:00,NDFD6315987877623,True,Active,311.69,False,False,False,1225.12,True
1825,MCH3596_2,"S01anki, Singha1 and S0man",5699.0,Apparel,Individual,Jaipur,Rajasthan,2023-04-03 00:00:00,,False,Inactive,330.41,False,False,False,1252.4299999999998,True
490,MCH3598,Kapur-Sahni,4814.0,Mobile Recharge,Private Limited,Bengaluru,Karnataka,2024-12-07 15:58:25,0759983753,True,Active,7252.05,False,False,False,1108.585,False
5301,MCH3600_1,Bhat-Naik,5999.0,Misc Retail,Private Limited,Amritsar,Punjab,,0307550331,True,Active,3889.22,False,False,False,1276.92,True
3232,MCH3600_2,Gole and Sons,4131.0,Transportation,Sole Proprietor,Delhi,Delhi,2023-09-10 00:00:00,,False,Inactive,1548.59,False,False,False,1225.12,True
5817,MCH3601_1,Deshpande-Nigam,4131.0,Transportation,Partnership,Bengaluru,Karnataka,2024-06-12 06:21:00,7464108463,True,Active,2765.11,False,False,False,1225.12,True
2750,MCH3601_2,Lanka Inc,5942.0,Books & Stationery,Individual,Pune,Maharashtra,2025-05-14 07:26:19,,False,Active,4672.85,False,False,False,1167.225,True
2594,MCH3602,"Panchal, Karpe and Bhatti",7011.0,Hotel,Partnership,Amritsar,Punjab,2023-08-29 00:00:00,NJWF8221387776765,True,Active,754.95,False,False,False,1161.77,False
4164,MCH3604_1,Dara-Borde,5942.0,Books & Stationery,Sole Proprietor,Ludhiana,Punjab,2025-10-03 00:00:00,,False,Active,,False,False,False,1167.225,True
122,MCH3604_2,"  Shetty, Bali and Sama  ",5411.0,Grocery,Partnership,Ludhiana,Punjab,2023-01-04 01:07:44,IQHJ3383226507557,True,Active,394.0,False,False,False,1233.545,True
5462,MCH3605,Bhasin Ltd,4131.0,Travel,Partnership,Ludhiana,Punjab,2023-11-15 00:00:00,,False,Active,1858.98,False,False,False,1012.28,False
6184,MCH3607,Va1a-D0ra,5812.0,Restaurant,Individual,Ludhiana,Punjab,2024-11-09 00:00:00,,False,Active,1953.09,False,False,False,1327.31,False
1523,MCH3608,"  Raj, Sarin and Sibal  ",4814.0,Telecom,Partnership,Jaipur,Rajasthan,2024-12-08 00:00:00,XXXX8045,True,Inactive,1956.65,False,False,False,1213.17,False
4539,MCH3610_1,"Deo, Krish and Lanka",5699.0,Apparel,Private Limited,Chennai,Tamil Nadu,2025-01-07 11:18:09,3505089399,True,Active,,False,False,False,1252.4299999999998,True
3646,MCH3610_2,KHANNA-GOSWAMI,,Telecom,Sole Proprietor,Amritsar,Punjab,2023-07-11 00:00:00,,False,Active,940.6,False,False,True,1213.17,True
633,MCH3611,"ratti, sunder and kapoor",4131.0,Travel,Private Limited,Bengaluru,Karnataka,,XXXX2260,True,Active,787.19,False,False,False,1012.28,False
4284,MCH3612_1,Dara-Rama,5942.0,Books & Stationery,Sole Proprietor,Delhi,Delhi,2024-04-10 00:00:00,,False,Active,2252.16,False,False,False,1167.225,True
2519,MCH3612_2,Kala Inc,5812.0,Restaurant,Sole Proprietor,Mumbai,Maharashtra,2025-08-17 02:43:00,GCWT7054433892701,True,Active,577.0,False,False,False,1327.31,True
432,MCH3612_3,Lal Inc,4814.0,Mobile Recharge,Individual,Pune,Maharashtra,2025-07-01 06:10:00,XXXX1339,True,Active,354.59,False,False,False,1108.585,True
5521,MCH3612_4,"Manne, Dutt and Sah0ta",7011.0,Hotel,Sole Proprietor,Jaipur,Rajasthan,2023-06-13 00:00:00,GSKL9256274813586,True,Active,605.01,False,False,False,1161.77,True
158,MCH3612_5,Vaidya-Arya,5311.0,Retail,Private Limited,Kolkata,West Bengal,2023-09-01 00:00:00,UOBK5661273202199,True,Active,695.7,False,False,False,1126.42,True
486,MCH3613,LAD-CHACKO,4814.0,Mobile Recharge,Private Limited,Jaipur,Rajasthan,2025-04-02 00:00:00,XXXX9897,True,Active,466.16,False,False,False,1108.585,False
5967,MCH3614,Morar-Sundaram,5812.0,Restaurant,Individual,Mumbai,Maharashtra,2023-08-09 00:00:00,XXXX5060,True,Active,1484.85,False,False,False,1327.31,False
2777,MCH3616_1,Bakshi Group,,Travel,Private Limited,Hyderabad,Telangana,2024-03-13 21:36:11,,False,Active,1136.19,False,False,True,1012.28,True
2390,MCH3616_2,"  Comar, Munshi and Kakar  ",5311.0,Department Store,Private Limited,Amritsar,Punjab,2023-09-07 00:00:00,,False,Active,377.75,False,False,False,1356.755,True
2285,MCH3616_3,DUA GROUP,5942.0,Books & Stationery,Private Limited,Lucknow,Uttar Pradesh,2026-02-24 20:51:00,CYIZ1339742109891,True,Active,,False,False,False,1167.225,True
5007,MCH3616_4,trivedi-ramachandran,5411.0,Grocery,Partnership,Jalandhar,Punjab,2025-07-02 00:00:00,XXXX1853,True,Inactive,181.96,False,False,False,1233.545,True
321,MCH3618,"Narang, Atwal and Merchant",,Pharmacy,Sole Proprietor,Mumbai,Maharashtra,2023-07-25 00:00:00,LZII0053942814377,True,Active,1728.22,False,False,True,1300.55,False
2999,MCH3619,"MODY, SAMI AND BATTA",5999.0,Misc Retail,Sole Proprietor,Kolkata,West Bengal,2026-01-27 07:14:00,7469875023,True,Inactive,3456.23,False,False,False,1276.92,False
77,MCH3625_1,Lall Inc,5699.0,Apparel,Individual,Kolkata,West Bengal,2023-07-16 00:00:00,8363629876,True,Inactive,691.1,False,False,False,1252.4299999999998,True
3214,MCH3625_2,Singhal Ltd,5812.0,Restaurant,Sole Proprietor,Mumbai,Maharashtra,2025-10-28 12:02:57,XXXX0908,True,Active,10079.36,False,False,False,1327.31,True
2749,MCH3627,"CHANDRA, VENKATARAMAN AND PALLA",5912.0,Pharmacy,Sole Proprietor,Jaipur,Rajasthan,2025-10-09 00:00:00,1981451941,True,Active,379.66,False,False,False,1300.55,False
2310,MCH3628,MITRA LTD,5699.0,Apparel,Sole Proprietor,Delhi,Delhi,2023-08-05 00:00:00,,False,Active,3214.64,False,False,False,1252.4299999999998,False
6002,MCH3630,Chacko Ltd,5812.0,Restaurant,Partnership,Mumbai,Maharashtra,2023-06-11 00:00:00,,False,Inactive,2433.39,False,False,False,1327.31,False
3637,MCH3637_1,"Lalla, Deep and Sama",5699.0,Apparel,Individual,Pune,Maharashtra,2023-05-27 00:00:00,GKWZ9818461335290,True,Active,560.03,False,False,False,1252.4299999999998,True
3537,MCH3637_2,Pai-Parikh,5812.0,Restaurant,Sole Proprietor,Hyderabad,Telangana,2024-06-26 00:00:00,,False,Active,3420.81,False,False,False,1327.31,True
5164,MCH3640,Parikh-Raghavan,7011.0,Hotel,Sole Proprietor,Hyderabad,Telangana,2023-11-04 22:07:00,0058678829,True,Active,400.1,False,False,False,1161.77,False
1158,MCH3641,"khurana, barman and suresh",5699.0,Apparel,Individual,Delhi,Delhi,2025-06-08 08:41:00,XXXX0826,True,Active,2224.44,False,False,False,1252.4299999999998,False
2275,MCH3642,Prabhu-Pai,5411.0,Grocery,Sole Proprietor,Kolkata,West Bengal,2025-11-24 00:00:00,,False,Active,3223.63,False,False,False,1233.545,False
2256,MCH3649,"  Jain, Sama and Sarma  ",5999.0,Misc Retail,Partnership,Mumbai,Maharashtra,2025-08-06 21:51:00,XXXX8840,True,Active,671.85,False,False,False,1276.92,False
1649,MCH3652,Varghese PLC,,Misc Retail,Partnership,Ludhiana,Punjab,,,False,Active,2254.0,False,False,True,1276.92,False
946,MCH3654,Ganesan Ltd,5812.0,Restaurant,Sole Proprietor,Jalandhar,Punjab,2024-02-11 00:00:00,XXXX6762,True,Active,286.1,False,False,False,1327.31,False
5721,MCH3655,Batra LLC,5912.0,Pharmacy,Sole Proprietor,Pune,Maharashtra,2024-08-17 00:00:00,,False,Active,,True,False,False,1300.55,False
5633,MCH3656_1,Agrawal Ltd,4814.0,Telecom,Private Limited,Ludhiana,Punjab,2024-08-05 00:00:00,XXXX7009,True,Active,3644.12,False,False,False,1213.17,True
5140,MCH3656_2,kurian-chad,,Restaurant,Individual,Kolkata,West Bengal,2024-12-18 00:21:00,,False,Active,,False,False,True,1327.31,True
1121,MCH3656_3,"Sani, Rajagopalan and Sachar",5411.0,Grocery,Individual,Chennai,Tamil Nadu,2024-11-26 00:00:00,EFFS9159320721097,True,Active,901.19,False,False,False,1233.545,True
1720,MCH3659_1,Ch0udhary-Sama,5912.0,Pharmacy,Sole Proprietor,Chennai,Tamil Nadu,2024-06-13 05:48:52,XXXX0305,True,Inactive,1376.76,False,False,False,1300.55,True
5270,MCH3659_2,Kashyap LLC,4131.0,Transportation,Partnership,Pune,Maharashtra,2025-07-06 00:00:00,,False,Active,403.54,False,False,False,1225.12,True
1533,MCH3659_3,REGE-RAJA,5942.0,Books & Stationery,Individual,Amritsar,Punjab,2024-12-27 00:00:00,XXXX6878,True,Active,,True,False,False,1167.225,True
1662,MCH3659_4,Samra Inc,5812.0,Restaurant,Individual,Chennai,Tamil Nadu,2023-11-04 10:53:00,3971816049,True,Active,2958.27,False,False,False,1327.31,True
466,MCH3659_5,TANDON PLC,5411.0,Grocery,Individual,Lucknow,Uttar Pradesh,2024-01-30 00:00:00,,False,Suspended,1421.27,False,True,False,1233.545,True
4072,MCH3661_1,"Deshmukh, Patla and Goel",4131.0,Transportation,Individual,Ludhiana,Punjab,2023-11-17 00:00:00,XXXX0412,True,Suspended,1439.0,False,True,False,1225.12,True
5463,MCH3661_2,"Tak, Sandhu and Baria",5311.0,Department Store,Individual,Bengaluru,Karnataka,2023-04-02 00:00:00,UIJD2569404575285,True,Inactive,865.02,False,False,False,1356.755,True
2187,MCH3662_1,Banerjee LLC,5699.0,Apparel,Individual,Hyderabad,Telangana,2024-03-15 00:00:00,,False,Inactive,1998.0,False,False,False,1252.4299999999998,True
291,MCH3662_2,Dalal-Arora,,Telecom,Sole Proprietor,Kolkata,West Bengal,2024-09-01 00:00:00,,False,Active,4799.31,False,False,True,1213.17,True
5032,MCH3662_3,dey llc,5999.0,Misc Retail,Sole Proprietor,Kolkata,West Bengal,2023-09-24 17:57:18,XXXX8815,True,Suspended,,False,True,False,1276.92,True
500,MCH3662_4,"  Mand, Walia and Bhalla  ",5411.0,Grocery,Private Limited,Chennai,Tamil Nadu,2023-08-04 17:49:00,KFML5342009384721,True,Active,677.63,False,False,False,1233.545,True
2811,MCH3663_1,Kunda-Chaudhuri,,Hotel,Partnership,Jaipur,Rajasthan,2024-11-20 00:00:00,,False,Suspended,1356.0,False,True,True,1161.77,True
2136,MCH3663_2,Saini-Gaba,5699.0,Apparel,Sole Proprietor,Jaipur,Rajasthan,2025-02-03 00:00:00,,False,Active,377.05,False,False,False,1252.4299999999998,True
4570,MCH3666,Gera-Ranganathan,4131.0,Transportation,Partnership,Jaipur,Rajasthan,2023-04-12 00:00:00,,False,Active,243.55,False,False,False,1225.12,False
5351,MCH3668,Pandey-Uppal,4131.0,Transportation,Sole Proprietor,Pune,Maharashtra,2024-09-03 18:09:51,XXXX9816,True,Active,795.26,False,False,False,1225.12,False
1972,MCH3669,"  Dutta, Banerjee and Saini  ",5999.0,Misc Retail,Private Limited,Lucknow,Uttar Pradesh,2024-09-03 00:00:00,9041253658,True,Active,2883.4,False,False,False,1276.92,False
2231,MCH3671,"VALA, DHAR AND WASON",5912.0,Pharmacy,Individual,Chennai,Tamil Nadu,,,False,Active,2167.0,False,False,False,1300.55,False
5508,MCH3672_1,Ramaswamy PLC,,Books & Stationery,Private Limited,Kolkata,West Bengal,2025-01-24 00:00:00,XXXX8500,True,Active,9848.33,False,False,True,1167.225,True
4318,MCH3672_2,"Ray, Radhakrishnan and Parmar",7011.0,Hotel,Private Limited,Lucknow,Uttar Pradesh,2024-11-30 20:09:36,GKAL4059180951446,True,Active,,True,False,False,1161.77,True
290,MCH3674,Wason and Sons,5812.0,Restaurant,Individual,Delhi,Delhi,2025-07-19 21:11:25,6823891084,True,Active,,True,False,False,1327.31,False
1695,MCH3675_1,Grewal and Sons,4814.0,Mobile Recharge,Private Limited,Pune,Maharashtra,2025-10-19 00:00:00,YCGE0713459513460,True,Inactive,263.38,False,False,False,1108.585,True
6086,MCH3675_2,Soman LLC,5999.0,Misc Retail,Individual,Hyderabad,Telangana,2026-02-13 00:00:00,,False,Inactive,223.0,False,False,False,1276.92,True
4863,MCH3677_1,Choudhury-Radhakrishnan,7011.0,Hotel,Partnership,Jalandhar,Punjab,2025-01-29 00:00:00,,False,Active,226.71,False,False,False,1161.77,True
5979,MCH3677_2,Toor and Sons,5912.0,Pharmacy,Sole Proprietor,Amritsar,Punjab,2025-03-03 06:28:03,XXXX6857,True,Active,4703.03,False,False,False,1300.55,True
3371,MCH3678,"Ramanathan, Oza and Aggarwal",5699.0,Apparel,Partnership,Jalandhar,Punjab,2023-03-04 10:00:00,9191196267,True,Active,1617.86,False,False,False,1252.4299999999998,False
1427,MCH3679,Kumer LLC,4814.0,Telecom,Private Limited,Hyderabad,Telangana,2025-12-15 00:00:00,1741377762,True,Active,587.47,False,False,False,1213.17,False
2908,MCH3680_1,Gala and Sons,4131.0,Transportation,Partnership,Delhi,Delhi,2023-12-31 00:00:00,,False,Active,962.0,False,False,False,1225.12,True
3352,MCH3680_2,Pradhan Ltd,4131.0,Travel,Private Limited,Hyderabad,Telangana,2025-11-22 00:00:00,HAKD1990878179577,True,Active,519.26,False,False,False,1012.28,True
871,MCH3682_1,"Dash, Kashyap and Goda",5311.0,Department Store,Private Limited,Amritsar,Punjab,2025-01-12 18:10:00,UMOT0203540180050,True,Inactive,1702.0,False,False,False,1356.755,True
3039,MCH3682_2,"Upadhyay, Soni and Dhawan",4131.0,Transportation,Sole Proprietor,Chennai,Tamil Nadu,2025-09-16 00:00:00,XXXX0969,True,Inactive,3236.27,False,False,False,1225.12,True
1422,MCH3683,Mander Group,5411.0,Grocery,Individual,Mumbai,Maharashtra,2023-10-09 00:00:00,3019047562,True,Active,4247.99,False,False,False,1233.545,False
492,MCH3684,Chahal-Reddy,,Grocery,Partnership,Delhi,Delhi,,,False,Active,629.48,False,False,True,1233.545,False
6024,MCH3686,Prasad Inc,5812.0,Restaurant,Sole Proprietor,Mumbai,Maharashtra,2024-04-09 03:46:00,GHWB3739951927219,True,Active,1179.14,False,False,False,1327.31,False
3463,MCH3688,"  Nayak, Brar and Sahni  ",4814.0,Mobile Recharge,Individual,Chennai,Tamil Nadu,2025-08-20 00:00:00,,False,Inactive,2787.88,False,False,False,1108.585,False
5122,MCH3689,"Palla, Gara and Malhotra",5942.0,Books & Stationery,Partnership,Bengaluru,Karnataka,2025-02-04 00:00:00,JSVI9099789537273,True,Inactive,1319.27,False,False,False,1167.225,False
990,MCH3690,Aurora Inc,4131.0,Travel,Partnership,Bengaluru,Karnataka,2025-04-26 00:00:00,XXXX3060,True,Active,915.55,False,False,False,1012.28,False
2091,MCH3693,"Rajagopal, Savant and Ganesan",4814.0,Mobile Recharge,Individual,Jalandhar,Punjab,2025-02-26 00:00:00,XXXX6831,True,Active,893.17,False,False,False,1108.585,False
5609,MCH3694,"Date, Naidu and Raja",5912.0,Pharmacy,Partnership,Jalandhar,Punjab,2024-11-22 04:13:38,GPTO7610757270352,True,Active,4933.54,False,False,False,1300.55,False
5549,MCH3696,"pandya, maharaj and sundaram",5942.0,Books & Stationery,Individual,Pune,Maharashtra,2025-08-07 00:00:00,,False,Inactive,416.04,False,False,False,1167.225,False
82,MCH3697,Cherian LLC,7011.0,Hotel,Individual,Chennai,Tamil Nadu,2023-04-11 13:30:00,,False,Active,2525.65,False,False,False,1161.77,False
5574,MCH3698_1,Khanna-Bail,5912.0,Pharmacy,Partnership,Lucknow,Uttar Pradesh,2024-11-10 00:00:00,,False,Active,2901.24,False,False,False,1300.55,True
3116,MCH3698_2,"Prashad, Viswanathan and Sama",5311.0,Retail,Partnership,Amritsar,Punjab,2026-02-09 00:00:00,,False,Active,514.0,False,False,False,1126.42,True
1545,MCH3699_1,borra and sons,5942.0,Books & Stationery,Private Limited,Pune,Maharashtra,2025-12-17 22:31:06,,False,Inactive,790.7,False,False,False,1167.225,True
5615,MCH3699_2,Lal Ltd,5999.0,Misc Retail,Private Limited,Jaipur,Rajasthan,2023-06-25 06:53:54,MSXL7767787846316,True,Active,479.97,False,False,False,1276.92,True
921,MCH3700_1,Nath-Chakrabarti,5812.0,Restaurant,Partnership,Chennai,Tamil Nadu,2025-03-25 03:11:06,,False,Active,1733.0,False,False,False,1327.31,True
5289,MCH3700_2,"Sinha, Purohit and Shetty",5912.0,Pharmacy,Individual,Bengaluru,Karnataka,2025-04-01 00:00:00,2727095091,True,Inactive,1238.03,False,False,False,1300.55,True
1596,MCH3701,Mand-Bhat,5999.0,Misc Retail,Sole Proprietor,Lucknow,Uttar Pradesh,2024-05-07 00:00:00,3078444164,True,Closed,231.29,False,False,False,1276.92,False
5519,MCH3703,Khatri-Shuk1a,5812.0,Restaurant,Private Limited,Jalandhar,Punjab,,,False,Suspended,3523.05,False,True,False,1327.31,False
2721,MCH3705_1,"Prakash, Korpal and Narasimhan",5812.0,Restaurant,Sole Proprietor,Jaipur,Rajasthan,2025-11-10 00:00:00,,False,Active,753.96,False,False,False,1327.31,True
3636,MCH3705_2,Vig Ltd,5942.0,Books & Stationery,Individual,Chennai,Tamil Nadu,,,False,Active,1102.78,False,False,False,1167.225,True
1094,MCH3712,  Narain-Vaidya  ,7011.0,Hotel,Individual,Hyderabad,Telangana,2025-05-07 00:23:00,PUJI3728932216325,True,Active,333.0,False,False,False,1161.77,False
3394,MCH3715,BANSAL INC,5942.0,Books & Stationery,Individual,Lucknow,Uttar Pradesh,2024-11-27 00:00:00,,False,Suspended,2025.81,False,True,False,1167.225,False
4237,MCH3718,"S0m, Barman and Bhavsar",5411.0,Grocery,Sole Proprietor,Pune,Maharashtra,,2345441898,True,Active,312.19,False,False,False,1233.545,False
2963,MCH3720,"Bedi, Sanghvi and Balakrishnan",5411.0,Grocery,Individual,Delhi,Delhi,2024-04-14 08:30:13,ECCR6940813795514,True,Active,610.0,False,False,False,1233.545,False
5024,MCH3722_1,"BEN, DHINGRA AND GARDE",5942.0,Books & Stationery,Private Limited,Delhi,Delhi,2025-01-28 00:00:00,,False,Inactive,163.22,False,False,False,1167.225,True
6119,MCH3722_2,jhaveri ltd,5912.0,Pharmacy,Private Limited,Ludhiana,Punjab,2024-06-29 00:00:00,6603889131,True,Active,4309.0,False,False,False,1300.55,True
1035,MCH3722_3,Upadhyay-Issac,5999.0,Misc Retail,Private Limited,Amritsar,Punjab,2024-01-13 00:00:00,8162918072,True,Suspended,2279.6,False,True,False,1276.92,True
1000,MCH3723,wagle-dugar,5411.0,Grocery,Individual,Bengaluru,Karnataka,2023-05-31 00:00:00,0970612973,True,Active,1906.51,False,False,False,1233.545,False
1881,MCH3725_1,Balan Inc,5912.0,Pharmacy,Sole Proprietor,Kolkata,West Bengal,2024-04-10 18:42:00,XXXX4682,True,Active,2579.6,False,False,False,1300.55,True
2024,MCH3725_2,Puri PLC,5812.0,Restaurant,Sole Proprietor,Amritsar,Punjab,2023-01-23 00:00:00,XXXX0142,True,Active,6457.0,False,False,False,1327.31,True
2053,MCH3726,Varughese PLC,4814.0,Mobile Recharge,Individual,Lucknow,Uttar Pradesh,2024-11-13 08:40:19,,False,Active,3572.06,False,False,False,1108.585,False
3391,MCH3732,"Bhat, Sarin and Wag1e",,Hotel,Sole Proprietor,Lucknow,Uttar Pradesh,2025-06-23 19:32:43,,False,Active,604.0,False,False,True,1161.77,False
1618,MCH3733,Ramakrishnan-Chaudhuri,7011.0,Hotel,Sole Proprietor,Amritsar,Punjab,2025-03-15 00:00:00,,False,Active,1213.25,False,False,False,1161.77,False
1408,MCH3736_1,"Chanda, Bandi and Pandya",4814.0,Telecom,Partnership,Hyderabad,Telangana,2023-04-25 00:48:36,,False,Active,812.06,False,False,False,1213.17,True
5958,MCH3736_2,Goyal-Thakur,5411.0,Grocery,Individual,Bengaluru,Karnataka,2023-12-08 00:00:00,,False,Active,1865.39,False,False,False,1233.545,True
5622,MCH3736_3,"Morar, Roy and Bali",,Grocery,Private Limited,Ludhiana,Punjab,2023-05-18 00:00:00,1010746003,True,Active,1684.27,False,False,True,1233.545,True
801,MCH3737,Raval-Kurian,5812.0,Restaurant,Individual,Mumbai,Maharashtra,2026-01-23 00:00:00,,False,Active,,True,False,False,1327.31,False
1786,MCH3739,Murty Ltd,5311.0,Department Store,Private Limited,Chennai,Tamil Nadu,2025-09-15 00:00:00,XXXX2052,True,Active,571.15,False,False,False,1356.755,False
736,MCH3742,"Mall, Sarma and Merchant",5999.0,Misc Retail,Partnership,Jalandhar,Punjab,2025-06-19 08:34:00,,False,Active,330.87,False,False,False,1276.92,False
3514,MCH3743,doctor ltd,5912.0,Pharmacy,Sole Proprietor,Hyderabad,Telangana,2023-01-16 20:06:00,BRVO9557812490695,True,Active,12417.3,False,False,False,1300.55,False
5625,MCH3748,Bedi-Cherian,5311.0,Retail,Individual,Mumbai,Maharashtra,2025-03-19 00:00:00,XXXX2002,True,Inactive,1343.58,False,False,False,1126.42,False
4154,MCH3753_1,Kala Ltd,4814.0,Mobile Recharge,Individual,Kolkata,West Bengal,2024-03-20 00:00:00,XXXX7019,True,Active,411.14,False,False,False,1108.585,True
1510,MCH3753_2,"Raj, Gole and Bansal",5411.0,Grocery,Private Limited,Jalandhar,Punjab,2024-12-02 00:00:00,XXXX3925,True,Active,2699.51,False,False,False,1233.545,True
4304,MCH3753_3,vohra-din,5699.0,Apparel,Private Limited,Kolkata,West Bengal,2025-03-30 00:00:00,8109513390,True,Active,754.9,False,False,False,1252.4299999999998,True
4832,MCH3754,Dugal-Chawla,5812.0,Restaurant,Partnership,Kolkata,West Bengal,2025-01-18 00:00:00,MIWY6996336112119,True,Active,,True,False,False,1327.31,False
396,MCH3755,Hayer and Sons,5812.0,Restaurant,Private Limited,Pune,Maharashtra,2025-08-02 17:59:03,1710186455,True,Active,1098.64,False,False,False,1327.31,False
100,MCH3757,Chokshi PLC,4814.0,Telecom,Private Limited,Jaipur,Rajasthan,2025-10-23 10:04:00,KUIQ2748561079701,True,Active,2492.69,False,False,False,1213.17,False
668,MCH3758,  Dube Ltd  ,5999.0,Misc Retail,Sole Proprietor,Delhi,Delhi,2023-09-10 22:18:52,7052831071,True,Active,1607.42,False,False,False,1276.92,False
5288,MCH3760,Das-Ahuja,5812.0,Restaurant,Sole Proprietor,Lucknow,Uttar Pradesh,2023-01-13 00:00:00,QOFI2681256583657,True,Active,755.0,False,False,False,1327.31,False
1582,MCH3761,"Bal,MittalandPrabhakar",5999.0,Misc Retail,Private Limited,Pune,Maharashtra,2025-06-11 00:00:00,,False,Active,6900.33,False,False,False,1276.92,False
2092,MCH3764,Tandon and Sons,5912.0,Pharmacy,Partnership,Mumbai,Maharashtra,2025-12-30 00:00:00,,False,Active,3428.0,False,False,False,1300.55,False
590,MCH3765,Mohanty LLC,5311.0,Department Store,Partnership,Hyderabad,Telangana,2023-06-20 05:11:20,0770998127,True,Active,1911.75,False,False,False,1356.755,False
5411,MCH3771,Bumb Inc,5999.0,Misc Retail,Partnership,Lucknow,Uttar Pradesh,2024-11-06 00:00:00,,False,Active,2602.75,False,False,False,1276.92,False
300,MCH3776,"Kapadia, Sathe and Shenoy",5311.0,Department Store,Partnership,Delhi,Delhi,,2896927884,True,Active,1854.99,False,False,False,1356.755,False
5788,MCH3778_1,"Bhagat, Sama and Murthy",,Mobile Recharge,Individual,Amritsar,Punjab,2026-01-18 00:00:00,ETOX8271252256292,True,Inactive,2790.66,False,False,True,1108.585,True
4784,MCH3778_2,Karnik Inc,5912.0,Pharmacy,Sole Proprietor,Jaipur,Rajasthan,,2560479060,True,Inactive,1211.0,False,False,False,1300.55,True
1630,MCH3779,aggarwal-hans,5311.0,Department Store,Private Limited,Kolkata,West Bengal,2024-12-04 08:30:32,VKLU5024337304270,True,Active,,True,False,False,1356.755,False
6077,MCH3780_1,"DASS, BATH AND HALDER",5311.0,Department Store,Sole Proprietor,Chennai,Tamil Nadu,2024-02-11 00:00:00,,False,Active,2876.39,False,False,False,1356.755,True
620,MCH3780_2,HEGDE GROUP,5311.0,Department Store,Private Limited,Lucknow,Uttar Pradesh,2026-02-27 20:38:00,XXXX3079,True,Suspended,315.62,False,True,False,1356.755,True
5457,MCH3786,Ratta-Bhasin,5999.0,Misc Retail,Partnership,Bengaluru,Karnataka,2023-08-22 00:00:00,,False,Active,1037.97,False,False,False,1276.92,False
4090,MCH3787_1,"Boase, Mand and Khatri",5411.0,Grocery,Partnership,Pune,Maharashtra,2025-03-21 00:49:00,4292433603,True,Active,1436.68,False,False,False,1233.545,True
4013,MCH3787_2,Rajan-Swaminathan,7011.0,Hotel,Private Limited,Kolkata,West Bengal,2024-02-07 11:49:11,,False,Active,,False,False,False,1161.77,True
3851,MCH3788_1,BHARGAVA AND SONS,4131.0,Transportation,Partnership,Bengaluru,Karnataka,2025-12-18 00:00:00,SFPS7075877461991,True,Active,2495.65,False,False,False,1225.12,True
775,MCH3788_2,"Divan, Kadakia and Kuruvilla",5311.0,Retail,Private Limited,Chennai,Tamil Nadu,2025-06-27 00:00:00,,False,Active,10161.82,False,False,False,1126.42,True
1976,MCH3788_3,Kuruvilla Ltd,5411.0,Grocery,Sole Proprietor,Hyderabad,Telangana,2024-10-03 00:00:00,,False,Active,4329.09,False,False,False,1233.545,True
2386,MCH3793,"Sankar, Parsa and Shere",7011.0,Hotel,Sole Proprietor,Ludhiana,Punjab,2025-03-30 00:00:00,3431564371,True,Active,6906.85,False,False,False,1161.77,False
3522,MCH3795,Sinha-Ramesh,4814.0,Telecom,Partnership,Hyderabad,Telangana,2024-06-19 00:00:00,XXXX9092,True,Active,1083.1,False,False,False,1213.17,False
1029,MCH3796_1,Mani-Saha,,Restaurant,Individual,Chennai,Tamil Nadu,2023-08-06 00:00:00,GQAE5409560780073,True,Active,860.72,False,False,True,1327.31,True
3427,MCH3796_2,Swaminathan Ltd,5699.0,Apparel,Partnership,Pune,Maharashtra,2023-02-04 20:17:32,,False,Active,1024.22,False,False,False,1252.4299999999998,True
4472,MCH3797,"Dhaliwal, Parekh and Dey",7011.0,Hotel,Partnership,Jalandhar,Punjab,2024-11-02 00:00:00,XXXX1096,True,Suspended,,False,True,False,1161.77,False
5660,MCH3801,"Arya, Sachar and Khanna",5912.0,Pharmacy,Partnership,Bengaluru,Karnataka,2024-01-03 13:59:47,XXXX2457,True,Suspended,639.86,False,True,False,1300.55,False
594,MCH3803,"  Tara, Wali and Sachdev  ",5942.0,Books & Stationery,Individual,Lucknow,Uttar Pradesh,2025-10-14 23:06:00,,False,Active,2461.72,False,False,False,1167.225,False
1137,MCH3804,"Pingle, Choudhry and Sastry",5942.0,Books & Stationery,Sole Proprietor,Delhi,Delhi,2025-10-13 00:00:00,,False,Active,729.5,False,False,False,1167.225,False
817,MCH3805,Issac-Munshi,5999.0,Misc Retail,Private Limited,Bengaluru,Karnataka,2023-02-19 00:00:00,2364539164,True,Active,7651.0,False,False,False,1276.92,False
2592,MCH3806_1,ParmerLLC,5411.0,Grocery,Sole Proprietor,Jaipur,Rajasthan,2024-11-04 00:00:00,6810844450,True,Active,1939.0,False,False,False,1233.545,True
3719,MCH3806_2,Thakkar-Kara,5942.0,Books & Stationery,Sole Proprietor,Jaipur,Rajasthan,2024-09-06 10:40:33,SOII5443407300788,True,Active,2156.0,False,False,False,1167.225,True
2000,MCH3810,Mallick-Lall,5411.0,Grocery,Private Limited,Lucknow,Uttar Pradesh,2025-12-07 00:00:00,XXXX7137,True,Suspended,630.92,False,True,False,1233.545,False
5217,MCH3811,"bhat, anand and bakshi",,Hotel,Individual,Bengaluru,Karnataka,,4680162216,True,Active,563.14,False,False,True,1161.77,False
3326,MCH3817,Subramanian Group,5311.0,Department Store,Sole Proprietor,Ludhiana,Punjab,,XXXX6376,True,Active,3916.72,False,False,False,1356.755,False
5916,MCH3818,Gopal-Khalsa,4814.0,Telecom,Partnership,Amritsar,Punjab,,,False,Active,200.35,False,False,False,1213.17,False
5528,MCH3819,Butala-Patla,5999.0,Misc Retail,Individual,Delhi,Delhi,2023-04-08 00:00:00,XXXX5729,True,Active,2466.12,False,False,False,1276.92,False
2239,MCH3820,Behl LLC,5311.0,Department Store,Partnership,Jalandhar,Punjab,2023-05-30 00:00:00,8600214749,True,Inactive,983.06,False,False,False,1356.755,False
1392,MCH3822,Anne and Sons,5411.0,Grocery,Private Limited,Amritsar,Punjab,2026-01-21 20:10:57,,False,Active,2115.91,False,False,False,1233.545,False
377,MCH3824,Chand-Sarna,5812.0,Restaurant,Sole Proprietor,Kolkata,West Bengal,2025-08-24 00:00:00,,False,Active,733.85,False,False,False,1327.31,False
2250,MCH3829_1,Bansal Ltd,7011.0,Hotel,Private Limited,Pune,Maharashtra,2024-12-04 00:00:00,XXXX7846,True,Active,2565.33,False,False,False,1161.77,True
5497,MCH3829_2,"Seshadri, Bansal and Ahluwalia",5311.0,Department Store,Sole Proprietor,Pune,Maharashtra,2024-09-20 00:00:00,8781513092,True,Inactive,1296.0,False,False,False,1356.755,True
1558,MCH3835,"Pillai, Ratti and Chaudhuri",4814.0,Mobile Recharge,Partnership,Ludhiana,Punjab,2023-01-15 10:05:00,4590776710,True,Inactive,6901.65,False,False,False,1108.585,False
809,MCH3837_1,"Balakrishnan, Mane and Ranganathan",5812.0,Restaurant,Partnership,Delhi,Delhi,2025-03-22 23:37:10,XXXX2369,True,Active,866.44,False,False,False,1327.31,True
753,MCH3837_2,Bhat Group,5311.0,Department Store,Individual,Delhi,Delhi,2026-01-17 00:00:00,XXXX7816,True,Active,,True,False,False,1356.755,True
1794,MCH3837_3,"Char, Naik and Sachdev",5999.0,Misc Retail,Private Limited,Delhi,Delhi,2026-01-25 00:00:00,XXXX8517,True,Active,5233.0,False,False,False,1276.92,True
1982,MCH3837_4,"Sankar, Dass and Sarna",7011.0,Hotel,Sole Proprietor,Lucknow,Uttar Pradesh,2024-04-01 00:00:00,,False,Active,568.41,False,False,False,1161.77,True
381,MCH3841,"SANDHU, KHOSLA AND GUHA",5999.0,Misc Retail,Partnership,Bengaluru,Karnataka,2024-09-16 00:00:00,7616513593,True,Closed,2207.18,False,False,False,1276.92,False
2891,MCH3842_1,"Rao, Rajagopal and Ratti",4131.0,Transportation,Private Limited,Jaipur,Rajasthan,2024-01-27 00:00:00,,False,Active,444.1,False,False,False,1225.12,True
6011,MCH3842_2,"Walia, Khatri and Dey",4131.0,Transportation,Individual,Ludhiana,Punjab,2023-05-20 20:08:15,,False,Inactive,,False,False,False,1225.12,True
1405,MCH3845_1,Barad-Hayre,5999.0,Misc Retail,Private Limited,Hyderabad,Telangana,,7981739720,True,Inactive,,True,False,False,1276.92,True
765,MCH3845_2,Hora-Bath,4131.0,Transportation,Individual,Bengaluru,Karnataka,2024-08-16 14:46:25,8760940800,True,Active,2098.39,False,False,False,1225.12,True
2370,MCH3846_1,  Khanna-Badal  ,5311.0,Retail,Private Limited,Delhi,Delhi,2025-04-18 21:01:00,9124984839,True,Active,3521.78,False,False,False,1126.42,True
1450,MCH3846_2,Nagi-Chacko,5411.0,Grocery,Private Limited,Hyderabad,Telangana,2024-08-21 00:00:00,EAUK5999855393021,True,Active,1055.18,False,False,False,1233.545,True
1849,MCH3847,  Nair PLC  ,5311.0,Retail,Sole Proprietor,Pune,Maharashtra,,,False,Active,660.47,False,False,False,1126.42,False
2684,MCH3849,Das-Ratta,4814.0,Mobile Recharge,Individual,Chennai,Tamil Nadu,2024-06-13 00:11:00,MLDH2446114366761,True,Active,4368.0,False,False,False,1108.585,False
2558,MCH3853,Bhat-Dutt,5411.0,Grocery,Sole Proprietor,Hyderabad,Telangana,2023-03-05 00:00:00,,False,Active,,False,False,False,1233.545,False
4197,MCH3854,"Was0n, Chauhan and Gh0se",5812.0,Restaurant,Private Limited,Hyderabad,Telangana,2025-09-01 00:00:00,FZNK7723155067265,True,Active,528.0,False,False,False,1327.31,False
1979,MCH3856_1,"MUKHOPADHYAY, LOYAL AND PARSA",5812.0,Restaurant,Sole Proprietor,Delhi,Delhi,2024-10-12 00:00:00,,False,Active,9442.27,False,False,False,1327.31,True
2682,MCH3856_2,"Pandit, Karnik and Kurian",5912.0,Pharmacy,Individual,Ludhiana,Punjab,2025-07-07 00:00:00,,False,Active,755.4,False,False,False,1300.55,True
1546,MCH3856_3,"Sankaran, Anne and Buch",5812.0,Restaurant,Individual,Kolkata,West Bengal,2025-05-06 17:56:20,XXXX0835,True,Active,454.0,False,False,False,1327.31,True
4190,MCH3859,"mall, bassi and seshadri",5411.0,Grocery,Partnership,Mumbai,Maharashtra,,,False,Active,610.0,False,False,False,1233.545,False
2219,MCH3860,sama group,5699.0,Apparel,Sole Proprietor,Chennai,Tamil Nadu,2023-10-03 00:00:00,,False,Active,448.66,False,False,False,1252.4299999999998,False
1597,MCH3869,HEGDE LTD,,Department Store,Partnership,Pune,Maharashtra,2026-01-28 22:35:06,,False,Active,,True,False,True,1356.755,False
2953,MCH3872,Krish Group,5699.0,Apparel,Partnership,Amritsar,Punjab,2024-03-14 00:00:00,,False,Active,3660.6,False,False,False,1252.4299999999998,False
3053,MCH3873,"DUGAL, THAKUR AND PURI",7011.0,Hotel,Private Limited,Jalandhar,Punjab,2023-07-02 00:00:00,,False,Active,1499.22,False,False,False,1161.77,False
2435,MCH3874,"Dora,DeshpandeandSeth",,Mobile Recharge,Private Limited,Jalandhar,Punjab,2024-05-18 00:12:00,XXXX2093,True,Active,1119.69,False,False,True,1108.585,False
989,MCH3875_1,Kade and Sons,4814.0,Mobile Recharge,Private Limited,Pune,Maharashtra,2024-01-12 14:12:35,,False,Active,3073.34,False,False,False,1108.585,True
944,MCH3875_2,natt ltd,5812.0,Restaurant,Private Limited,Jalandhar,Punjab,2025-04-07 00:00:00,,False,Active,4372.03,False,False,False,1327.31,True
3242,MCH3880_1,Gole and Sons,5999.0,Misc Retail,Partnership,Hyderabad,Telangana,2024-10-02 00:00:00,,False,Active,4989.21,False,False,False,1276.92,True
4495,MCH3880_2,Raja and Sons,5912.0,Pharmacy,Private Limited,Jaipur,Rajasthan,,,False,Active,641.53,False,False,False,1300.55,True
1895,MCH3880_3,Sankaran-M0dy,4131.0,Transportation,Sole Proprietor,Hyderabad,Telangana,2026-02-26 18:34:00,XXXX4851,True,Active,794.44,False,False,False,1225.12,True
3319,MCH3882,Kannan PLC,5912.0,Pharmacy,Individual,Pune,Maharashtra,2024-06-08 00:00:00,4780136395,True,Active,1470.9,False,False,False,1300.55,False
2259,MCH3883,Vohra and Sons,7011.0,Hotel,Individual,Mumbai,Maharashtra,2023-11-17 00:00:00,1962011949,True,Active,,True,False,False,1161.77,False
2481,MCH3885,  Thakur Inc  ,4131.0,Transportation,Private Limited,Chennai,Tamil Nadu,,8680968188,True,Active,618.81,False,False,False,1225.12,False
634,MCH3886,Gandhi Inc,5812.0,Restaurant,Sole Proprietor,Kolkata,West Bengal,2025-12-18 00:00:00,XXXX0009,True,Active,,True,False,False,1327.31,False
3255,MCH3887,Pa11a-Sah0ta,7011.0,Hotel,Partnership,Kolkata,West Bengal,2025-11-19 10:50:37,EUVX7549332799238,True,Inactive,1596.95,False,False,False,1161.77,False
1487,MCH3888,"Gandhi, Cherian and Chhabra",4814.0,Mobile Recharge,Partnership,Hyderabad,Telangana,2025-02-27 00:00:00,8744798624,True,Active,,True,False,False,1108.585,False
5512,MCH3889_1,Bhagat-Sarna,7011.0,Hotel,Sole Proprietor,Kolkata,West Bengal,2024-06-21 09:31:16,XXXX2885,True,Active,2088.06,False,False,False,1161.77,True
3745,MCH3889_2,upadhyay-chaudhry,4131.0,Transportation,Individual,Ludhiana,Punjab,2026-01-16 00:00:00,5975404049,True,Active,,False,False,False,1225.12,True
338,MCH3890,Tata-Bal,,Pharmacy,Individual,Pune,Maharashtra,2026-02-22 00:00:00,,False,Active,668.0,False,False,True,1300.55,False
1741,MCH3893_1,Dhingra-Chaudhuri,5912.0,Pharmacy,Sole Proprietor,Chennai,Tamil Nadu,2025-08-03 00:00:00,XXXX2466,True,Active,2445.5,False,False,False,1300.55,True
4125,MCH3893_2,"Kapadia, Keer and Oak",5812.0,Restaurant,Private Limited,Amritsar,Punjab,2023-12-10 00:00:00,LOCC9278519241012,True,Active,,True,False,False,1327.31,True
4526,MCH3895,Wable-Sarna,,Hotel,Private Limited,Jaipur,Rajasthan,2024-06-20 00:00:00,,False,Closed,797.39,False,False,True,1161.77,False
1661,MCH3896,"  Bansal, Thakkar and Dar  ",5942.0,Books & Stationery,Sole Proprietor,Bengaluru,Karnataka,2023-04-20 00:00:00,HRLW3110428710394,True,Active,,False,False,False,1167.225,False
5079,MCH3898,Wadhwa-Sahni,5699.0,Apparel,Private Limited,Ludhiana,Punjab,2025-08-05 00:00:00,,False,Active,,False,False,False,1252.4299999999998,False
3,MCH3899,  Goswami-Bath  ,4131.0,Transportation,Sole Proprietor,Hyderabad,Telangana,2023-01-14 00:00:00,,False,Active,,True,False,False,1225.12,False
2878,MCH3900,Mand-Bedi,5812.0,Restaurant,Private Limited,Kolkata,West Bengal,2025-02-20 00:00:00,XXXX1674,True,Active,1036.74,False,False,False,1327.31,False
3043,MCH3903,"KHARE, BALASUBRAMANIAN AND MITAL",5942.0,Books & Stationery,Sole Proprietor,Jaipur,Rajasthan,2024-08-25 14:04:47,7400031518,True,Active,3531.21,False,False,False,1167.225,False
359,MCH3907_1,"Andra, Chakrabarti and Khalsa",5311.0,Department Store,Sole Proprietor,Mumbai,Maharashtra,,OAMS4252276899430,True,Active,1320.29,False,False,False,1356.755,True
1668,MCH3907_2,"Goswami, Chaudhary and Nanda",4814.0,Mobile Recharge,Individual,Ludhiana,Punjab,2025-06-13 00:00:00,,False,Active,552.22,False,False,False,1108.585,True
1283,MCH3907_3,"oza, sachdev and sarkar",5812.0,Restaurant,Private Limited,Jalandhar,Punjab,,XXXX6224,True,Active,2184.56,False,False,False,1327.31,True
1299,MCH3908,Kanda LLC,5999.0,Misc Retail,Sole Proprietor,Pune,Maharashtra,2024-07-05 00:00:00,2653904246,True,Active,,True,False,False,1276.92,False
6166,MCH3911_1,Bera-Pingle,5912.0,Pharmacy,Private Limited,Hyderabad,Telangana,2023-09-13 22:36:02,,False,Closed,1548.45,False,False,False,1300.55,True
3800,MCH3911_2,"  Majumdar, Sane and Raval  ",5812.0,Restaurant,Sole Proprietor,Pune,Maharashtra,2025-09-05 21:26:37,2993218520,True,Inactive,2093.32,False,False,False,1327.31,True
4595,MCH3913,Tank-Pathak,5311.0,Department Store,Individual,Jalandhar,Punjab,,,False,Active,2215.86,False,False,False,1356.755,False
5102,MCH3916,"Parmer, Chakrabarti and Sibal",4131.0,Transportation,Individual,Jaipur,Rajasthan,2025-01-03 00:00:00,XXXX6443,True,Active,794.0,False,False,False,1225.12,False
806,MCH3917,CHOWDHURY-PANDIT,,Apparel,Private Limited,Hyderabad,Telangana,2023-04-02 00:00:00,XXXX2174,True,Active,,True,False,True,1252.4299999999998,False
4701,MCH3920,SharmaLLC,,Books & Stationery,Private Limited,Lucknow,Uttar Pradesh,2024-06-23 21:51:00,1753085069,True,Suspended,1885.7,False,True,True,1167.225,False
5886,MCH3925_1,Buch-Zachariah,5999.0,Misc Retail,Partnership,Amritsar,Punjab,2025-01-03 20:26:00,BUKN1515786567969,True,Active,,True,False,False,1276.92,True
1832,MCH3925_2,Rana-Sehga1,5912.0,Pharmacy,Individual,Chennai,Tamil Nadu,,IFJH9817043350326,True,Inactive,,True,False,False,1300.55,True
172,MCH3926,Master-Sarin,5999.0,Misc Retail,Individual,Hyderabad,Telangana,2025-05-08 00:00:00,,False,Active,1913.5,False,False,False,1276.92,False
1123,MCH3927,Basak-Shukla,4814.0,Mobile Recharge,Private Limited,Jalandhar,Punjab,2023-03-18 00:00:00,KBJY1537538735375,True,Closed,980.64,False,False,False,1108.585,False
1260,MCH3930,Kashyap-Rastogi,5699.0,Apparel,Individual,Lucknow,Uttar Pradesh,,XXXX4709,True,Active,510.04,False,False,False,1252.4299999999998,False
5706,MCH3935_1,Majumdar-Aggarwal,5311.0,Department Store,Private Limited,Delhi,Delhi,2024-07-07 10:50:51,5282295543,True,Active,3614.23,False,False,False,1356.755,True
6032,MCH3935_2,Natarajan-Karnik,4814.0,Telecom,Sole Proprietor,Delhi,Delhi,2025-04-23 00:23:30,,False,Active,461.4,False,False,False,1213.17,True
5822,MCH3936,Bath Inc,5411.0,Grocery,Individual,Lucknow,Uttar Pradesh,2023-06-13 00:00:00,,False,Active,879.38,False,False,False,1233.545,False
5392,MCH3938,Acharya Group,7011.0,Hotel,Sole Proprietor,Kolkata,West Bengal,2024-10-17 00:00:00,,False,Active,2349.37,False,False,False,1161.77,False
5415,MCH3940,Chad-Dara,,Grocery,Partnership,Chennai,Tamil Nadu,2024-11-09 00:00:00,XXXX0176,True,Active,,True,False,True,1233.545,False
4297,MCH3941_1,Bassi-Deshmukh,4814.0,Telecom,Individual,Amritsar,Punjab,2025-10-25 00:00:00,,False,Active,979.98,False,False,False,1213.17,True
3692,MCH3941_2,"Khanna, Sama and Korpal",,Misc Retail,Sole Proprietor,Pune,Maharashtra,,,False,Active,1016.43,False,False,True,1276.92,True
3176,MCH3945,Mukhopadhyay-Raghavan,4131.0,Transportation,Sole Proprietor,Mumbai,Maharashtra,2023-03-05 00:00:00,XXXX6774,True,Active,942.71,False,False,False,1225.12,False
4437,MCH3946,Dhar-Buch,5812.0,Restaurant,Partnership,Delhi,Delhi,2025-07-02 06:28:57,YGDI8437831559376,True,Active,1451.62,False,False,False,1327.31,False
81,MCH3953,"Ray, Minhas and Yohannan",5411.0,Grocery,Sole Proprietor,Kolkata,West Bengal,2023-03-18 00:00:00,XXXX6303,True,Active,8126.93,False,False,False,1233.545,False
1144,MCH3955_1,"Dutta, Boase and Jha",5812.0,Restaurant,Partnership,Jaipur,Rajasthan,,7839475828,True,Active,935.24,False,False,False,1327.31,True
61,MCH3955_2,"Swamy, Dhingra and Sheth",5311.0,Department Store,Individual,Chennai,Tamil Nadu,2024-11-25 00:00:00,,False,Suspended,508.0,False,True,False,1356.755,True
2484,MCH3956,Kota Ltd,5311.0,Department Store,Private Limited,Hyderabad,Telangana,2023-11-14 00:00:00,,False,Active,656.81,False,False,False,1356.755,False
2686,MCH3959,"Kant, Goel and Pradhan",5999.0,Misc Retail,Individual,Hyderabad,Telangana,2025-03-19 00:00:00,XXXX9762,True,Active,1214.73,False,False,False,1276.92,False
2697,MCH3964,"Bala, Chanda and Loyal",5942.0,Books & Stationery,Partnership,Jaipur,Rajasthan,2023-09-05 00:00:00,CFOS0283411374388,True,Active,2002.33,False,False,False,1167.225,False
531,MCH3966,NATH-DIXIT,5411.0,Grocery,Partnership,Pune,Maharashtra,2023-08-21 00:00:00,XXXX2614,True,Active,1005.47,False,False,False,1233.545,False
3958,MCH3968,"Peri, Sane and Mohanty",5812.0,Restaurant,Individual,Mumbai,Maharashtra,2024-10-06 04:21:00,,False,Active,1174.15,False,False,False,1327.31,False
4122,MCH3970,"Chawla, Sami and Mani",5942.0,Books & Stationery,Sole Proprietor,Pune,Maharashtra,2023-04-25 00:00:00,XXXX3871,True,Active,2506.67,False,False,False,1167.225,False
159,MCH3971,Sura PLC,7011.0,Hotel,Individual,Delhi,Delhi,2024-04-17 13:25:57,,False,Active,748.82,False,False,False,1161.77,False
3357,MCH3974,"Mishra, Baral and Char",5942.0,Books & Stationery,Sole Proprietor,Chennai,Tamil Nadu,2026-02-22 00:00:00,XXXX0042,True,Inactive,2017.65,False,False,False,1167.225,False
1935,MCH3980,Chadha-Raval,5699.0,Apparel,Partnership,Bengaluru,Karnataka,2023-04-14 00:00:00,XXXX9643,True,Active,1323.06,False,False,False,1252.4299999999998,False
3645,MCH3983_1,Behl-Viswanathan,5411.0,Grocery,Partnership,Ludhiana,Punjab,2024-04-23 00:00:00,PHDB4189535389714,True,Active,1037.83,False,False,False,1233.545,True
513,MCH3983_2,"Magar, Tara and Gera",5912.0,Pharmacy,Sole Proprietor,Amritsar,Punjab,2024-12-15 02:44:24,XXXX1963,True,Active,511.0,False,False,False,1300.55,True
998,MCH3984,"wadhwa, sunder and bobal",7011.0,Hotel,Private Limited,Chennai,Tamil Nadu,2023-10-08 16:06:00,QUQR5120846966545,True,Active,1305.55,False,False,False,1161.77,False
798,MCH3987_1,"Dubey, Aggarwa1 and Mangat",5942.0,Books & Stationery,Individual,Hyderabad,Telangana,2024-04-20 00:00:00,OTRE9764440633575,True,Active,474.5,False,False,False,1167.225,True
3957,MCH3987_2,Pandya Inc,,Pharmacy,Partnership,Amritsar,Punjab,2025-10-14 00:00:00,,False,Active,,False,False,True,1300.55,True
4659,MCH3988,Barad-Bawa,7011.0,Hotel,Individual,Amritsar,Punjab,2023-11-20 00:00:00,XXXX1285,True,Active,602.31,False,False,False,1161.77,False
2658,MCH3989,Madan LLC,5411.0,Grocery,Partnership,Jaipur,Rajasthan,2023-09-18 07:54:00,9575202686,True,Active,238.33,False,False,False,1233.545,False
4782,MCH3990,Dey-Chaudhari,5912.0,Pharmacy,Individual,Chennai,Tamil Nadu,2025-03-14 00:00:00,IPYG2797181414167,True,Active,,True,False,False,1300.55,False
4947,MCH3993,VAIDYA LTD,5999.0,Misc Retail,Partnership,Chennai,Tamil Nadu,2023-12-23 03:28:00,YBKO6037061844125,True,Active,372.73,False,False,False,1276.92,False
602,MCH3997_1,Bhatia Inc,4814.0,Mobile Recharge,Partnership,Kolkata,West Bengal,2025-01-19 14:57:11,XXXX8184,True,Inactive,,True,False,False,1108.585,True
4874,MCH3997_2,Chatterjee Group,5999.0,Misc Retail,Individual,Ludhiana,Punjab,2023-04-30 00:00:00,HIRQ3582999375796,True,Suspended,,False,True,False,1276.92,True
220,MCH3998,"krish, tak and peri",4814.0,Telecom,Partnership,Ludhiana,Punjab,2023-08-16 00:00:00,,False,Active,1019.25,False,False,False,1213.17,False
4456,MCH4000,"Dewan, Sunder and Bhakta",5411.0,Grocery,Private Limited,Kolkata,West Bengal,2023-06-25 20:40:27,KUHA3646516215943,True,Active,,True,False,False,1233.545,False
3775,MCH4002,"Bora, Kant and Chauhan",5411.0,Grocery,Individual,Bengaluru,Karnataka,2023-06-16 12:46:40,7171127147,True,Active,,False,False,False,1233.545,False
4688,MCH4006_1,"Guha, Bumb and Bora",,Transportation,Sole Proprietor,Jaipur,Rajasthan,2023-05-02 00:00:00,KYVL1514303273723,True,Active,2379.0,False,False,True,1225.12,True
3322,MCH4006_2,Thakur-Narayan,5411.0,Grocery,Private Limited,Amritsar,Punjab,2024-06-23 00:00:00,0693723278,True,Closed,282.17,False,False,False,1233.545,True
754,MCH4008,"deep, rajagopal and tandon",,Mobile Recharge,Private Limited,Hyderabad,Telangana,2024-06-02 00:03:04,,False,Active,1196.0,False,False,True,1108.585,False
5955,MCH4009_1,Batra Inc,5912.0,Pharmacy,Individual,Bengaluru,Karnataka,2023-02-01 00:00:00,XXXX5230,True,Inactive,1109.0,False,False,False,1300.55,True
4058,MCH4009_2,Deo PLC,4814.0,Mobile Recharge,Sole Proprietor,Kolkata,West Bengal,2025-10-10 23:14:50,,False,Active,1937.0,False,False,False,1108.585,True
4291,MCH4010,"  Barad, Mukherjee and Joshi  ",5411.0,Grocery,Sole Proprietor,Amritsar,Punjab,2024-01-28 00:00:00,,False,Active,992.35,False,False,False,1233.545,False
1727,MCH4021,"BALAKRISHNAN, MISTRY AND VIG",5912.0,Pharmacy,Individual,Hyderabad,Telangana,2025-04-12 00:00:00,4335587264,True,Active,1395.91,False,False,False,1300.55,False
3122,MCH4022_1,"Kade, Sethi and Balakrishnan",,Grocery,Sole Proprietor,Ludhiana,Punjab,2025-03-27 00:00:00,XXXX9200,True,Active,,True,False,True,1233.545,True
499,MCH4022_2,Varughese-Taneja,5699.0,Apparel,Individual,Bengaluru,Karnataka,2025-12-12 06:48:08,SVSY3016666927119,True,Suspended,724.48,False,True,False,1252.4299999999998,True
494,MCH4023,"Dhaliwal, Dugar and Vasa",5942.0,Books & Stationery,Partnership,Chennai,Tamil Nadu,2023-01-02 00:00:00,7015726404,True,Active,,True,False,False,1167.225,False
2510,MCH4024,Choudhury Ltd,5999.0,Misc Retail,Individual,Ludhiana,Punjab,2025-03-28 00:00:00,XSWD9540302475782,True,Active,,True,False,False,1276.92,False
139,MCH4025,  Hegde-Sule  ,5311.0,Retail,Individual,Hyderabad,Telangana,,XXXX6804,True,Inactive,1108.29,False,False,False,1126.42,False
639,MCH4026,NAGY LTD,5812.0,Restaurant,Private Limited,Kolkata,West Bengal,,,False,Active,1027.0,False,False,False,1327.31,False
3672,MCH4027,"Hegde, Ratti and Gera",5411.0,Grocery,Private Limited,Hyderabad,Telangana,2025-02-08 00:00:00,,False,Active,,True,False,False,1233.545,False
5375,MCH4028,TANEJA-BHATTACHARYYA,4131.0,Transportation,Partnership,Lucknow,Uttar Pradesh,2023-07-14 00:00:00,,False,Active,2673.0,False,False,False,1225.12,False
128,MCH4029,Kuruvilla and Sons,5411.0,Grocery,Private Limited,Pune,Maharashtra,,DGMS6783095939908,True,Active,55.43,False,False,False,1233.545,False
1831,MCH4030,Nayar PLC,,Books & Stationery,Private Limited,Amritsar,Punjab,2023-02-08 19:27:00,,False,Active,1079.32,False,False,True,1167.225,False
3345,MCH4031,"Mitra, Bali and Rai",5942.0,Books & Stationery,Private Limited,Lucknow,Uttar Pradesh,2026-01-12 00:00:00,,False,Active,9089.26,False,False,False,1167.225,False
629,MCH4033,Kota PLC,5699.0,Apparel,Individual,Ludhiana,Punjab,2025-02-23 00:33:29,5691989399,True,Active,,True,False,False,1252.4299999999998,False
4944,MCH4034,Tiwari-Lad,5999.0,Misc Retail,Individual,Ludhiana,Punjab,2023-12-13 00:00:00,XXXX6100,True,Suspended,2041.77,False,True,False,1276.92,False
5165,MCH4037,chaudhuri llc,5311.0,Department Store,Individual,Hyderabad,Telangana,2024-11-23 00:00:00,0677487191,True,Active,,True,False,False,1356.755,False
3856,MCH4040,"Bahri, Solanki and Magar",5311.0,Department Store,Private Limited,Chennai,Tamil Nadu,2025-01-28 03:48:23,DNQF3989342164675,True,Active,1173.0,False,False,False,1356.755,False
4189,MCH4041,Salvi-Mishra,5812.0,Restaurant,Sole Proprietor,Amritsar,Punjab,,IIMZ0020327103815,True,Inactive,1291.58,False,False,False,1327.31,False
5828,MCH4042,ROUT-MAHARAJ,5999.0,Misc Retail,Partnership,Amritsar,Punjab,2024-01-12 06:50:00,LYKH2325135629245,True,Active,696.23,False,False,False,1276.92,False
3701,MCH4043_1,choudhry and sons,5912.0,Pharmacy,Private Limited,Bengaluru,Karnataka,2024-02-05 18:00:28,XXXX3422,True,Active,367.6,False,False,False,1300.55,True
391,MCH4043_2,Sodhi Group,5942.0,Books & Stationery,Partnership,Ludhiana,Punjab,,QEIP6568462838668,True,Inactive,,True,False,False,1167.225,True
4426,MCH4047,KAUL-BARAD,5311.0,Department Store,Sole Proprietor,Mumbai,Maharashtra,2025-05-13 00:00:00,XXXX0729,True,Active,986.5,False,False,False,1356.755,False
5594,MCH4048,"Lall, Kara and Uppal",5812.0,Restaurant,Partnership,Jalandhar,Punjab,2024-06-14 00:00:00,,False,Closed,1748.0,False,False,False,1327.31,False
5566,MCH4050_1,"ARYA, DYAL AND AURORA",5411.0,Grocery,Partnership,Kolkata,West Bengal,2026-01-23 02:54:00,,False,Active,980.29,False,False,False,1233.545,True
1433,MCH4050_2,"Sur, N0ri and G011a",5699.0,Apparel,Sole Proprietor,Mumbai,Maharashtra,2024-04-07 00:00:00,PQHJ7829698736069,True,Active,577.94,False,False,False,1252.4299999999998,True
5655,MCH4051_1,Desai-Tank,5812.0,Restaurant,Partnership,Lucknow,Uttar Pradesh,2025-02-21 00:00:00,XXXX7388,True,Active,389.0,False,False,False,1327.31,True
5373,MCH4051_2,Dixit-Chaudry,,Department Store,Private Limited,Lucknow,Uttar Pradesh,2024-08-17 00:00:00,RUAK0632911011346,True,Active,,False,False,True,1356.755,True
4583,MCH4051_3,Sharma-Viswanathan,4131.0,Transportation,Individual,Delhi,Delhi,2025-02-23 00:00:00,,False,Active,1135.12,False,False,False,1225.12,True
4742,MCH4052,Bal-Choudhary,5812.0,Restaurant,Partnership,Jalandhar,Punjab,,XXXX5480,True,Active,2217.99,False,False,False,1327.31,False
3404,MCH4055_1,rai plc,5812.0,Restaurant,Private Limited,Ludhiana,Punjab,2023-08-12 00:00:00,XXXX0097,True,Active,283.42,False,False,False,1327.31,True
4911,MCH4055_2,Sinha-Sundaram,7011.0,Hotel,Individual,Chennai,Tamil Nadu,,BRZM1208408639064,True,Suspended,978.27,False,True,False,1161.77,True
4963,MCH4061,Mody-Vig,5999.0,Misc Retail,Individual,Amritsar,Punjab,2024-07-28 06:12:20,,False,Active,2007.74,False,False,False,1276.92,False
1046,MCH4062,Rana Group,5999.0,Misc Retail,Individual,Mumbai,Maharashtra,2023-09-20 00:00:00,XXXX3317,True,Inactive,1544.23,False,False,False,1276.92,False
3501,MCH4064_1,"Sastry, Sibal and Rajagopal",4131.0,Transportation,Partnership,Lucknow,Uttar Pradesh,2024-11-23 00:00:00,XXXX7853,True,Inactive,,True,False,False,1225.12,True
5184,MCH4064_2,"Sidhu, Kunda and Hayre",7011.0,Hotel,Individual,Pune,Maharashtra,2025-02-05 00:00:00,XXXX9354,True,Active,1462.39,False,False,False,1161.77,True
5328,MCH4066_1,Nazareth Group,,Books & Stationery,Sole Proprietor,Kolkata,West Bengal,2023-01-28 16:03:19,XMZT2343976498711,True,Active,,True,False,True,1167.225,True
468,MCH4066_2,Swaminathan and Sons,5311.0,Department Store,Partnership,Hyderabad,Telangana,2025-05-24 14:56:00,,False,Active,972.63,False,False,False,1356.755,True
1621,MCH4068,Balakrishnan Inc,4814.0,Telecom,Individual,Jalandhar,Punjab,2024-11-23 00:00:00,,False,Active,1322.89,False,False,False,1213.17,False
5076,MCH4072,Singhal-Natarajan,5812.0,Restaurant,Sole Proprietor,Chennai,Tamil Nadu,,XXXX4620,True,Active,2593.54,False,False,False,1327.31,False
6059,MCH4073,Gopal PLC,5812.0,Restaurant,Individual,Jaipur,Rajasthan,2024-12-27 20:52:16,XXXX0031,True,Active,,False,False,False,1327.31,False
5491,MCH4075,  Sankar-Mandal  ,5812.0,Restaurant,Partnership,Ludhiana,Punjab,,XXXX6718,True,Active,1056.32,False,False,False,1327.31,False
398,MCH4077_1,Din LLC,4131.0,Transportation,Sole Proprietor,Jaipur,Rajasthan,2024-09-21 00:00:00,,False,Active,640.73,False,False,False,1225.12,True
1949,MCH4077_2,"Khalsa, Jaggi and Bumb",5812.0,Restaurant,Sole Proprietor,Jaipur,Rajasthan,2023-10-26 00:00:00,,False,Active,583.76,False,False,False,1327.31,True
1086,MCH4077_3,verma-dugar,5812.0,Restaurant,Private Limited,Kolkata,West Bengal,2023-07-31 00:00:00,7415298015,True,Active,1359.17,False,False,False,1327.31,True
1327,MCH4080_1,Jhaveri-Andra,5311.0,Department Store,Sole Proprietor,Jalandhar,Punjab,2024-06-18 00:00:00,,False,Active,4912.37,False,False,False,1356.755,True
749,MCH4080_2,Shenoy-Kashyap,4814.0,Mobile Recharge,Private Limited,Jaipur,Rajasthan,2025-10-04 03:56:06,YPYY3780350945436,True,Active,2043.03,False,False,False,1108.585,True
4913,MCH4081,Srinivasan-Bahri,4814.0,Mobile Recharge,Sole Proprietor,Delhi,Delhi,2025-06-07 00:00:00,,False,Active,2928.84,False,False,False,1108.585,False
5761,MCH4082,Khurana Inc,5999.0,Misc Retail,Private Limited,Delhi,Delhi,2023-06-02 00:00:00,MAKF1380226043660,True,Inactive,288.7,False,False,False,1276.92,False
1340,MCH4083,"  Loyal, Dara and Sharaf  ",4814.0,Mobile Recharge,Individual,Chennai,Tamil Nadu,2024-02-15 01:01:36,,False,Active,1752.1,False,False,False,1108.585,False
2706,MCH4084,Mitra PLC,5311.0,Department Store,Individual,Jalandhar,Punjab,2023-12-15 00:00:00,XXXX5719,True,Active,973.94,False,False,False,1356.755,False
3619,MCH4086,"Kannan, Varghese and Lalla",5311.0,Retail,Private Limited,Mumbai,Maharashtra,2024-12-08 00:00:00,0493830742,True,Active,1459.96,False,False,False,1126.42,False
2562,MCH4087,"basak, lal and tailor",4814.0,Mobile Recharge,Private Limited,Pune,Maharashtra,2025-03-10 00:37:00,,False,Active,298.11,False,False,False,1108.585,False
2487,MCH4089,Mistry and Sons,5411.0,Grocery,Sole Proprietor,Mumbai,Maharashtra,2024-07-20 00:00:00,FZNP2052339077080,True,Active,1563.22,False,False,False,1233.545,False
3162,MCH4090_1,Dada LLC,5999.0,Misc Retail,Individual,Chennai,Tamil Nadu,2025-02-27 00:00:00,EOAQ0943270820101,True,Active,1538.0,False,False,False,1276.92,True
1274,MCH4090_2,DubeGroup,5311.0,Department Store,Individual,Jaipur,Rajasthan,2024-12-06 00:00:00,NPEH3410333318653,True,Active,5497.54,False,False,False,1356.755,True
3229,MCH4090_3,MittalLLC,4131.0,Transportation,Individual,Delhi,Delhi,2025-03-02 19:44:00,XXXX8621,True,Active,,False,False,False,1225.12,True
3478,MCH4090_4,Panchal-Gera,5942.0,Books & Stationery,Private Limited,Mumbai,Maharashtra,2023-11-23 00:00:00,XXXX0223,True,Inactive,976.5,False,False,False,1167.225,True
539,MCH4092_1,"Badami, Prabhakar and Grover",5942.0,Books & Stationery,Individual,Chennai,Tamil Nadu,2024-10-30 07:51:00,KNKS3499549207785,True,Inactive,5822.31,False,False,False,1167.225,True
3047,MCH4092_2,Mukhopadhyay Group,5812.0,Restaurant,Private Limited,Hyderabad,Telangana,2025-12-24 00:00:00,XXXX3479,True,Active,504.84,False,False,False,1327.31,True
5161,MCH4093,  Krishnamurthy PLC  ,7011.0,Hotel,Private Limited,Lucknow,Uttar Pradesh,2024-03-15 00:00:00,XXXX5675,True,Inactive,1291.9,False,False,False,1161.77,False
5111,MCH4094_1,jani-mistry,5311.0,Department Store,Partnership,Amritsar,Punjab,2024-05-06 00:00:00,,False,Active,5482.47,False,False,False,1356.755,True
5274,MCH4094_2,Thakur-Shah,5311.0,Department Store,Individual,Chennai,Tamil Nadu,2024-12-25 00:00:00,8582719146,True,Active,1848.8,False,False,False,1356.755,True
3073,MCH4096_1,"Bhat, Kapoor and Borah",5999.0,Misc Retail,Private Limited,Hyderabad,Telangana,2024-11-27 00:00:00,0474814059,True,Active,2092.25,False,False,False,1276.92,True
6128,MCH4096_2,  Raman Inc  ,,Apparel,Private Limited,Chennai,Tamil Nadu,,6736501272,True,Active,2014.0,False,False,True,1252.4299999999998,True
2196,MCH4097_1,"Kala, Khatri and D’Alia",5411.0,Grocery,Private Limited,Ludhiana,Punjab,2024-05-17 00:00:00,EPRC2590629110289,True,Inactive,1958.39,False,False,False,1233.545,True
1399,MCH4097_2,Nori PLC,5912.0,Pharmacy,Private Limited,Pune,Maharashtra,,,False,Active,930.77,False,False,False,1300.55,True
1679,MCH4097_3,Venkataraman PLC,5912.0,Pharmacy,Sole Proprietor,Bengaluru,Karnataka,2025-05-25 04:58:00,,False,Active,405.21,False,False,False,1300.55,True
819,MCH4099,"Dewan, Rastogi and Jayaraman",,Retail,Individual,Ludhiana,Punjab,2025-08-06 12:15:48,,False,Active,1926.0,False,False,True,1126.42,False
2114,MCH4100,RAJA-VASA,7011.0,Hotel,Sole Proprietor,Jalandhar,Punjab,2025-06-28 00:00:00,7806774171,True,Active,479.15,False,False,False,1161.77,False
2306,MCH4101_1,raval plc,7011.0,Hotel,Individual,Bengaluru,Karnataka,2023-11-26 00:00:00,XXXX6243,True,Active,1096.15,False,False,False,1161.77,True
3607,MCH4101_2,"Sani, Ben and Subramaniam",5311.0,Department Store,Private Limited,Pune,Maharashtra,2025-10-20 20:35:21,XXXX9217,True,Active,1377.51,False,False,False,1356.755,True
3545,MCH4102_1,Dass LLC,5912.0,Pharmacy,Partnership,Kolkata,West Bengal,2026-02-19 00:00:00,XXXX9287,True,Active,375.32,False,False,False,1300.55,True
1573,MCH4102_2,Om Ltd,4814.0,Mobile Recharge,Private Limited,Bengaluru,Karnataka,2023-03-20 00:00:00,,False,Active,1056.57,False,False,False,1108.585,True
4584,MCH4102_3,Oza-Sarna,5699.0,Apparel,Individual,Delhi,Delhi,2025-01-20 00:00:00,1096969735,True,Active,1950.82,False,False,False,1252.4299999999998,True
276,MCH4102_4,Pandya-Kapoor,,Books & Stationery,Sole Proprietor,Amritsar,Punjab,2025-06-03 00:00:00,SZIE5520167745590,True,Active,1618.63,False,False,True,1167.225,True
358,MCH4104_1,Sawhney-Suri,4814.0,Telecom,Individual,Hyderabad,Telangana,2023-12-15 00:00:00,8776394591,True,Inactive,295.0,False,False,False,1213.17,True
2597,MCH4104_2,"Som, Rege and Thaker",,Hotel,Individual,Bengaluru,Karnataka,2024-07-21 00:00:00,,False,Active,,False,False,True,1161.77,True
228,MCH4106_1,Dey and Sons,5411.0,Grocery,Private Limited,Hyderabad,Telangana,2026-01-31 00:00:00,XXXX0072,True,Active,4216.77,False,False,False,1233.545,True
3200,MCH4106_2,"Ramanathan, Bava and Dasgupta",5912.0,Pharmacy,Private Limited,Ludhiana,Punjab,2023-09-23 03:53:36,,False,Inactive,902.18,False,False,False,1300.55,True
2316,MCH4107,Pandey-Sastry,5699.0,Apparel,Sole Proprietor,Jalandhar,Punjab,2025-09-30 00:00:00,,False,Inactive,319.0,False,False,False,1252.4299999999998,False
869,MCH4109,"Lal, Handa and Mammen",5942.0,Books & Stationery,Individual,Kolkata,West Bengal,2024-01-07 21:55:00,,False,Active,1181.07,False,False,False,1167.225,False
2817,MCH4110,Suresh-Bassi,5942.0,Books & Stationery,Individual,Mumbai,Maharashtra,2024-09-18 08:58:00,,False,Inactive,1527.43,False,False,False,1167.225,False
2599,MCH4111,Brahmbhatt LLC,5999.0,Misc Retail,Partnership,Lucknow,Uttar Pradesh,,,False,Suspended,682.69,False,True,False,1276.92,False
6060,MCH4112,Sodhi-Desai,,Department Store,Sole Proprietor,Hyderabad,Telangana,2023-06-06 00:00:00,,False,Inactive,3193.0,False,False,True,1356.755,False
1446,MCH4113,"Anand,ChoudharyandContractor",5912.0,Pharmacy,Individual,Chennai,Tamil Nadu,2023-09-07 00:00:00,6952372771,True,Active,,True,False,False,1300.55,False
3473,MCH4114_1,"Pandya, Jayaraman and Ray",4814.0,Mobile Recharge,Sole Proprietor,Hyderabad,Telangana,2025-01-15 00:00:00,SSMR5889038460894,True,Inactive,436.15,False,False,False,1108.585,True
5687,MCH4114_2,Pate1 PLC,4131.0,Transportation,Private Limited,Chennai,Tamil Nadu,2023-03-17 00:00:00,,False,Active,2658.88,False,False,False,1225.12,True
6107,MCH4115,"Bandi, Rau and Hayre",4131.0,Transportation,Sole Proprietor,Jaipur,Rajasthan,2025-05-03 00:00:00,YBME5428003718558,True,Suspended,748.37,False,True,False,1225.12,False
330,MCH4118,Upadhyay LLC,4131.0,Transportation,Private Limited,Kolkata,West Bengal,2024-03-16 00:00:00,,False,Active,,False,False,False,1225.12,False
1386,MCH4122,"Lata, Magar and Savant",5999.0,Misc Retail,Partnership,Bengaluru,Karnataka,2025-12-03 23:29:42,7547242898,True,Active,3699.77,False,False,False,1276.92,False
3173,MCH4123,"Parekh, Patla and Kar",5942.0,Books & Stationery,Partnership,Jalandhar,Punjab,2024-11-09 00:00:00,5310260642,True,Active,2764.76,False,False,False,1167.225,False
3175,MCH4124_1,"Dara, Salvi and Sawhney",5411.0,Grocery,Sole Proprietor,Bengaluru,Karnataka,2025-10-12 00:00:00,INFT7849125820167,True,Active,2121.35,False,False,False,1233.545,True
3866,MCH4124_2,kakar-prabhu,7011.0,Hotel,Partnership,Jalandhar,Punjab,2023-01-21 00:00:00,DOCW0340939340492,True,Active,930.0,False,False,False,1161.77,True
2516,MCH4126_1,Sen Group,5699.0,Apparel,Individual,Jaipur,Rajasthan,2023-06-08 00:00:00,,False,Active,236.05,False,False,False,1252.4299999999998,True
725,MCH4126_2,"WALI, MAHAL AND PRABHU",4131.0,Transportation,Individual,Hyderabad,Telangana,2023-09-12 15:51:00,RAIS4512083077234,True,Active,1593.0,False,False,False,1225.12,True
1117,MCH4127,Subramaniam-Jhaveri,4131.0,Transportation,Sole Proprietor,Jaipur,Rajasthan,2024-05-22 00:00:00,XXXX1628,True,Suspended,5333.88,False,True,False,1225.12,False
3730,MCH4129,"Lad, Raja and Sachdev",7011.0,Hotel,Partnership,Mumbai,Maharashtra,2023-11-09 00:00:00,0929537946,True,Active,954.07,False,False,False,1161.77,False
2596,MCH4131_1,ChaudhryInc,5999.0,Misc Retail,Partnership,Amritsar,Punjab,2023-01-07 00:00:00,,False,Active,1561.61,False,False,False,1276.92,True
5766,MCH4131_2,"Goyal, Krishnamurthy and Dewan",4131.0,Transportation,Individual,Jaipur,Rajasthan,2023-10-24 14:15:00,4282467745,True,Inactive,319.32,False,False,False,1225.12,True
1632,MCH4133_1,Buch-Hayre,5912.0,Pharmacy,Partnership,Kolkata,West Bengal,2024-02-16 00:00:00,,False,Inactive,,True,False,False,1300.55,True
738,MCH4133_2,"NAYAK, PRABHU AND SOM",4131.0,Transportation,Individual,Mumbai,Maharashtra,2023-12-20 07:08:02,,False,Active,570.23,False,False,False,1225.12,True
5627,MCH4135,sunder ltd,5411.0,Grocery,Partnership,Ludhiana,Punjab,2025-01-28 00:00:00,,False,Active,6745.05,False,False,False,1233.545,False
2473,MCH4136,SEHGAL PLC,5699.0,Apparel,Partnership,Mumbai,Maharashtra,2024-07-30 00:00:00,,False,Active,2564.97,False,False,False,1252.4299999999998,False
1244,MCH4141,Sarkar and Sons,4814.0,Mobile Recharge,Partnership,Bengaluru,Karnataka,2023-06-10 00:00:00,,False,Active,1485.34,False,False,False,1108.585,False
5771,MCH4145,"Dalal, Dass and Vaidya",5942.0,Books & Stationery,Sole Proprietor,Pune,Maharashtra,2025-09-16 00:00:00,PZMX8375142166938,True,Suspended,,True,True,False,1167.225,False
5341,MCH4148_1,"Muni, Chaudhari and De",5999.0,Misc Retail,Private Limited,Kolkata,West Bengal,2024-12-20 00:00:00,2868917120,True,Inactive,2139.38,False,False,False,1276.92,True
4424,MCH4148_2,"Wali, Babu and Tank",4814.0,Mobile Recharge,Partnership,Jaipur,Rajasthan,2023-01-08 00:00:00,PUUF6382776692306,True,Active,2368.62,False,False,False,1108.585,True
3235,MCH4153,Shroff Ltd,5999.0,Misc Retail,Sole Proprietor,Kolkata,West Bengal,2025-11-07 00:00:00,,False,Active,3578.7,False,False,False,1276.92,False
5922,MCH4157,Minhas-Saran,4814.0,Telecom,Partnership,Mumbai,Maharashtra,2025-11-02 00:00:00,,False,Active,,True,False,False,1213.17,False
6039,MCH4158,SASTRY INC,,Books & Stationery,Partnership,Delhi,Delhi,2024-08-15 00:00:00,DAYK8556309990572,True,Inactive,480.93,False,False,True,1167.225,False
1722,MCH4163_1,Kamdar-Jhaveri,7011.0,Hotel,Sole Proprietor,Jalandhar,Punjab,,,False,Active,390.74,False,False,False,1161.77,True
5636,MCH4163_2,Rajag0pa1an-Hans,5812.0,Restaurant,Sole Proprietor,Pune,Maharashtra,2023-06-29 15:13:09,GQKM7843504448024,True,Active,,False,False,False,1327.31,True
2197,MCH4164,Iyengar LLC,5999.0,Misc Retail,Sole Proprietor,Jaipur,Rajasthan,,LSYR7261669987207,True,Active,440.0,False,False,False,1276.92,False
5127,MCH4165_1,"Dhar,PallaandKorpal",4814.0,Telecom,Private Limited,Pune,Maharashtra,2024-05-29 00:00:00,EWYW3013882760872,True,Inactive,,False,False,False,1213.17,True
4398,MCH4165_2,nayar plc,5311.0,Department Store,Private Limited,Delhi,Delhi,2023-06-03 00:00:00,,False,Inactive,1388.15,False,False,False,1356.755,True
2318,MCH4167_1,BanerjeePLC,5812.0,Restaurant,Private Limited,Jaipur,Rajasthan,2023-10-26 06:05:00,0359713913,True,Active,3120.61,False,False,False,1327.31,True
3369,MCH4167_2,"Thakur, Purohit and Gade",5311.0,Retail,Individual,Lucknow,Uttar Pradesh,2024-06-08 00:00:00,XXXX3875,True,Active,642.28,False,False,False,1126.42,True
2031,MCH4168_1,"Chad, Dyal and Golla",5999.0,Misc Retail,Partnership,Pune,Maharashtra,2023-06-10 10:22:54,XXXX8341,True,Active,1194.41,False,False,False,1276.92,True
1010,MCH4168_2,"Jani, Khalsa and Minhas",5912.0,Pharmacy,Individual,Jaipur,Rajasthan,2023-05-28 00:00:00,,False,Inactive,,True,False,False,1300.55,True
4171,MCH4169,"  Vaidya, Vasa and Palan  ",4814.0,Mobile Recharge,Individual,Hyderabad,Telangana,2024-11-15 00:00:00,,False,Active,1965.48,False,False,False,1108.585,False
5027,MCH4170_1,Bahri-Mangat,5812.0,Restaurant,Sole Proprietor,Pune,Maharashtra,2023-03-15 00:00:00,XXXX2954,True,Active,926.11,False,False,False,1327.31,True
4009,MCH4170_2,Bassi Group,5999.0,Misc Retail,Sole Proprietor,Ludhiana,Punjab,2024-10-13 06:13:37,7567135746,True,Active,591.58,False,False,False,1276.92,True
2112,MCH4170_3,Saha-Sangha,5311.0,Department Store,Individual,Lucknow,Uttar Pradesh,2024-05-31 00:00:00,YABO3956354404742,True,Active,1858.07,False,False,False,1356.755,True
4562,MCH4172,"khosla, tak and mahajan",5912.0,Pharmacy,Partnership,Kolkata,West Bengal,2024-03-23 00:00:00,,False,Active,1964.28,False,False,False,1300.55,False
4935,MCH4176,Sani-Bhalla,,Hotel,Individual,Delhi,Delhi,2024-07-22 00:00:00,XXXX6805,True,Active,1216.13,False,False,True,1161.77,False
3994,MCH4179,"Choudhry, Bera and Pandit",5699.0,Apparel,Partnership,Kolkata,West Bengal,2025-08-14 04:33:40,ABQY2242292056782,True,Active,1930.08,False,False,False,1252.4299999999998,False
112,MCH4180_1,Dave-Oza,,Books & Stationery,Sole Proprietor,Delhi,Delhi,2024-01-08 00:00:00,,False,Active,394.99,False,False,True,1167.225,True
1326,MCH4180_2,"Iyer, Saha and Kumar",7011.0,Hotel,Partnership,Lucknow,Uttar Pradesh,2025-04-16 00:00:00,2796320001,True,Active,3864.5,False,False,False,1161.77,True
2267,MCH4182,"More, Sarma and Baria",4814.0,Telecom,Individual,Mumbai,Maharashtra,2026-01-01 00:00:00,XXXX3295,True,Active,4102.61,False,False,False,1213.17,False
1524,MCH4184_1,Dua-Agate,,Hotel,Partnership,Kolkata,West Bengal,2023-03-24 00:00:00,4629473198,True,Inactive,1198.31,False,False,True,1161.77,True
1449,MCH4184_2,SACHDEVA-KARA,5812.0,Restaurant,Partnership,Jaipur,Rajasthan,2025-02-02 04:25:00,,False,Active,704.96,False,False,False,1327.31,True
3124,MCH4185_1,Khanna and S0ns,5942.0,Books & Stationery,Private Limited,Pune,Maharashtra,2025-12-24 00:00:00,,False,Active,1148.06,False,False,False,1167.225,True
2420,MCH4185_2,Nath-Chaudhuri,4814.0,Telecom,Private Limited,Jaipur,Rajasthan,2024-08-14 00:00:00,EQFV9212095030396,True,Active,587.44,False,False,False,1213.17,True
5747,MCH4187,"Tella, Hayre and Patla",5812.0,Restaurant,Sole Proprietor,Jaipur,Rajasthan,2023-09-08 00:00:00,,False,Suspended,2332.84,False,True,False,1327.31,False
1739,MCH4191,"Mangal, Seshadri and Kakar",5699.0,Apparel,Private Limited,Pune,Maharashtra,2024-01-26 00:00:00,,False,Active,1192.21,False,False,False,1252.4299999999998,False
2942,MCH4194_1,Hegde-Chahal,,Pharmacy,Sole Proprietor,Amritsar,Punjab,2025-11-15 00:00:00,,False,Inactive,,False,False,True,1300.55,True
785,MCH4194_2,Srinivasan-Lala,4131.0,Transportation,Individual,Ludhiana,Punjab,2025-08-15 00:00:00,,False,Active,2059.54,False,False,False,1225.12,True
4484,MCH4197,Chaudry Group,5912.0,Pharmacy,Private Limited,Pune,Maharashtra,,UHGU5811611698099,True,Active,4814.44,False,False,False,1300.55,False
4814,MCH4200_1,Karnik Ltd,,Transportation,Sole Proprietor,Pune,Maharashtra,2024-04-27 00:00:00,MNTN2594343179544,True,Active,951.15,False,False,True,1225.12,True
3002,MCH4200_2,Mahajan Group,5942.0,Books & Stationery,Sole Proprietor,Pune,Maharashtra,2024-05-21 03:12:53,XXXX4189,True,Active,839.74,False,False,False,1167.225,True
3940,MCH4200_3,"Sood, Kurian and Raghavan",5699.0,Apparel,Individual,Jaipur,Rajasthan,2024-08-18 00:00:00,4567697450,True,Active,2010.35,False,False,False,1252.4299999999998,True
5366,MCH4205,Behl-Narula,5311.0,Department Store,Sole Proprietor,Kolkata,West Bengal,2023-11-27 20:51:25,,False,Active,4442.0,False,False,False,1356.755,False
4432,MCH4208,devi-mangal,5942.0,Books & Stationery,Sole Proprietor,Ludhiana,Punjab,2025-08-27 16:16:44,,False,Active,1564.41,False,False,False,1167.225,False
1966,MCH4209_1,Bahri-Kari,4131.0,Transportation,Individual,Jaipur,Rajasthan,2025-12-29 00:00:00,,False,Active,1717.86,False,False,False,1225.12,True
6015,MCH4209_2,GARG-GOEL,5812.0,Restaurant,Partnership,Amritsar,Punjab,2025-08-02 09:42:09,VSHI3966663578716,True,Active,1244.58,False,False,False,1327.31,True
3534,MCH4211,Amb1e-Saha,,Grocery,Sole Proprietor,Delhi,Delhi,2023-06-27 00:00:00,,False,Active,525.0,False,False,True,1233.545,False
3741,MCH4212,Raman-Kohli,5411.0,Grocery,Partnership,Ludhiana,Punjab,2024-10-27 10:39:27,AIWO1178745904405,True,Active,3361.0,False,False,False,1233.545,False
2254,MCH4214,"Mitra, Oak and Keer",5699.0,Apparel,Individual,Bengaluru,Karnataka,2024-02-12 00:00:00,,False,Active,1159.46,False,False,False,1252.4299999999998,False
2616,MCH4216,Ratta and Sons,5942.0,Books & Stationery,Partnership,Jalandhar,Punjab,2023-10-07 00:00:00,XXXX5580,True,Active,1337.5,False,False,False,1167.225,False
2877,MCH4218,Srivastava Ltd,5942.0,Books & Stationery,Sole Proprietor,Mumbai,Maharashtra,2023-11-20 00:00:00,LFAP5704533731300,True,Active,1744.69,False,False,False,1167.225,False
5637,MCH4220_1,chaudry ltd,,Hotel,Individual,Lucknow,Uttar Pradesh,,,False,Active,788.42,False,False,True,1161.77,True
4573,MCH4220_2,GOPAL-DARA,5699.0,Apparel,Individual,Bengaluru,Karnataka,2025-10-02 13:08:23,,False,Active,532.47,False,False,False,1252.4299999999998,True
1233,MCH4221,"Rastogi, Goda and Naidu",5999.0,Misc Retail,Individual,Jalandhar,Punjab,,,False,Active,745.75,False,False,False,1276.92,False
1777,MCH4223,"Bajwa, Khurana and Sinha",,Retail,Sole Proprietor,Bengaluru,Karnataka,2025-03-15 00:00:00,,False,Active,585.1,False,False,True,1126.42,False
5903,MCH4225,Karnik LLC,5699.0,Apparel,Individual,Ludhiana,Punjab,2025-02-05 13:25:31,5426893917,True,Active,537.99,False,False,False,1252.4299999999998,False
1906,MCH4227_1,  Bora-Sood  ,5999.0,Misc Retail,Partnership,Jaipur,Rajasthan,2023-02-11 00:00:00,,False,Active,1928.46,False,False,False,1276.92,True
1148,MCH4227_2,Panchal PLC,5999.0,Misc Retail,Sole Proprietor,Kolkata,West Bengal,2025-01-09 00:00:00,,False,Active,1533.36,False,False,False,1276.92,True
4496,MCH4228,"SINGHAL, BHASIN AND KAUL",5699.0,Apparel,Private Limited,Amritsar,Punjab,2025-05-23 00:00:00,6707310647,True,Active,896.57,False,False,False,1252.4299999999998,False
1581,MCH4230,Jha Group,5912.0,Pharmacy,Private Limited,Jaipur,Rajasthan,,XXXX6774,True,Active,911.06,False,False,False,1300.55,False
2715,MCH4232_1,Raj Group,5912.0,Pharmacy,Individual,Hyderabad,Telangana,2023-06-23 00:00:00,,False,Suspended,,True,True,False,1300.55,True
2295,MCH4232_2,sehgal-rama,5411.0,Grocery,Partnership,Kolkata,West Bengal,2023-03-31 00:00:00,XXXX1805,True,Active,4112.72,False,False,False,1233.545,True
306,MCH4233_1,Padmanabhan and Sons,5999.0,Misc Retail,Sole Proprietor,Ludhiana,Punjab,2025-02-04 00:00:00,4395615588,True,Active,1697.48,False,False,False,1276.92,True
301,MCH4233_2,Parmar and Sons,5912.0,Pharmacy,Sole Proprietor,Bengaluru,Karnataka,2024-07-30 22:30:00,4132683121,True,Closed,3068.07,False,False,False,1300.55,True
1396,MCH4233_3,  Shankar and Sons  ,5411.0,Grocery,Sole Proprietor,Jalandhar,Punjab,2023-12-10 00:00:00,4534914137,True,Inactive,2257.76,False,False,False,1233.545,True
3491,MCH4235,NAGAR-SHARMA,5311.0,Retail,Sole Proprietor,Kolkata,West Bengal,2024-10-02 00:00:00,,False,Active,1671.65,False,False,False,1126.42,False
1371,MCH4236_1,Arora PLC,5942.0,Books & Stationery,Partnership,Amritsar,Punjab,2024-09-20 00:00:00,,False,Active,1427.88,False,False,False,1167.225,True
1103,MCH4236_2,"Sinha, Shukla and Lad",5699.0,Apparel,Sole Proprietor,Delhi,Delhi,2025-07-08 12:08:37,OZWZ6142696689139,True,Active,844.0,False,False,False,1252.4299999999998,True
3299,MCH4237,"Deshmukh, Ghose and Chhabra",,Restaurant,Sole Proprietor,Pune,Maharashtra,2024-02-12 12:00:50,,False,Suspended,5905.65,False,True,True,1327.31,False
5585,MCH4243,"Ramesh, Venkatesh and Ravel",5311.0,Retail,Sole Proprietor,Amritsar,Punjab,2025-06-24 00:00:00,,False,Active,133.28,False,False,False,1126.42,False
5635,MCH4244_1,"DOCTOR, PILLAY AND NORI",5311.0,Department Store,Individual,Ludhiana,Punjab,2026-02-22 00:00:00,8115439991,True,Active,2111.57,False,False,False,1356.755,True
3031,MCH4244_2,Kade-Devan,,Hotel,Sole Proprietor,Chennai,Tamil Nadu,2025-07-12 00:00:00,0738245695,True,Active,1429.19,False,False,True,1161.77,True
5991,MCH4245,Dua Group,4131.0,Transportation,Partnership,Ludhiana,Punjab,2024-07-25 18:42:24,0504410036,True,Active,323.1,False,False,False,1225.12,False
1163,MCH4246,Rama-Dasgupta,5311.0,Retail,Individual,Amritsar,Punjab,2025-01-05 00:00:00,,False,Active,2336.28,False,False,False,1126.42,False
485,MCH4248,"Bahl, Prashad and Reddy",5311.0,Department Store,Sole Proprietor,Lucknow,Uttar Pradesh,2025-06-30 00:00:00,,False,Active,4921.5,False,False,False,1356.755,False
5960,MCH4249_1,Jhaveri Ltd,5812.0,Restaurant,Sole Proprietor,Bengaluru,Karnataka,2024-04-01 01:29:00,,False,Active,6385.99,False,False,False,1327.31,True
1806,MCH4249_2,"NARASIMHAN, NATT AND CHADA",7011.0,Hotel,Sole Proprietor,Pune,Maharashtra,2023-12-28 07:11:47,8565095769,True,Active,1048.88,False,False,False,1161.77,True
3918,MCH4250_1,"Mani, Roy and Manne",4131.0,Transportation,Private Limited,Bengaluru,Karnataka,2023-04-12 00:00:00,,False,Active,77.0,False,False,False,1225.12,True
3708,MCH4250_2,"SUBRAMANIAM, DATTA AND PATEL",5411.0,Grocery,Partnership,Kolkata,West Bengal,2023-06-07 00:00:00,,False,Active,1320.67,False,False,False,1233.545,True
2812,MCH4253,MANDER-SAGAR,,Misc Retail,Individual,Ludhiana,Punjab,2024-12-12 00:00:00,,False,Active,348.43,False,False,True,1276.92,False
3390,MCH4260,"Kalla, Banerjee and Choudhary",4814.0,Mobile Recharge,Partnership,Ludhiana,Punjab,,,False,Active,389.14,False,False,False,1108.585,False
1751,MCH4261_1,"Kar, Krishnan and Nadig",5411.0,Grocery,Partnership,Mumbai,Maharashtra,2024-10-07 08:24:11,,False,Active,1395.9,False,False,False,1233.545,True
2122,MCH4261_2,More Ltd,5311.0,Department Store,Partnership,Pune,Maharashtra,2023-04-06 04:55:30,8057436193,True,Active,761.11,False,False,False,1356.755,True
696,MCH4261_3,Swaminathan Ltd,,Hotel,Private Limited,Lucknow,Uttar Pradesh,2025-06-08 20:07:40,XXXX1395,True,Active,965.51,False,False,True,1161.77,True
6160,MCH4263,Kari and Sons,4814.0,Mobile Recharge,Private Limited,Kolkata,West Bengal,2023-11-27 00:00:00,,False,Active,,True,False,False,1108.585,False
3606,MCH4273,Bava Group,5999.0,Misc Retail,Private Limited,Ludhiana,Punjab,2024-12-28 15:12:00,OCKK9490643242644,True,Inactive,2773.64,False,False,False,1276.92,False
3820,MCH4274_1,BHAT-TAILOR,,Grocery,Private Limited,Ludhiana,Punjab,2025-03-17 00:00:00,0718437905,True,Inactive,168.98,False,False,True,1233.545,True
4229,MCH4274_2,Walia Group,4131.0,Transportation,Private Limited,Mumbai,Maharashtra,2025-10-29 00:00:00,OSZC0719397300693,True,Active,1705.04,False,False,False,1225.12,True
4104,MCH4275_1,"Boase, Chanda and Bajaj",5311.0,Department Store,Individual,Delhi,Delhi,2025-06-29 18:15:12,XXXX6193,True,Active,684.1,False,False,False,1356.755,True
1278,MCH4275_2,RAVAL-BORA,5812.0,Restaurant,Sole Proprietor,Jaipur,Rajasthan,2024-04-18 04:43:05,3945076989,True,Active,1335.0,False,False,False,1327.31,True
68,MCH4277_1,Chaudhry-Karpe,4131.0,Transportation,Private Limited,Ludhiana,Punjab,2023-11-09 07:01:01,,False,Active,,True,False,False,1225.12,True
5383,MCH4277_2,Khalsa Inc,5311.0,Department Store,Individual,Amritsar,Punjab,2023-01-31 21:37:31,FHSK9777802879372,True,Active,1332.99,False,False,False,1356.755,True
252,MCH4277_3,"Lad, Krish and Lad",4131.0,Transportation,Private Limited,Hyderabad,Telangana,2024-06-04 00:00:00,,False,Active,472.96,False,False,False,1225.12,True
1448,MCH4278,Thakkar-Gupta,5311.0,Department Store,Private Limited,Amritsar,Punjab,2025-05-31 00:00:00,,False,Closed,703.48,False,False,False,1356.755,False
256,MCH4282,PINGLE LTD,5311.0,Retail,Sole Proprietor,Amritsar,Punjab,2023-05-26 08:14:58,,False,Active,816.0,False,False,False,1126.42,False
2922,MCH4283,Joshi-Srinivas,5411.0,Grocery,Partnership,Amritsar,Punjab,2023-09-01 00:00:00,,False,Active,1135.0,False,False,False,1233.545,False
1919,MCH4284_1,Chawla LLC,4131.0,Travel,Sole Proprietor,Ludhiana,Punjab,2026-02-13 00:00:00,XXXX7941,True,Active,385.0,False,False,False,1012.28,True
6005,MCH4284_2,Tand0n Inc,5999.0,Misc Retail,Partnership,Kolkata,West Bengal,2024-09-16 00:58:24,,False,Suspended,,True,True,False,1276.92,True
5342,MCH4285,Bhatnagar-Atwal,5942.0,Books & Stationery,Partnership,Jalandhar,Punjab,,,False,Closed,988.9,False,False,False,1167.225,False
421,MCH4287,"Kuruvilla, Chanda and Sood",4131.0,Transportation,Individual,Jalandhar,Punjab,2025-04-01 00:00:00,,False,Active,1244.04,False,False,False,1225.12,False
5783,MCH4288,KASHYAP-PUROHIT,5699.0,Apparel,Private Limited,Jaipur,Rajasthan,2025-10-08 00:00:00,,False,Active,262.02,False,False,False,1252.4299999999998,False
4435,MCH4289,singhal-dasgupta,,Apparel,Partnership,Bengaluru,Karnataka,2025-02-17 00:00:00,ZEDE0222029565689,True,Active,,True,False,True,1252.4299999999998,False
4768,MCH4290_1,  Konda-Memon  ,5311.0,Department Store,Private Limited,Delhi,Delhi,2024-11-08 22:16:00,,False,Closed,3295.4,False,False,False,1356.755,True
5697,MCH4290_2,Venkataraman-Wadhwa,5999.0,Misc Retail,Individual,Lucknow,Uttar Pradesh,2023-04-16 00:00:00,NGRS4293634400913,True,Active,1056.0,False,False,False,1276.92,True
5933,MCH4296,Varty-Varma,5999.0,Misc Retail,Private Limited,Amritsar,Punjab,2026-02-24 00:00:00,,False,Active,,False,False,False,1276.92,False
1313,MCH4298_1,  Jain Group  ,4814.0,Mobile Recharge,Private Limited,Delhi,Delhi,2024-06-01 00:00:00,6571920723,True,Closed,316.99,False,False,False,1108.585,True
2245,MCH4298_2,YadavLLC,5999.0,Misc Retail,Sole Proprietor,Mumbai,Maharashtra,2023-07-19 00:00:00,,False,Active,,False,False,False,1276.92,True
4920,MCH4299,Master PLC,5699.0,Apparel,Private Limited,Delhi,Delhi,2023-05-31 00:00:00,XXXX0419,True,Active,3539.65,False,False,False,1252.4299999999998,False
4557,MCH4301,Thakur Inc,5942.0,Books & Stationery,Partnership,Delhi,Delhi,2023-04-29 06:39:16,,False,Active,4449.0,False,False,False,1167.225,False
6146,MCH4303,"Dhingra, Khurana and Zachariah",4814.0,Mobile Recharge,Partnership,Mumbai,Maharashtra,2023-08-25 03:02:00,,False,Active,2476.0,False,False,False,1108.585,False
1361,MCH4305,Padmanabhan-Thaker,4131.0,Transportation,Individual,Ludhiana,Punjab,2024-10-17 00:00:00,,False,Active,572.69,False,False,False,1225.12,False
3827,MCH4306,"Narula, Hegde and Minhas",5411.0,Grocery,Private Limited,Bengaluru,Karnataka,2025-08-03 01:58:17,,False,Active,,True,False,False,1233.545,False
880,MCH4308,Natt Group,5912.0,Pharmacy,Partnership,Delhi,Delhi,2023-01-16 00:00:00,3010499558,True,Active,2114.37,False,False,False,1300.55,False
4641,MCH4312,Dada-Hari,5699.0,Apparel,Sole Proprietor,Ludhiana,Punjab,2024-02-17 00:00:00,XXXX5151,True,Active,2174.33,False,False,False,1252.4299999999998,False
1,MCH4314,Deshmukh Ltd,5699.0,Apparel,Private Limited,Jalandhar,Punjab,,3021439858,True,Inactive,986.05,False,False,False,1252.4299999999998,False
4999,MCH4318,Nagar and Sons,4131.0,Transportation,Sole Proprietor,Lucknow,Uttar Pradesh,2023-12-20 15:21:00,3039905093,True,Active,1159.12,False,False,False,1225.12,False
437,MCH4319_1,"CHAUDHRY, RAJAN AND LAD",5812.0,Restaurant,Private Limited,Jaipur,Rajasthan,2025-07-13 00:00:00,,False,Suspended,1128.44,False,True,False,1327.31,True
5066,MCH4319_2,Luthra-D’Alia,,Apparel,Partnership,Chennai,Tamil Nadu,2024-07-23 16:12:09,,False,Active,5413.24,False,False,True,1252.4299999999998,True
2911,MCH4319_3,"Setty, Sarkar and Mahajan",5311.0,Retail,Private Limited,Mumbai,Maharashtra,2025-02-01 00:00:00,5750964403,True,Active,1351.02,False,False,False,1126.42,True
2875,MCH4320,Vala and Sons,4814.0,Mobile Recharge,Private Limited,Mumbai,Maharashtra,2024-10-14 00:00:00,NNFD4351390281416,True,Inactive,,True,False,False,1108.585,False
2751,MCH4322_1,Bumb-Arya,5411.0,Grocery,Sole Proprietor,Kolkata,West Bengal,2024-12-06 00:00:00,XXXX0050,True,Active,2473.26,False,False,False,1233.545,True
1114,MCH4322_2,Khanna-Sarma,5311.0,Department Store,Sole Proprietor,Jalandhar,Punjab,2025-05-02 00:00:00,,False,Active,575.07,False,False,False,1356.755,True
2419,MCH4322_3,Mane PLC,7011.0,Hotel,Individual,Lucknow,Uttar Pradesh,2023-10-12 00:00:00,,False,Active,1793.0,False,False,False,1161.77,True
520,MCH4322_4,Patla PLC,4814.0,Telecom,Private Limited,Pune,Maharashtra,2025-10-17 00:00:00,XXXX9948,True,Active,274.0,False,False,False,1213.17,True
14,MCH4323,"Ben, Wagle and Shan",5812.0,Restaurant,Sole Proprietor,Chennai,Tamil Nadu,2023-05-11 05:53:16,4367668757,True,Suspended,,False,True,False,1327.31,False
3862,MCH4324,Choudhury Group,5311.0,Department Store,Individual,Chennai,Tamil Nadu,2024-11-02 00:00:00,ZMED4163796029617,True,Active,10680.0,False,False,False,1356.755,False
477,MCH4325,choudhry llc,7011.0,Hotel,Private Limited,Jaipur,Rajasthan,2023-06-07 00:00:00,,False,Inactive,,False,False,False,1161.77,False
6205,MCH4326,Morar-Jani,7011.0,Hotel,Partnership,Lucknow,Uttar Pradesh,2025-12-14 00:00:00,,False,Active,9768.01,False,False,False,1161.77,False
1774,MCH4330,"Viswanathan, Morar and Barad",4131.0,Transportation,Individual,Jalandhar,Punjab,2023-10-04 00:00:00,,False,Active,151.73,False,False,False,1225.12,False
6102,MCH4331,"Wali, Buch and Nagi",5699.0,Apparel,Sole Proprietor,Amritsar,Punjab,2025-07-31 20:39:00,5107486763,True,Inactive,1154.33,False,False,False,1252.4299999999998,False
2821,MCH4332,  Varma PLC  ,5942.0,Books & Stationery,Individual,Mumbai,Maharashtra,2025-01-22 00:00:00,XXXX6546,True,Active,229.07,False,False,False,1167.225,False
2209,MCH4334,"  Nazareth, Loyal and Dhar  ",5311.0,Department Store,Individual,Ludhiana,Punjab,2025-11-09 00:00:00,6420363344,True,Active,6505.28,False,False,False,1356.755,False
4836,MCH4336_1,"Dube, Baria and Nath",5411.0,Grocery,Private Limited,Jalandhar,Punjab,2026-01-06 20:58:43,,False,Active,,True,False,False,1233.545,True
4473,MCH4336_2,"Prasad, Bhagat and De",5411.0,Grocery,Partnership,Hyderabad,Telangana,2023-05-22 00:00:00,FQWT9362753717033,True,Active,614.99,False,False,False,1233.545,True
2179,MCH4337,Sethi Ltd,4814.0,Telecom,Individual,Jalandhar,Punjab,2026-01-28 00:00:00,NBXU8148602683458,True,Inactive,3672.22,False,False,False,1213.17,False
5391,MCH4338,Johal-Dara,7011.0,Hotel,Individual,Jaipur,Rajasthan,2025-06-07 20:41:00,XXXX8581,True,Suspended,3419.42,False,True,False,1161.77,False
3552,MCH4340,"Nadig, Kothari and Khalsa",7011.0,Hotel,Partnership,Mumbai,Maharashtra,,,False,Active,1756.35,False,False,False,1161.77,False
5665,MCH4342_1,"bhavsar, mital and garde",4131.0,Transportation,Private Limited,Kolkata,West Bengal,2025-10-06 00:00:00,,False,Suspended,,True,True,False,1225.12,True
6105,MCH4342_2,S0m PLC,4814.0,Mobile Recharge,Private Limited,Jaipur,Rajasthan,2025-11-08 00:00:00,,False,Inactive,337.31,False,False,False,1108.585,True
2422,MCH4349_1,Atwal-Sura,,Books & Stationery,Sole Proprietor,Pune,Maharashtra,2025-12-21 00:00:00,ZQKH6444366746348,True,Active,463.78,False,False,True,1167.225,True
5084,MCH4349_2,"naik, pandey and din",4131.0,Transportation,Partnership,Bengaluru,Karnataka,2023-06-30 20:31:00,,False,Active,2172.69,False,False,False,1225.12,True
4961,MCH4352,suri ltd,5912.0,Pharmacy,Individual,Lucknow,Uttar Pradesh,2023-08-21 00:00:00,,False,Active,,True,False,False,1300.55,False
6085,MCH4353,"Sha, Thaman and Bhasin",5699.0,Apparel,Partnership,Lucknow,Uttar Pradesh,2024-05-02 00:00:00,XXXX4052,True,Closed,,True,False,False,1252.4299999999998,False
4216,MCH4354,Natarajan-Lad,7011.0,Hotel,Partnership,Amritsar,Punjab,2023-08-18 00:00:00,XXXX6382,True,Active,703.43,False,False,False,1161.77,False
778,MCH4355,Sur-Pandit,5699.0,Apparel,Partnership,Lucknow,Uttar Pradesh,2023-04-18 00:00:00,0234156737,True,Active,,False,False,False,1252.4299999999998,False
4533,MCH4356_1,"Basak, Sur and Sundaram",,Telecom,Partnership,Delhi,Delhi,2024-07-22 00:00:00,,False,Active,1661.0,False,False,True,1213.17,True
5042,MCH4356_2,"Guha, Sheth and Ravi",5912.0,Pharmacy,Partnership,Kolkata,West Bengal,2024-07-06 00:00:00,3427547300,True,Active,2725.51,False,False,False,1300.55,True
5060,MCH4357,Som and Sons,5311.0,Retail,Individual,Ludhiana,Punjab,,XXXX0823,True,Active,,False,False,False,1126.42,False
4796,MCH4359,Mistry-Parekh,5912.0,Pharmacy,Private Limited,Mumbai,Maharashtra,2023-10-06 16:16:00,YQCO7150849658211,True,Suspended,684.0,False,True,False,1300.55,False
3102,MCH4360,Khurana Ltd,5699.0,Apparel,Partnership,Jaipur,Rajasthan,,7767895451,True,Active,507.91,False,False,False,1252.4299999999998,False
3096,MCH4361_1,"dugal, barad and nagi",5411.0,Grocery,Private Limited,Pune,Maharashtra,2025-10-27 00:00:00,XXXX1186,True,Active,4047.59,False,False,False,1233.545,True
1718,MCH4361_2,Shukla-Venkatesh,5699.0,Apparel,Partnership,Pune,Maharashtra,2023-08-31 10:30:03,,False,Active,714.55,False,False,False,1252.4299999999998,True
5333,MCH4362,Sura LLC,7011.0,Hotel,Individual,Jaipur,Rajasthan,2023-04-23 00:00:00,2143307806,True,Suspended,218.0,False,True,False,1161.77,False
714,MCH4363_1,BhagatInc,5912.0,Pharmacy,Private Limited,Jalandhar,Punjab,2023-07-22 00:00:00,2625500394,True,Active,1657.41,False,False,False,1300.55,True
5087,MCH4363_2,NARAYAN-SANGHA,7011.0,Hotel,Sole Proprietor,Jalandhar,Punjab,,,False,Active,598.32,False,False,False,1161.77,True
3509,MCH4364,SASTRY-SHETTY,4131.0,Transportation,Sole Proprietor,Kolkata,West Bengal,2024-06-14 00:00:00,BYKR5512266480306,True,Active,1128.0,False,False,False,1225.12,False
2634,MCH4367_1,Sankaran-Bhattacharyya,5699.0,Apparel,Partnership,Chennai,Tamil Nadu,2023-12-13 04:19:00,PBSG5651430183192,True,Active,1153.81,False,False,False,1252.4299999999998,True
1426,MCH4367_2,"wason, chanda and panchal",5411.0,Grocery,Sole Proprietor,Lucknow,Uttar Pradesh,2023-09-29 00:00:00,QEDA5086052954128,True,Active,1778.0,False,False,False,1233.545,True
199,MCH4369_1,"Gupta,ManeandBhasin",5812.0,Restaurant,Individual,Hyderabad,Telangana,2025-03-03 00:00:00,,False,Active,950.76,False,False,False,1327.31,True
4997,MCH4369_2,"Tandon, Viswanathan and Chaudhary",5812.0,Restaurant,Private Limited,Pune,Maharashtra,2023-01-13 00:00:00,1839441599,True,Suspended,226.61,False,True,False,1327.31,True
2234,MCH4370,Kuruvilla and Sons,5999.0,Misc Retail,Individual,Mumbai,Maharashtra,2023-08-18 00:00:00,,False,Active,,True,False,False,1276.92,False
5595,MCH4371,Chahal-Chaudhari,4814.0,Mobile Recharge,Sole Proprietor,Ludhiana,Punjab,2025-01-20 00:00:00,,False,Suspended,219.82,False,True,False,1108.585,False
3989,MCH4373,Raman-Karnik,5942.0,Books & Stationery,Partnership,Delhi,Delhi,2023-08-09 15:36:00,IPHA4538122781630,True,Active,,False,False,False,1167.225,False
5765,MCH4374,Venkatesh LLC,7011.0,Hotel,Individual,Jalandhar,Punjab,2025-01-15 22:22:17,,False,Active,418.37,False,False,False,1161.77,False
1359,MCH4375,"Mani, Pillai and Soman",5311.0,Department Store,Sole Proprietor,Lucknow,Uttar Pradesh,2024-03-08 02:25:00,,False,Active,1050.41,False,False,False,1356.755,False
4140,MCH4377,Kale-Krishnan,5942.0,Books & Stationery,Partnership,Bengaluru,Karnataka,2023-12-10 00:00:00,,False,Closed,2218.12,False,False,False,1167.225,False
636,MCH4382_1,"Bahl, Ratta and Mann",5912.0,Pharmacy,Individual,Mumbai,Maharashtra,2023-07-18 20:54:40,,False,Active,1094.0,False,False,False,1300.55,True
6120,MCH4382_2,modi-sengupta,5912.0,Pharmacy,Individual,Mumbai,Maharashtra,2025-02-15 00:00:00,9182714411,True,Active,650.1,False,False,False,1300.55,True
607,MCH4383_1,"  Sabharwal, Patla and Nagy  ",5812.0,Restaurant,Individual,Jaipur,Rajasthan,2024-12-13 00:00:00,,False,Active,4027.8,False,False,False,1327.31,True
2932,MCH4383_2,Vala LLC,5311.0,Department Store,Sole Proprietor,Lucknow,Uttar Pradesh,2025-06-15 00:00:00,,False,Active,219.66,False,False,False,1356.755,True
5820,MCH4385,Bera-S0m,,Grocery,Private Limited,Jalandhar,Punjab,2023-05-08 00:00:00,XXXX8868,True,Active,2548.67,False,False,True,1233.545,False
3337,MCH4389,"Bobal, Chakrabarti and Dash",5912.0,Pharmacy,Sole Proprietor,Pune,Maharashtra,2026-02-04 00:00:00,,False,Active,445.95,False,False,False,1300.55,False
3062,MCH4390,Ar0ra LLC,5812.0,Restaurant,Sole Proprietor,Hyderabad,Telangana,2025-07-06 00:00:00,XXXX2296,True,Active,1372.0,False,False,False,1327.31,False
2955,MCH4395,  Ramakrishnan-Rastogi  ,5999.0,Misc Retail,Private Limited,Chennai,Tamil Nadu,2025-11-19 00:00:00,,False,Active,,False,False,False,1276.92,False
2321,MCH4397,Tailor-Pandey,5912.0,Pharmacy,Private Limited,Pune,Maharashtra,2024-10-24 00:00:00,,False,Active,,False,False,False,1300.55,False
456,MCH4398,"BOSE, DHAR AND OZA",5812.0,Restaurant,Individual,Jalandhar,Punjab,2024-03-06 00:00:00,VPBZ3389716321736,True,Active,580.38,False,False,False,1327.31,False
5617,MCH4401_1,BEDI AND SONS,5699.0,Apparel,Partnership,Kolkata,West Bengal,2024-05-16 03:12:04,HWLG9372836696223,True,Active,557.79,False,False,False,1252.4299999999998,True
5718,MCH4401_2,"Misra, Sama and Shetty",4814.0,Mobile Recharge,Individual,Pune,Maharashtra,2023-10-12 00:00:00,4220162821,True,Active,4329.0,False,False,False,1108.585,True
5199,MCH4406,"Chand, Ahuja and Behl",7011.0,Hotel,Private Limited,Pune,Maharashtra,2023-06-09 00:00:00,,False,Active,3629.0,False,False,False,1161.77,False
2611,MCH4408,Dhar-Shetty,5912.0,Pharmacy,Individual,Amritsar,Punjab,2023-12-19 00:00:00,XXXX8510,True,Inactive,425.49,False,False,False,1300.55,False
4212,MCH4411,"Kale, Issac and Sibal",5999.0,Misc Retail,Private Limited,Mumbai,Maharashtra,2025-12-23 00:00:00,GYAZ8851086848708,True,Active,566.46,False,False,False,1276.92,False
3838,MCH4413_1,Bedi-Chanda,4131.0,Transportation,Private Limited,Chennai,Tamil Nadu,2024-01-16 00:17:39,,False,Active,3646.52,False,False,False,1225.12,True
1629,MCH4413_2,"Parekh,KadeandTalwar",5699.0,Apparel,Sole Proprietor,Lucknow,Uttar Pradesh,2025-12-11 00:00:00,9207485110,True,Active,,False,False,False,1252.4299999999998,True
2975,MCH4414,"Manne, Arora and Goel",5411.0,Grocery,Private Limited,Hyderabad,Telangana,2025-07-15 00:00:00,,False,Active,,True,False,False,1233.545,False
1916,MCH4416,Raju and S0ns,5999.0,Misc Retail,Individual,Bengaluru,Karnataka,2025-10-04 00:00:00,6909361511,True,Closed,3955.0,False,False,False,1276.92,False
663,MCH4417,  Nair-Bhavsar  ,5942.0,Books & Stationery,Private Limited,Jalandhar,Punjab,2024-10-26 00:00:00,XXXX2826,True,Active,291.65,False,False,False,1167.225,False
1193,MCH4419_1,  Gill-Ratta  ,5912.0,Pharmacy,Sole Proprietor,Jaipur,Rajasthan,2024-09-15 14:40:00,ETZF4377515836271,True,Active,1442.51,False,False,False,1300.55,True
745,MCH4419_2,Sankaran Inc,5912.0,Pharmacy,Partnership,Chennai,Tamil Nadu,2023-08-04 00:00:00,,False,Active,291.65,False,False,False,1300.55,True
2235,MCH4421_1,"Dua, Lad and Bassi",5411.0,Grocery,Sole Proprietor,Amritsar,Punjab,2024-06-21 18:21:57,,False,Active,1610.18,False,False,False,1233.545,True
1237,MCH4421_2,natarajan-borah,5999.0,Misc Retail,Sole Proprietor,Mumbai,Maharashtra,2024-11-21 00:00:00,,False,Active,1261.07,False,False,False,1276.92,True
3461,MCH4421_3,  Sani LLC  ,5999.0,Misc Retail,Sole Proprietor,Ludhiana,Punjab,2023-05-15 00:00:00,7724162998,True,Active,901.69,False,False,False,1276.92,True
1954,MCH4424,"Date, Soman and Lall",5311.0,Department Store,Private Limited,Chennai,Tamil Nadu,2024-02-01 22:21:10,GBLD6739471452450,True,Active,,True,False,False,1356.755,False
763,MCH4427,  Deshpande LLC  ,5812.0,Restaurant,Private Limited,Mumbai,Maharashtra,2023-02-05 00:00:00,0253333340,True,Active,1587.13,False,False,False,1327.31,False
6134,MCH4428,Raja-Kapadia,5942.0,Books & Stationery,Private Limited,Pune,Maharashtra,2023-01-21 00:00:00,4361145093,True,Active,3396.0,False,False,False,1167.225,False
3586,MCH4431,"Wali, Zachariah and Toor",5411.0,Grocery,Sole Proprietor,Mumbai,Maharashtra,2023-05-13 00:00:00,,False,Suspended,3595.68,False,True,False,1233.545,False
1196,MCH4433,"PATIL, SUBRAMANIAN AND MADAN",7011.0,Hotel,Partnership,Kolkata,West Bengal,2023-01-23 00:00:00,KNSD2742017347383,True,Active,830.16,False,False,False,1161.77,False
4602,MCH4434,Andra and Sons,5999.0,Misc Retail,Private Limited,Ludhiana,Punjab,2025-02-21 00:35:17,,False,Active,233.0,False,False,False,1276.92,False
2460,MCH4435,"Shere, Jain and Luthra",5999.0,Misc Retail,Private Limited,Chennai,Tamil Nadu,2024-06-23 00:00:00,PJOC4178398535690,True,Active,894.0,False,False,False,1276.92,False
4321,MCH4438,Vasa-Divan,5311.0,Department Store,Partnership,Kolkata,West Bengal,2025-10-09 05:49:00,DDPR9154239625573,True,Active,1288.65,False,False,False,1356.755,False
5316,MCH4439,DESHPANDE LTD,5812.0,Restaurant,Partnership,Bengaluru,Karnataka,2025-04-02 00:00:00,XXXX4378,True,Active,,True,False,False,1327.31,False
2159,MCH4440_1,"Dey, Bala and Shan",5699.0,Apparel,Sole Proprietor,Mumbai,Maharashtra,2023-01-04 22:57:00,FDNT8049485568761,True,Active,,False,False,False,1252.4299999999998,True
3479,MCH4440_2,"Krishna, Bora and Swaminathan",5699.0,Apparel,Private Limited,Jalandhar,Punjab,2023-04-29 00:00:00,5872380651,True,Inactive,749.44,False,False,False,1252.4299999999998,True
4529,MCH4441,"Sachdev, Doctor and Subramanian",5311.0,Department Store,Partnership,Chennai,Tamil Nadu,2023-06-08 00:00:00,6376514375,True,Closed,3222.79,False,False,False,1356.755,False
5157,MCH4443,Sachar-Banik,5942.0,Books & Stationery,Partnership,Jaipur,Rajasthan,2024-12-06 00:00:00,BADT3910512012474,True,Active,2375.86,False,False,False,1167.225,False
3867,MCH4444_1,Kara-Murty,,Misc Retail,Partnership,Jaipur,Rajasthan,2023-11-24 00:00:00,SVOB9088353520562,True,Active,1214.6,False,False,True,1276.92,True
5732,MCH4444_2,Khalsa PLC,5999.0,Misc Retail,Partnership,Ludhiana,Punjab,2023-05-25 00:00:00,XXXX2938,True,Active,2332.61,False,False,False,1276.92,True
3069,MCH4447,"sodhi, dalal and iyengar",5311.0,Department Store,Private Limited,Bengaluru,Karnataka,,XXXX0235,True,Active,208.51,False,False,False,1356.755,False
2388,MCH4448,Gara and Sons,5999.0,Misc Retail,Individual,Chennai,Tamil Nadu,2025-09-24 00:00:00,XXXX6028,True,Suspended,1524.31,False,True,False,1276.92,False
4777,MCH4450,ZACHARIAH-BATRA,5311.0,Retail,Sole Proprietor,Amritsar,Punjab,2023-09-17 15:10:46,,False,Active,1045.82,False,False,False,1126.42,False
1497,MCH4451,Bansal-Tak,7011.0,Hotel,Individual,Amritsar,Punjab,,,False,Active,,False,False,False,1161.77,False
5730,MCH4454_1,"RAMAN, MUKHERJEE AND SINHA",5942.0,Books & Stationery,Sole Proprietor,Kolkata,West Bengal,2024-12-26 22:24:01,NRFQ4744687183200,True,Active,567.26,False,False,False,1167.225,True
4159,MCH4454_2,"varghese, shenoy and mahajan",5812.0,Restaurant,Partnership,Mumbai,Maharashtra,2025-06-21 20:18:19,,False,Active,1952.0,False,False,False,1327.31,True
4959,MCH4455,Iyer LLC,5411.0,Grocery,Individual,Bengaluru,Karnataka,,JMHS4435674556652,True,Active,586.02,False,False,False,1233.545,False
4996,MCH4456,Krish-Panchal,5411.0,Grocery,Individual,Lucknow,Uttar Pradesh,2024-11-05 18:33:00,,False,Active,1642.08,False,False,False,1233.545,False
5058,MCH4457,"Chanda, Parikh and Hayre",5999.0,Misc Retail,Private Limited,Amritsar,Punjab,,,False,Active,,False,False,False,1276.92,False
5923,MCH4458,"  Gola, Dixit and Banik  ",5411.0,Grocery,Sole Proprietor,Amritsar,Punjab,2023-08-25 00:00:00,XXXX8441,True,Active,991.85,False,False,False,1233.545,False
791,MCH4459_1,Agate-Majumdar,4131.0,Transportation,Sole Proprietor,Chennai,Tamil Nadu,2025-07-29 00:00:00,XXXX8386,True,Active,210.85,False,False,False,1225.12,True
4558,MCH4459_2,"Gola, Dara and Anne",5411.0,Grocery,Private Limited,Amritsar,Punjab,2024-10-20 16:40:00,2438786419,True,Active,,False,False,False,1233.545,True
3401,MCH4459_3,suresh-mane,5311.0,Department Store,Individual,Kolkata,West Bengal,2023-12-25 00:00:00,6103544959,True,Inactive,3983.0,False,False,False,1356.755,True
2569,MCH4460,BUMB PLC,5942.0,Books & Stationery,Private Limited,Chennai,Tamil Nadu,,XXXX4424,True,Active,696.95,False,False,False,1167.225,False
764,MCH4462,"Koshy, Badal and Nayar",5699.0,Apparel,Individual,Hyderabad,Telangana,2025-01-17 00:00:00,XXXX9292,True,Active,937.0,False,False,False,1252.4299999999998,False
5365,MCH4463_1,Bera-Kota,5699.0,Apparel,Partnership,Amritsar,Punjab,2024-08-03 00:00:00,,False,Suspended,4533.0,False,True,False,1252.4299999999998,True
3119,MCH4463_2,"Choudhry, Sahni and Chaudhry",5699.0,Apparel,Individual,Ludhiana,Punjab,2025-01-09 03:17:33,XXXX3118,True,Active,402.0,False,False,False,1252.4299999999998,True
1319,MCH4463_3,"KANT, VARMA AND MADAN",5411.0,Grocery,Individual,Amritsar,Punjab,2023-01-26 00:00:00,XXXX8058,True,Closed,703.89,False,False,False,1233.545,True
948,MCH4469,mane and sons,4131.0,Transportation,Partnership,Hyderabad,Telangana,2025-05-18 16:24:00,ZELA9978143221753,True,Active,1447.11,False,False,False,1225.12,False
3140,MCH4474,Ram Ltd,4814.0,Telecom,Partnership,Jalandhar,Punjab,2024-07-13 00:00:00,,False,Active,1082.17,False,False,False,1213.17,False
524,MCH4475,"Ray, Kulkarni and Suresh",5311.0,Department Store,Private Limited,Ludhiana,Punjab,2024-03-03 00:00:00,XXXX5127,True,Active,3417.23,False,False,False,1356.755,False
1862,MCH4476,Parikh Group,5912.0,Pharmacy,Partnership,Kolkata,West Bengal,2025-09-10 00:24:37,,False,Active,,False,False,False,1300.55,False
295,MCH4477_1,Edwin Group,5912.0,Pharmacy,Partnership,Pune,Maharashtra,2025-12-19 00:00:00,,False,Active,1145.96,False,False,False,1300.55,True
5582,MCH4477_2,"Ray, Agate and Som",4814.0,Telecom,Partnership,Amritsar,Punjab,2025-01-27 15:16:06,3942164768,True,Active,3504.19,False,False,False,1213.17,True
1958,MCH4478,Shenoy Inc,4131.0,Transportation,Private Limited,Pune,Maharashtra,2024-04-19 20:17:16,,False,Active,3749.72,False,False,False,1225.12,False
364,MCH4481,Nagi Inc,5699.0,Apparel,Partnership,Pune,Maharashtra,2023-11-28 12:44:00,,False,Active,2759.79,False,False,False,1252.4299999999998,False
713,MCH4482,Sawhney-Raman,7011.0,Hotel,Private Limited,Ludhiana,Punjab,,8584867343,True,Active,246.88,False,False,False,1161.77,False
4908,MCH4484,"Mukherjee, Tella and Malhotra",5812.0,Restaurant,Partnership,Bengaluru,Karnataka,2025-02-10 05:38:00,8422535984,True,Active,2091.93,False,False,False,1327.31,False
1539,MCH4485,NazarethInc,5999.0,Misc Retail,Individual,Pune,Maharashtra,2023-11-07 18:34:59,6008302979,True,Inactive,1928.18,False,False,False,1276.92,False
697,MCH4486,"Bumb, Kibe and Saraf",4814.0,Mobile Recharge,Private Limited,Chennai,Tamil Nadu,2026-02-14 00:00:00,XXXX9655,True,Active,2112.84,False,False,False,1108.585,False
2869,MCH4487_1,Maharaj-Murthy,5912.0,Pharmacy,Individual,Amritsar,Punjab,2024-04-23 00:00:00,TWRO4245073175794,True,Active,1455.08,False,False,False,1300.55,True
3828,MCH4487_2,RANDHAWA-MALLICK,5311.0,Department Store,Individual,Ludhiana,Punjab,2023-08-22 21:49:04,,False,Active,1290.99,False,False,False,1356.755,True
1547,MCH4487_3,Subramanian-Kannan,4814.0,Mobile Recharge,Private Limited,Jaipur,Rajasthan,2023-03-31 00:00:00,GTMT5663658393677,True,Active,259.0,False,False,False,1108.585,True
4386,MCH4490_1,"Chawla, Prabhakar and Gupta",5812.0,Restaurant,Private Limited,Chennai,Tamil Nadu,,XXXX6406,True,Active,279.0,False,False,False,1327.31,True
3344,MCH4490_2,"DOSHI, RAJ AND BUMB",5411.0,Grocery,Partnership,Ludhiana,Punjab,2025-07-28 00:00:00,XXXX2409,True,Active,748.4,False,False,False,1233.545,True
5847,MCH4495,"Nadig, Gade and Jha",5942.0,Books & Stationery,Partnership,Hyderabad,Telangana,2024-10-05 06:24:00,,False,Active,1329.61,False,False,False,1167.225,False
4649,MCH4496_1,"Pandya, Bhalla and Malhotra",4814.0,Telecom,Partnership,Jaipur,Rajasthan,2025-07-23 09:17:00,6668375188,True,Active,,False,False,False,1213.17,True
3315,MCH4496_2,"Shroff,AhujaandKumar",4814.0,Telecom,Partnership,Amritsar,Punjab,2025-11-05 18:25:00,5684338286,True,Active,,True,False,False,1213.17,True
5889,MCH4497,Padmanabhan Group,5812.0,Restaurant,Individual,Mumbai,Maharashtra,,,False,Active,2142.62,False,False,False,1327.31,False
3982,MCH4501,BARMAN AND SONS,5812.0,Restaurant,Private Limited,Delhi,Delhi,2025-04-24 00:00:00,,False,Active,523.04,False,False,False,1327.31,False
4993,MCH4503_1,Acharya LLC,5411.0,Grocery,Private Limited,Delhi,Delhi,2024-09-12 20:47:57,,False,Active,241.19,False,False,False,1233.545,True
1085,MCH4503_2,Sunder PLC,7011.0,Hotel,Partnership,Mumbai,Maharashtra,2024-01-03 00:00:00,MTQA2966873504692,True,Active,540.93,False,False,False,1161.77,True
6010,MCH4503_3,"  Varghese, Hora and Narayanan  ",7011.0,Hotel,Sole Proprietor,Ludhiana,Punjab,,,False,Active,1258.0,False,False,False,1161.77,True
5012,MCH4507,Bassi-Merchant,5812.0,Restaurant,Sole Proprietor,Chennai,Tamil Nadu,2024-05-30 00:00:00,XXXX7969,True,Active,3598.7,False,False,False,1327.31,False
2078,MCH4508,Prakash Ltd,5812.0,Restaurant,Private Limited,Mumbai,Maharashtra,2023-12-12 16:42:00,9822144537,True,Inactive,1744.61,False,False,False,1327.31,False
5605,MCH4509,"shanker, sem and varughese",4131.0,Transportation,Sole Proprietor,Pune,Maharashtra,2023-08-16 00:00:00,,False,Active,,False,False,False,1225.12,False
1436,MCH4510,  Bora Ltd  ,4814.0,Mobile Recharge,Individual,Chennai,Tamil Nadu,2024-04-16 11:39:00,XXXX0375,True,Active,1583.66,False,False,False,1108.585,False
1064,MCH4511,"Walla, Kala and Devi",4131.0,Transportation,Sole Proprietor,Hyderabad,Telangana,2025-03-12 00:00:00,8103217288,True,Active,1448.32,False,False,False,1225.12,False
4414,MCH4515,Memon-Upadhyay,4131.0,Transportation,Sole Proprietor,Lucknow,Uttar Pradesh,2024-04-03 17:37:57,,False,Active,2435.25,False,False,False,1225.12,False
3037,MCH4517,"Madan, Gola and Srivastava",5812.0,Restaurant,Sole Proprietor,Kolkata,West Bengal,2025-05-07 14:26:04,,False,Active,,True,False,False,1327.31,False
5047,MCH4521,Raman PLC,5699.0,Apparel,Private Limited,Hyderabad,Telangana,2023-02-04 12:10:00,,False,Active,4397.68,False,False,False,1252.4299999999998,False
3986,MCH4524,Tara Ltd,5999.0,Misc Retail,Private Limited,Hyderabad,Telangana,2025-07-23 17:42:29,,False,Active,1296.94,False,False,False,1276.92,False
4678,MCH4526,"Mittal, Saha and Puri",5699.0,Apparel,Sole Proprietor,Bengaluru,Karnataka,2025-06-19 00:00:00,,False,Active,893.38,False,False,False,1252.4299999999998,False
2927,MCH4527,BansalInc,5411.0,Grocery,Private Limited,Lucknow,Uttar Pradesh,2025-10-29 21:36:00,BWHM6431375051395,True,Active,3449.0,False,False,False,1233.545,False
2957,MCH4528,Memon LLC,5912.0,Pharmacy,Partnership,Hyderabad,Telangana,2023-01-05 23:02:24,VOFY4004091833640,True,Active,490.99,False,False,False,1300.55,False
4260,MCH4529_1,varkey-pant,,Apparel,Private Limited,Ludhiana,Punjab,2024-06-01 00:00:00,6768398433,True,Active,1710.62,False,False,True,1252.4299999999998,True
5850,MCH4529_2,Wali LLC,5999.0,Misc Retail,Sole Proprietor,Delhi,Delhi,2023-02-13 00:00:00,XXXX0169,True,Inactive,468.55,False,False,False,1276.92,True
386,MCH4530_1,"BHANDARI, RAMAKRISHNAN AND SRINIVASAN",5812.0,Restaurant,Partnership,Pune,Maharashtra,2023-12-10 00:00:00,8219848716,True,Active,669.95,False,False,False,1327.31,True
3020,MCH4530_2,Kadakia Group,5942.0,Books & Stationery,Partnership,Jalandhar,Punjab,2023-10-26 18:53:21,9489296663,True,Active,,True,False,False,1167.225,True
1079,MCH4530_3,"Mangal, Sehgal and Vohra",5942.0,Books & Stationery,Sole Proprietor,Delhi,Delhi,,,False,Active,4172.0,False,False,False,1167.225,True
3813,MCH4531,bail-ramachandran,4814.0,Telecom,Private Limited,Jaipur,Rajasthan,2025-05-11 18:13:55,XXXX9300,True,Active,597.69,False,False,False,1213.17,False
4695,MCH4534,BUMB-GANGULY,5699.0,Apparel,Partnership,Chennai,Tamil Nadu,2025-11-12 19:14:58,YNBM1819285405206,True,Active,1225.88,False,False,False,1252.4299999999998,False
2347,MCH4536,Gulati and Sons,5311.0,Retail,Individual,Delhi,Delhi,2024-12-06 17:48:15,,False,Active,951.8,False,False,False,1126.42,False
2464,MCH4538,Lad Ltd,5699.0,Apparel,Private Limited,Delhi,Delhi,2023-12-30 08:20:00,,False,Active,449.9,False,False,False,1252.4299999999998,False
2486,MCH4540,Nadig LLC,5699.0,Apparel,Partnership,Mumbai,Maharashtra,2024-03-02 18:04:00,,False,Active,7331.0,False,False,False,1252.4299999999998,False
5789,MCH4544,"Som, Deshmukh and Narang",5411.0,Grocery,Partnership,Bengaluru,Karnataka,2023-04-28 00:00:00,,False,Active,4619.33,False,False,False,1233.545,False
4134,MCH4547,rout inc,5812.0,Restaurant,Private Limited,Bengaluru,Karnataka,2026-01-28 00:00:00,4666460002,True,Active,307.37,False,False,False,1327.31,False
2106,MCH4548_1,"Butala, Som and Modi",4131.0,Transportation,Private Limited,Bengaluru,Karnataka,,6510148022,True,Suspended,568.11,False,True,False,1225.12,True
2243,MCH4548_2,Sarin Ltd,5912.0,Pharmacy,Private Limited,Delhi,Delhi,,3265650948,True,Inactive,,False,False,False,1300.55,True
2417,MCH4551,SURA GROUP,5699.0,Apparel,Sole Proprietor,Jalandhar,Punjab,2023-01-06 00:00:00,XXXX0235,True,Active,3287.63,False,False,False,1252.4299999999998,False
923,MCH4552,"Palla, Mutti and Jayaraman",4131.0,Transportation,Sole Proprietor,Jaipur,Rajasthan,2025-07-21 01:20:00,ZNQK3499547364876,True,Active,912.53,False,False,False,1225.12,False
2808,MCH4553,Zachariah-Dara,5812.0,Restaurant,Private Limited,Jalandhar,Punjab,2024-03-07 11:07:00,,False,Active,343.99,False,False,False,1327.31,False
5734,MCH4556_1,Bhakta Inc,5942.0,Books & Stationery,Private Limited,Mumbai,Maharashtra,2026-02-03 00:00:00,,False,Active,881.89,False,False,False,1167.225,True
572,MCH4556_2,Parmar and S0ns,,Hotel,Private Limited,Jaipur,Rajasthan,2024-05-16 07:05:47,CXEA6616163600300,True,Active,,True,False,True,1161.77,True
1300,MCH4560,Shankar Ltd,4814.0,Telecom,Individual,Bengaluru,Karnataka,2025-12-06 14:36:00,,False,Active,1403.88,False,False,False,1213.17,False
5831,MCH4567,  Bhatti Inc  ,7011.0,Hotel,Partnership,Hyderabad,Telangana,2023-03-29 00:00:00,XXXX2555,True,Active,1514.65,False,False,False,1161.77,False
4170,MCH4573_1,"Borde, Patil and Taneja",4814.0,Mobile Recharge,Individual,Chennai,Tamil Nadu,2023-10-27 00:00:00,KZVD4103515080767,True,Active,642.81,False,False,False,1108.585,True
2536,MCH4573_2,"Edwin, Manda and Biswas",,Pharmacy,Sole Proprietor,Pune,Maharashtra,2025-02-28 14:41:00,3049901910,True,Active,2824.05,False,False,True,1300.55,True
384,MCH4574,Cherian and Sons,5311.0,Department Store,Individual,Lucknow,Uttar Pradesh,2024-08-31 00:00:00,XXXX0148,True,Active,789.16,False,False,False,1356.755,False
682,MCH4577_1,"Acharya, Apte and Bajwa",,Misc Retail,Sole Proprietor,Chennai,Tamil Nadu,2025-09-14 00:00:00,XXXX2492,True,Active,461.44,False,False,True,1276.92,True
992,MCH4577_2,"Atwal, Sura and Bhatti",5812.0,Restaurant,Partnership,Hyderabad,Telangana,2026-03-01 18:58:00,PWDW0230553443063,True,Active,316.9,False,False,False,1327.31,True
2268,MCH4578_1,Bedi LLC,5942.0,Books & Stationery,Private Limited,Kolkata,West Bengal,2023-11-29 04:19:56,,False,Active,360.0,False,False,False,1167.225,True
828,MCH4578_2,Khare-Warrior,5912.0,Pharmacy,Private Limited,Amritsar,Punjab,2023-11-01 00:00:00,4489355946,True,Active,504.9,False,False,False,1300.55,True
1224,MCH4578_3,"Pancha1, Ch0pra and Ma11",5942.0,Books & Stationery,Private Limited,Chennai,Tamil Nadu,2023-07-22 00:00:00,IFCV0550743259811,True,Inactive,2039.12,False,False,False,1167.225,True
739,MCH4581,"Tailor, Ganesh and Menon",5812.0,Restaurant,Partnership,Mumbai,Maharashtra,2025-11-02 00:00:00,,False,Inactive,1137.0,False,False,False,1327.31,False
5912,MCH4582,Pai-Shenoy,,Mobile Recharge,Individual,Pune,Maharashtra,2025-03-18 00:00:00,XXXX2537,True,Active,1857.0,False,False,True,1108.585,False
3227,MCH4583_1,Badal Inc,5699.0,Apparel,Partnership,Amritsar,Punjab,2025-07-08 00:00:00,4453438674,True,Active,2513.6,False,False,False,1252.4299999999998,True
660,MCH4583_2,Krish-Dar,5812.0,Restaurant,Sole Proprietor,Mumbai,Maharashtra,2025-11-23 00:00:00,5472564311,True,Active,4726.0,False,False,False,1327.31,True
514,MCH4587,Karnik and Sons,5311.0,Retail,Partnership,Jaipur,Rajasthan,2025-02-07 00:00:00,,False,Active,2493.1,False,False,False,1126.42,False
4950,MCH4588,"Gole, Raval and Hans",,Restaurant,Sole Proprietor,Bengaluru,Karnataka,2025-03-14 00:00:00,2064667231,True,Active,1061.34,False,False,True,1327.31,False
2162,MCH4589_1,GeraLtd,4814.0,Telecom,Partnership,Jalandhar,Punjab,2024-01-12 17:18:35,,False,Active,504.98,False,False,False,1213.17,True
1263,MCH4589_2,"  Sathe, Bumb and Shankar  ",5699.0,Apparel,Sole Proprietor,Amritsar,Punjab,2024-10-27 01:28:39,XXXX1983,True,Active,76.99,False,False,False,1252.4299999999998,True
6149,MCH4593,dube-ravel,7011.0,Hotel,Partnership,Hyderabad,Telangana,2025-08-30 00:00:00,,False,Active,1285.0,False,False,False,1161.77,False
3414,MCH4599,Majumdar-Choudhary,,Grocery,Private Limited,Mumbai,Maharashtra,2023-05-03 16:37:00,5607530943,True,Inactive,1341.81,False,False,True,1233.545,False
3959,MCH4600,Devi Group,5311.0,Department Store,Individual,Delhi,Delhi,2024-02-17 00:00:00,2508192627,True,Inactive,1126.47,False,False,False,1356.755,False
1178,MCH4604,"Som, Kalla and Dada",5699.0,Apparel,Sole Proprietor,Chennai,Tamil Nadu,2024-07-02 15:25:30,,False,Active,1478.97,False,False,False,1252.4299999999998,False
1060,MCH4605,BARAD PLC,5942.0,Books & Stationery,Sole Proprietor,Pune,Maharashtra,2025-06-02 22:03:20,XXXX1001,True,Active,5165.18,False,False,False,1167.225,False
2216,MCH4606_1,"johal, kapur and chhabra",4814.0,Telecom,Partnership,Jalandhar,Punjab,,,False,Active,,True,False,False,1213.17,True
4168,MCH4606_2,"MORAR, DALAL AND MUKHERJEE",5912.0,Pharmacy,Partnership,Bengaluru,Karnataka,2023-05-26 00:00:00,,False,Inactive,1103.98,False,False,False,1300.55,True
5208,MCH4606_3,Vyas-Mukhopadhyay,7011.0,Hotel,Private Limited,Hyderabad,Telangana,2025-09-29 00:00:00,XXXX6697,True,Active,745.57,False,False,False,1161.77,True
2711,MCH4608,  Chandran Group  ,5699.0,Apparel,Sole Proprietor,Lucknow,Uttar Pradesh,2023-09-05 14:14:00,ZPZS9153819912287,True,Active,950.53,False,False,False,1252.4299999999998,False
4657,MCH4610,"Barad,ChandaandRana",5942.0,Books & Stationery,Private Limited,Hyderabad,Telangana,2024-12-23 00:00:00,3247180851,True,Active,2989.03,False,False,False,1167.225,False
4995,MCH4613_1,"Batra, Devi and Buch",5699.0,Apparel,Individual,Delhi,Delhi,2023-10-03 00:00:00,6706330376,True,Inactive,,True,False,False,1252.4299999999998,True
4006,MCH4613_2,"Kapadia, Sankar and Nadig",5311.0,Retail,Individual,Lucknow,Uttar Pradesh,2023-02-09 15:38:00,ALEY9883118921328,True,Active,1451.15,False,False,False,1126.42,True
5611,MCH4614_1,BADAMI LLC,5942.0,Books & Stationery,Partnership,Jaipur,Rajasthan,2025-04-02 17:40:30,3429375766,True,Active,4687.53,False,False,False,1167.225,True
3211,MCH4614_2,"Savant, Sur and Sani",5411.0,Grocery,Sole Proprietor,Chennai,Tamil Nadu,2023-03-05 00:00:00,,False,Inactive,1483.0,False,False,False,1233.545,True
1598,MCH4621,Ravel-Chaudhuri,5942.0,Books & Stationery,Private Limited,Delhi,Delhi,2024-08-04 00:00:00,RGWL4221508668071,True,Active,,True,False,False,1167.225,False
4902,MCH4622,Toor-Rajan,7011.0,Hotel,Private Limited,Ludhiana,Punjab,2024-06-20 14:20:00,,False,Active,2524.16,False,False,False,1161.77,False
3934,MCH4623_1,Bath-Keer,5942.0,Books & Stationery,Sole Proprietor,Mumbai,Maharashtra,2023-07-08 23:12:59,,False,Active,233.65,False,False,False,1167.225,True
2898,MCH4623_2,"Gokhale, Ranganathan and Shenoy",5999.0,Misc Retail,Private Limited,Hyderabad,Telangana,2025-08-17 15:21:40,0347099856,True,Active,171.0,False,False,False,1276.92,True
2045,MCH4624_1,"krishnamurthy, mandal and luthra",5999.0,Misc Retail,Individual,Chennai,Tamil Nadu,2025-08-06 00:00:00,5143404041,True,Active,784.01,False,False,False,1276.92,True
3405,MCH4624_2,"Loke, Swamy and Mishra",5411.0,Grocery,Sole Proprietor,Bengaluru,Karnataka,2023-09-03 15:05:00,,False,Active,228.0,False,False,False,1233.545,True
4707,MCH4626,"Lalla, Handa and Ahuja",5999.0,Misc Retail,Private Limited,Bengaluru,Karnataka,2023-07-31 00:00:00,,False,Active,1497.15,False,False,False,1276.92,False
2080,MCH4627,Barman-Kashyap,5699.0,Apparel,Partnership,Pune,Maharashtra,2026-01-10 00:00:00,,False,Active,1852.01,False,False,False,1252.4299999999998,False
4423,MCH4630_1,bhandari group,7011.0,Hotel,Partnership,Hyderabad,Telangana,2025-07-13 12:30:35,GJVT8091874035086,True,Closed,,False,False,False,1161.77,True
2894,MCH4630_2,Jhaveri PLC,5999.0,Misc Retail,Sole Proprietor,Ludhiana,Punjab,2025-11-07 02:07:00,2284002392,True,Active,1285.49,False,False,False,1276.92,True
363,MCH4630_3,MODI AND SONS,5699.0,Apparel,Sole Proprietor,Jalandhar,Punjab,2023-03-01 00:00:00,,False,Active,333.91,False,False,False,1252.4299999999998,True
3493,MCH4636,Sura and Sons,5699.0,Apparel,Partnership,Mumbai,Maharashtra,2023-12-17 17:58:35,8723730767,True,Active,,False,False,False,1252.4299999999998,False
5867,MCH4637,Mitter-Pandya,5411.0,Grocery,Individual,Chennai,Tamil Nadu,2023-09-05 20:41:00,XXXX4099,True,Active,2198.28,False,False,False,1233.545,False
1484,MCH4639,Chaudhry-Bath,5912.0,Pharmacy,Partnership,Jalandhar,Punjab,2023-05-11 10:36:23,XXXX7667,True,Active,295.45,False,False,False,1300.55,False
5216,MCH4640,Choudhary-Joshi,5699.0,Apparel,Partnership,Jaipur,Rajasthan,,GOPL6469934819715,True,Active,857.62,False,False,False,1252.4299999999998,False
2172,MCH4641,KarnikLLC,5311.0,Retail,Sole Proprietor,Ludhiana,Punjab,2025-02-02 00:00:00,,False,Active,,False,False,False,1126.42,False
5790,MCH4642,Jaggi Ltd,5411.0,Grocery,Partnership,Delhi,Delhi,2024-04-16 00:00:00,XXXX5243,True,Suspended,1180.53,False,True,False,1233.545,False
1824,MCH4643_1,Barad and Sons,5942.0,Books & Stationery,Individual,Ludhiana,Punjab,2025-05-18 00:00:00,5063903908,True,Suspended,3490.79,False,True,False,1167.225,True
4706,MCH4643_2,"Dha1iwa1, Pathak and Ping1e",7011.0,Hotel,Partnership,Chennai,Tamil Nadu,,,False,Active,382.94,False,False,False,1161.77,True
4680,MCH4643_3,Sandhu-Kakar,4131.0,Transportation,Private Limited,Bengaluru,Karnataka,2024-03-30 00:00:00,,False,Active,551.11,False,False,False,1225.12,True
5548,MCH4648,Tara-Pandya,5699.0,Apparel,Partnership,Chennai,Tamil Nadu,2026-01-02 00:00:00,TEXQ3961216144905,True,Active,852.19,False,False,False,1252.4299999999998,False
5918,MCH4649,"Mand,DattaandSanghvi",7011.0,Hotel,Partnership,Ludhiana,Punjab,2024-10-16 00:00:00,,False,Active,666.8,False,False,False,1161.77,False
2051,MCH4651,Bhat-Kamdar,5999.0,Misc Retail,Sole Proprietor,Hyderabad,Telangana,2024-06-05 00:00:00,9030856078,True,Active,718.3,False,False,False,1276.92,False
4453,MCH4652_1,Mistry Inc,5812.0,Restaurant,Private Limited,Ludhiana,Punjab,2024-07-25 18:24:49,0761661593,True,Active,3458.11,False,False,False,1327.31,True
4781,MCH4652_2,  Varghese-Ramachandran  ,4131.0,Transportation,Private Limited,Amritsar,Punjab,2024-10-30 00:00:00,0536639184,True,Active,,True,False,False,1225.12,True
6138,MCH4656_1,Purohit-Sinha,4131.0,Transportation,Sole Proprietor,Lucknow,Uttar Pradesh,,9508093837,True,Active,1533.86,False,False,False,1225.12,True
3049,MCH4656_2,"Verma,SanghaandVora",5942.0,Books & Stationery,Private Limited,Delhi,Delhi,2024-07-02 00:00:00,,False,Active,431.25,False,False,False,1167.225,True
3903,MCH4658,Kapadia Inc,5311.0,Retail,Individual,Hyderabad,Telangana,2023-05-21 00:00:00,OORB1075233391671,True,Active,2693.95,False,False,False,1126.42,False
447,MCH4667_1,Kapur-Gara,5812.0,Restaurant,Private Limited,Delhi,Delhi,2025-10-30 17:47:05,9822186565,True,Active,1043.72,False,False,False,1327.31,True
4377,MCH4667_2,solanki-batta,5699.0,Apparel,Individual,Kolkata,West Bengal,2025-07-05 00:00:00,3048400302,True,Active,,True,False,False,1252.4299999999998,True
5689,MCH4669_1,Bail PLC,4131.0,Transportation,Sole Proprietor,Lucknow,Uttar Pradesh,2023-09-17 00:00:00,XXXX4093,True,Inactive,1960.77,False,False,False,1225.12,True
1957,MCH4669_2,"Sidhu, Subramanian and Chakraborty",7011.0,Hotel,Private Limited,Bengaluru,Karnataka,2023-03-20 14:14:52,,False,Active,,False,False,False,1161.77,True
2587,MCH4672,Sandhu LLC,5942.0,Books & Stationery,Partnership,Bengaluru,Karnataka,,,False,Active,456.49,False,False,False,1167.225,False
3635,MCH4674,Sachar-Loke,5699.0,Apparel,Private Limited,Jalandhar,Punjab,,,False,Active,1222.52,False,False,False,1252.4299999999998,False
702,MCH4675,"MINHAS, NARAYAN AND BANDI",,Books & Stationery,Sole Proprietor,Jalandhar,Punjab,2023-06-15 10:04:37,,False,Active,,False,False,True,1167.225,False
4155,MCH4676,Shan Inc,5999.0,Misc Retail,Sole Proprietor,Mumbai,Maharashtra,2026-01-20 00:00:00,DCZB8927650142403,True,Active,2805.31,False,False,False,1276.92,False
3676,MCH4677,"Sethi, Bora and Karpe",5942.0,Books & Stationery,Individual,Pune,Maharashtra,,,False,Inactive,5089.5,False,False,False,1167.225,False
1482,MCH4678,"Yogi, Goel and Chaudry",5912.0,Pharmacy,Sole Proprietor,Amritsar,Punjab,2025-10-11 23:31:36,8030844375,True,Active,1363.28,False,False,False,1300.55,False
783,MCH4681_1,"Raja, Ramanathan and Koshy",,Books & Stationery,Sole Proprietor,Mumbai,Maharashtra,2023-09-13 00:00:00,,False,Active,554.63,False,False,True,1167.225,True
5529,MCH4681_2,"Sengupta,VenkataramanandKonda",5411.0,Grocery,Individual,Pune,Maharashtra,2026-10-01 08:52:00,,False,Active,526.79,False,False,False,1233.545,True
215,MCH4682_1,Chaudry LLC,4131.0,Transportation,Individual,Hyderabad,Telangana,2024-01-28 10:50:34,,False,Active,,True,False,False,1225.12,True
5470,MCH4682_2,Dora-Chander,4814.0,Telecom,Individual,Mumbai,Maharashtra,2023-03-08 00:00:00,,False,Active,1036.09,False,False,False,1213.17,True
2016,MCH4685,Mukhopadhyay-Cheema,,Books & Stationery,Private Limited,Chennai,Tamil Nadu,2023-07-22 11:31:48,3857368814,True,Suspended,,False,True,True,1167.225,False
1918,MCH4687,GOEL LLC,5942.0,Books & Stationery,Individual,Lucknow,Uttar Pradesh,2023-01-30 00:00:00,BTTJ6615272024781,True,Active,820.0,False,False,False,1167.225,False
327,MCH4688_1,  Hora PLC  ,,Pharmacy,Individual,Ludhiana,Punjab,2024-05-18 00:00:00,XXXX6054,True,Suspended,1146.0,False,True,True,1300.55,True
1461,MCH4688_2,venkatesh group,5942.0,Books & Stationery,Sole Proprietor,Delhi,Delhi,2024-08-24 14:22:22,TBOZ2931559768114,True,Suspended,2933.52,False,True,False,1167.225,True
3497,MCH4690_1,"Dutt, Mukhopadhyay and Dara",5999.0,Misc Retail,Sole Proprietor,Amritsar,Punjab,2023-04-24 22:55:00,HYJC1967089654932,True,Inactive,,True,False,False,1276.92,True
3215,MCH4690_2,  Natt-Bhattacharyya  ,5311.0,Department Store,Private Limited,Amritsar,Punjab,,HZVJ1693332420203,True,Inactive,150.96,False,False,False,1356.755,True
1611,MCH4691,"Deshmukh, Pant and Garg",7011.0,Hotel,Sole Proprietor,Bengaluru,Karnataka,2025-05-10 00:00:00,,False,Active,2116.48,False,False,False,1161.77,False
5879,MCH4692_1,"Bhargava, Rajagopal and Karan",7011.0,Hotel,Private Limited,Delhi,Delhi,2024-08-06 00:00:00,6021368633,True,Active,,False,False,False,1161.77,True
5673,MCH4692_2,Bhat Inc,4131.0,Travel,Sole Proprietor,Hyderabad,Telangana,2024-05-06 00:00:00,,False,Active,3808.17,False,False,False,1012.28,True
625,MCH4693,Dhingra-Bava,7011.0,Hotel,Private Limited,Mumbai,Maharashtra,2024-12-28 01:09:00,,False,Active,3445.16,False,False,False,1161.77,False
4711,MCH4695,Patel-Halder,5812.0,Restaurant,Sole Proprietor,Pune,Maharashtra,2026-02-11 16:57:07,,False,Active,652.55,False,False,False,1327.31,False
1429,MCH4699,Setty Inc,7011.0,Hotel,Private Limited,Pune,Maharashtra,2025-06-04 00:00:00,XXXX2833,True,Active,632.27,False,False,False,1161.77,False
3347,MCH4700,"rajan, garg and ray",,Apparel,Individual,Chennai,Tamil Nadu,,ZNYW6274259007166,True,Active,805.94,False,False,True,1252.4299999999998,False
5460,MCH4701,Bhagat and Sons,4131.0,Transportation,Individual,Hyderabad,Telangana,2025-03-17 00:00:00,FBYF6895567808971,True,Active,493.82,False,False,False,1225.12,False
4163,MCH4702,Nath Group,5311.0,Retail,Sole Proprietor,Lucknow,Uttar Pradesh,2024-08-15 23:18:00,,False,Active,584.0,False,False,False,1126.42,False
1772,MCH4706_1,GHOSH-TAILOR,5912.0,Pharmacy,Partnership,Chennai,Tamil Nadu,2025-07-17 00:00:00,,False,Active,418.32,False,False,False,1300.55,True
2814,MCH4706_2,"Varughese, Mani and Ch0udhary",5311.0,Department Store,Individual,Bengaluru,Karnataka,2025-11-11 03:09:47,3980025472,True,Active,,True,False,False,1356.755,True
786,MCH4708,Loke-Ganesan,5999.0,Misc Retail,Sole Proprietor,Jalandhar,Punjab,2024-02-22 19:47:00,,False,Active,1266.56,False,False,False,1276.92,False
3397,MCH4709_1,DEWAN-JAIN,4131.0,Travel,Partnership,Lucknow,Uttar Pradesh,2025-02-11 05:55:00,KNDG8941878782288,True,Active,108.08,False,False,False,1012.28,True
5324,MCH4709_2,Ramakrishnan-Palla,4814.0,Mobile Recharge,Individual,Bengaluru,Karnataka,2026-02-15 00:00:00,AMXA0608566091033,True,Active,1190.3,False,False,False,1108.585,True
1657,MCH4712_1,"  Gulati, Koshy and Purohit  ",5812.0,Restaurant,Individual,Lucknow,Uttar Pradesh,2023-06-13 19:51:00,,False,Inactive,576.59,False,False,False,1327.31,True
3328,MCH4712_2,"ZACHARIA, SHERE AND DHAR",5912.0,Pharmacy,Private Limited,Jalandhar,Punjab,2023-04-27 04:30:00,XXXX2361,True,Active,2235.26,False,False,False,1300.55,True
2365,MCH4713,Sura-Boase,,Apparel,Sole Proprietor,Amritsar,Punjab,2023-04-12 00:00:00,,False,Active,1694.6,False,False,True,1252.4299999999998,False
1438,MCH4716_1,Ahuja-Konda,5411.0,Grocery,Private Limited,Hyderabad,Telangana,2025-05-05 09:10:35,UWUR7932224500135,True,Active,1206.68,False,False,False,1233.545,True
1981,MCH4716_2,Goda-Agate,5411.0,Grocery,Sole Proprietor,Delhi,Delhi,2026-01-07 00:00:00,5226052062,True,Active,1438.61,False,False,False,1233.545,True
2934,MCH4717,Bir Ltd,4131.0,Transportation,Private Limited,Chennai,Tamil Nadu,2025-11-14 00:00:00,JKIU5676140711543,True,Active,7107.16,False,False,False,1225.12,False
4342,MCH4720,sha ltd,5411.0,Grocery,Partnership,Chennai,Tamil Nadu,2024-04-05 00:00:00,0136765801,True,Active,874.68,False,False,False,1233.545,False
3083,MCH4723,kanda ltd,5999.0,Misc Retail,Individual,Chennai,Tamil Nadu,2024-08-27 00:00:00,XXXX1287,True,Active,649.83,False,False,False,1276.92,False
3112,MCH4725,Joshi PLC,5311.0,Department Store,Private Limited,Amritsar,Punjab,2023-05-23 00:00:00,UNBB3297911061225,True,Active,639.24,False,False,False,1356.755,False
3117,MCH4727,Dua-Mishra,5311.0,Department Store,Sole Proprietor,Pune,Maharashtra,2024-05-18 00:00:00,9730998246,True,Active,1242.0,False,False,False,1356.755,False
312,MCH4729_1,deshpande inc,7011.0,Hotel,Sole Proprietor,Mumbai,Maharashtra,,XXXX6726,True,Inactive,1506.61,False,False,False,1161.77,True
2458,MCH4729_2,"Karpe, Dhaliwal and Subramanian",7011.0,Hotel,Partnership,Amritsar,Punjab,2024-01-14 00:00:00,XMOP1907956771131,True,Active,2525.97,False,False,False,1161.77,True
40,MCH4729_3,parmer-kulkarni,5311.0,Department Store,Individual,Bengaluru,Karnataka,2023-03-09 15:34:00,,False,Active,1384.93,False,False,False,1356.755,True
4210,MCH4732,"RAMANATHAN, KANDA AND KARNIK",5812.0,Restaurant,Private Limited,Lucknow,Uttar Pradesh,2025-08-13 05:58:00,,False,Active,3954.51,False,False,False,1327.31,False
1172,MCH4733,  Sankar Inc  ,5411.0,Grocery,Sole Proprietor,Jaipur,Rajasthan,2023-01-25 00:00:00,XXXX7201,True,Active,1176.53,False,False,False,1233.545,False
4476,MCH4736_1,"Jani, Chaudhry and Chaudhuri",4131.0,Transportation,Individual,Delhi,Delhi,2025-07-06 00:00:00,,False,Active,,False,False,False,1225.12,True
3318,MCH4736_2,Suresh-Gola,5942.0,Books & Stationery,Partnership,Mumbai,Maharashtra,2023-08-24 02:12:00,OCLG6376733151298,True,Active,885.16,False,False,False,1167.225,True
2438,MCH4737,"Aurora, Mallick and Dugar",5942.0,Books & Stationery,Individual,Jalandhar,Punjab,2024-08-27 00:00:00,XXXX5003,True,Inactive,489.0,False,False,False,1167.225,False
1864,MCH4738,Jha PLC,,Misc Retail,Sole Proprietor,Bengaluru,Karnataka,2024-05-24 22:20:53,,False,Inactive,1636.42,False,False,True,1276.92,False
263,MCH4739,Karpe-Doshi,5411.0,Grocery,Individual,Lucknow,Uttar Pradesh,2023-10-20 00:00:00,DQQT0527144866471,True,Active,,True,False,False,1233.545,False
5387,MCH4741,KARA AND SONS,,Misc Retail,Partnership,Jaipur,Rajasthan,2023-02-13 00:00:00,XXXX2970,True,Active,2009.21,False,False,True,1276.92,False
251,MCH4743,Ahluwalia-Bansal,,Pharmacy,Private Limited,Ludhiana,Punjab,2023-08-23 00:00:00,KIYE1462195754397,True,Inactive,486.29,False,False,True,1300.55,False
4349,MCH4744,Tiwari-Bedi,5942.0,Books & Stationery,Sole Proprietor,Pune,Maharashtra,2024-07-13 00:00:00,0085843923,True,Closed,1636.0,False,False,False,1167.225,False
1318,MCH4745_1,Divan-Rao,5311.0,Department Store,Sole Proprietor,Jalandhar,Punjab,2023-12-05 00:00:00,9446528330,True,Active,778.92,False,False,False,1356.755,True
3455,MCH4745_2,"  Krishnamurthy, Nath and Chahal  ",5699.0,Apparel,Sole Proprietor,Chennai,Tamil Nadu,,,False,Active,1604.97,False,False,False,1252.4299999999998,True
3879,MCH4746,"Srivastava, Bhattacharyya and Morar",5999.0,Misc Retail,Sole Proprietor,Chennai,Tamil Nadu,2025-07-29 00:00:00,,False,Closed,402.85,False,False,False,1276.92,False
1605,MCH4747,issac plc,4131.0,Travel,Private Limited,Mumbai,Maharashtra,2023-07-07 09:40:00,3874952784,True,Closed,,False,False,False,1012.28,False
4725,MCH4749,Sane-Kota,7011.0,Hotel,Partnership,Ludhiana,Punjab,2025-08-28 00:00:00,XXXX8682,True,Active,2066.82,False,False,False,1161.77,False
5961,MCH4752,"  Chaudhuri, Sampath and Wali  ",5311.0,Department Store,Individual,Bengaluru,Karnataka,2024-01-10 00:00:00,0013923003,True,Active,399.3,False,False,False,1356.755,False
5787,MCH4754_1,"Chhabra, Setty and Srinivasan",5699.0,Apparel,Private Limited,Hyderabad,Telangana,2023-12-04 00:00:00,LSCG0121828291549,True,Inactive,2016.37,False,False,False,1252.4299999999998,True
2820,MCH4754_2,Menon Inc,5999.0,Misc Retail,Private Limited,Hyderabad,Telangana,2023-03-24 00:00:00,XXXX5608,True,Active,,True,False,False,1276.92,True
2795,MCH4760,"Kalla, Mammen and Purohit",4814.0,Mobile Recharge,Individual,Delhi,Delhi,2024-10-27 00:00:00,,False,Active,964.0,False,False,False,1108.585,False
2576,MCH4761,Khalsa PLC,5912.0,Pharmacy,Individual,Jaipur,Rajasthan,2025-01-17 07:20:16,DXWD4550992976599,True,Inactive,4970.84,False,False,False,1300.55,False
1054,MCH4765_1,Baral Inc,4131.0,Transportation,Private Limited,Ludhiana,Punjab,,,False,Closed,2514.87,False,False,False,1225.12,True
1787,MCH4765_2,madan-pandey,5699.0,Apparel,Sole Proprietor,Hyderabad,Telangana,2025-12-03 12:56:00,XXXX6725,True,Active,1004.95,False,False,False,1252.4299999999998,True
5869,MCH4767,Prasad Inc,,Mobile Recharge,Private Limited,Pune,Maharashtra,2023-06-20 00:00:00,,False,Inactive,789.87,False,False,True,1108.585,False
1430,MCH4769_1,BARAL-PERI,5699.0,Apparel,Individual,Jaipur,Rajasthan,2024-01-14 00:00:00,,False,Active,,True,False,False,1252.4299999999998,True
4228,MCH4769_2,"Venkataraman, Dey and Patil",7011.0,Hotel,Partnership,Ludhiana,Punjab,2023-11-01 00:00:00,,False,Active,145.49,False,False,False,1161.77,True
1467,MCH4770,Mahal-Sood,5411.0,Grocery,Sole Proprietor,Jaipur,Rajasthan,2024-12-17 00:00:00,5162215595,True,Inactive,489.82,False,False,False,1233.545,False
3913,MCH4774,Wadhwa PLC,5311.0,Department Store,Partnership,Jalandhar,Punjab,2026-01-09 14:20:47,4049174087,True,Active,374.94,False,False,False,1356.755,False
2282,MCH4775,"DIVAN, BUCH AND KUNDA",4814.0,Mobile Recharge,Sole Proprietor,Lucknow,Uttar Pradesh,2025-07-07 00:00:00,1956916316,True,Inactive,562.44,False,False,False,1108.585,False
1130,MCH4776_1,Bobal-Dutta,5411.0,Grocery,Individual,Hyderabad,Telangana,2026-02-26 11:47:00,1427903652,True,Active,831.82,False,False,False,1233.545,True
5676,MCH4776_2,Lall Inc,5912.0,Pharmacy,Private Limited,Amritsar,Punjab,2023-07-22 00:00:00,6483794741,True,Active,4262.37,False,False,False,1300.55,True
4263,MCH4777,Babu-Choudhry,4814.0,Mobile Recharge,Individual,Delhi,Delhi,2026-01-10 00:00:00,,False,Active,373.4,False,False,False,1108.585,False
4635,MCH4778,wali llc,4131.0,Transportation,Private Limited,Lucknow,Uttar Pradesh,2025-01-02 00:00:00,DJNF3001962539740,True,Active,1242.33,False,False,False,1225.12,False
5159,MCH4781_1,"Mohan, Sharaf and Narula",,Retail,Sole Proprietor,Delhi,Delhi,2024-01-08 00:00:00,3603337866,True,Active,482.6,False,False,True,1126.42,True
1754,MCH4781_2,Pillai Group,,Retail,Individual,Jalandhar,Punjab,2023-03-20 00:00:00,,False,Active,541.83,False,False,True,1126.42,True
3736,MCH4782,Salvi-Comar,7011.0,Hotel,Sole Proprietor,Jalandhar,Punjab,2025-07-13 09:44:30,XXXX1728,True,Active,876.5,False,False,False,1161.77,False
59,MCH4786_1,EDWIN PLC,5699.0,Apparel,Individual,Ludhiana,Punjab,2024-12-15 00:00:00,4903394968,True,Active,3435.22,False,False,False,1252.4299999999998,True
2153,MCH4786_2,  Peri-Kannan  ,5999.0,Misc Retail,Partnership,Lucknow,Uttar Pradesh,2025-10-04 00:00:00,RIMN3324315836653,True,Active,,False,False,False,1276.92,True
2854,MCH4788,Chauhan-Kh0s1a,5699.0,Apparel,Individual,Bengaluru,Karnataka,,0651098523,True,Active,109.29,False,False,False,1252.4299999999998,False
2474,MCH4790,date plc,,Hotel,Individual,Amritsar,Punjab,2025-12-11 10:11:45,XXXX3526,True,Suspended,199.0,False,True,True,1161.77,False
5200,MCH4792,Agrawal-Prabhu,5812.0,Restaurant,Sole Proprietor,Chennai,Tamil Nadu,2025-11-02 16:37:14,,False,Inactive,1844.0,False,False,False,1327.31,False
3274,MCH4794,borra-dutt,7011.0,Hotel,Private Limited,Jaipur,Rajasthan,2024-09-19 22:25:00,XRGH9133437458010,True,Active,1006.04,False,False,False,1161.77,False
230,MCH4801,  Bhargava-Basak  ,5311.0,Retail,Sole Proprietor,Lucknow,Uttar Pradesh,2025-11-18 06:19:46,XXXX3111,True,Active,2920.36,False,False,False,1126.42,False
1525,MCH4802_1,Jain Inc,5411.0,Grocery,Individual,Mumbai,Maharashtra,,WAKX1731194726020,True,Inactive,1158.19,False,False,False,1233.545,True
4729,MCH4802_2,"  Mistry, Roy and Salvi  ",,Department Store,Sole Proprietor,Chennai,Tamil Nadu,2024-08-23 18:00:36,2812418940,True,Inactive,468.0,False,False,True,1356.755,True
5639,MCH4804,Swamy PLC,,Apparel,Partnership,Lucknow,Uttar Pradesh,2025-01-12 09:37:41,,False,Suspended,207.24,False,True,True,1252.4299999999998,False
837,MCH4805_1,JOSHI PLC,5999.0,Misc Retail,Sole Proprietor,Hyderabad,Telangana,2023-08-26 00:00:00,,False,Active,4206.25,False,False,False,1276.92,True
4817,MCH4805_2,"KRISHNAN, BHATNAGAR AND PRASAD",,Books & Stationery,Partnership,Amritsar,Punjab,2025-07-12 00:00:00,,False,Active,284.87,False,False,True,1167.225,True
3252,MCH4807,"Dutt, Pandey and Tella",5912.0,Pharmacy,Individual,Chennai,Tamil Nadu,2024-05-14 00:00:00,RXUW0906720577178,True,Active,1458.0,False,False,False,1300.55,False
1011,MCH4808,padmanabhan-pathak,5699.0,Apparel,Sole Proprietor,Lucknow,Uttar Pradesh,2024-07-05 18:56:00,HSVX5052815662312,True,Closed,,True,False,False,1252.4299999999998,False
373,MCH4809,  Viswanathan PLC  ,7011.0,Hotel,Individual,Kolkata,West Bengal,2023-07-12 14:32:20,,False,Active,1713.6,False,False,False,1161.77,False
2976,MCH4811_1,Bhavsar-Seshadri,4814.0,Telecom,Private Limited,Ludhiana,Punjab,2023-08-25 10:08:48,2988135938,True,Active,388.63,False,False,False,1213.17,True
2725,MCH4811_2,Chaudhry-Majumdar,5912.0,Pharmacy,Private Limited,Delhi,Delhi,2024-06-26 00:00:00,XXXX5566,True,Active,615.9,False,False,False,1300.55,True
5527,MCH4811_3,Rattan-Raval,5812.0,Restaurant,Partnership,Lucknow,Uttar Pradesh,2025-06-05 00:00:00,PPVP9119915286785,True,Active,,True,False,False,1327.31,True
3481,MCH4811_4,"rege, misra and mander",7011.0,Hotel,Sole Proprietor,Amritsar,Punjab,,,False,Active,458.06,False,False,False,1161.77,True
3068,MCH4812,rai-aurora,7011.0,Hotel,Private Limited,Jaipur,Rajasthan,2025-07-09 00:00:00,IKZY9727785883400,True,Active,1732.91,False,False,False,1161.77,False
672,MCH4815_1,"KARAN, BHATTACHARYYA AND SARAN",5912.0,Pharmacy,Private Limited,Kolkata,West Bengal,2025-04-10 08:18:32,4505912973,True,Active,1152.86,False,False,False,1300.55,True
3822,MCH4815_2,"  Mohan, Gaba and Banik  ",4131.0,Transportation,Sole Proprietor,Jalandhar,Punjab,2025-01-13 00:00:00,,False,Active,4426.57,False,False,False,1225.12,True
2760,MCH4818_1,Deol Inc,5999.0,Misc Retail,Individual,Delhi,Delhi,2024-04-29 00:00:00,RIGL0488107049334,True,Active,316.0,False,False,False,1276.92,True
5767,MCH4818_2,Trivedi-Randhawa,5411.0,Grocery,Partnership,Bengaluru,Karnataka,,XXXX9024,True,Active,1275.92,False,False,False,1233.545,True
2551,MCH4821,"Kade, Dhawan and Kadakia",5411.0,Grocery,Private Limited,Mumbai,Maharashtra,2024-03-14 00:00:00,,False,Active,2277.0,False,False,False,1233.545,False
1711,MCH4822,SAMA-KEER,4131.0,Transportation,Private Limited,Hyderabad,Telangana,2025-08-07 00:00:00,,False,Active,736.6,False,False,False,1225.12,False
3278,MCH4827,"Deol, Rastogi and Khatri",4814.0,Mobile Recharge,Sole Proprietor,Lucknow,Uttar Pradesh,2024-10-05 03:12:00,,False,Active,810.0,False,False,False,1108.585,False
3256,MCH4831_1,GALA GROUP,5311.0,Department Store,Sole Proprietor,Pune,Maharashtra,2025-05-05 00:00:00,,False,Active,1889.75,False,False,False,1356.755,True
5662,MCH4831_2,"Raja, Rout and Singh",5411.0,Grocery,Individual,Kolkata,West Bengal,2023-01-09 00:00:00,XXXX4829,True,Active,1885.15,False,False,False,1233.545,True
3616,MCH4835,  Hari Inc  ,5912.0,Pharmacy,Individual,Hyderabad,Telangana,2024-06-10 00:00:00,XXXX3222,True,Active,348.86,False,False,False,1300.55,False
1663,MCH4836,"  Sidhu, Krish and Wadhwa  ",5812.0,Restaurant,Individual,Pune,Maharashtra,2025-11-15 20:13:55,OUBF1585452700403,True,Active,431.0,False,False,False,1327.31,False
5405,MCH4838,SRINIVASAN LTD,5699.0,Apparel,Partnership,Ludhiana,Punjab,2023-11-05 10:10:13,PWKI0930308328537,True,Active,193.54,False,False,False,1252.4299999999998,False
198,MCH4839,Sura-Mall,,Transportation,Private Limited,Ludhiana,Punjab,2025-12-08 00:00:00,,False,Active,682.13,False,False,True,1225.12,False
1439,MCH4841,"Soman, Chhabra and Rau",5812.0,Restaurant,Individual,Hyderabad,Telangana,2025-04-06 00:00:00,7481277314,True,Active,611.25,False,False,False,1327.31,False
3770,MCH4842_1,Lall-Bakshi,7011.0,Hotel,Sole Proprietor,Jaipur,Rajasthan,2023-04-11 04:37:40,,False,Active,346.23,False,False,False,1161.77,True
118,MCH4842_2,Pa11a LLC,5942.0,Books & Stationery,Individual,Kolkata,West Bengal,2024-12-19 00:00:00,XXXX0707,True,Active,3127.0,False,False,False,1167.225,True
4700,MCH4843_1,Dugar-Master,5912.0,Pharmacy,Sole Proprietor,Hyderabad,Telangana,2024-05-18 00:00:00,4521971795,True,Active,1023.41,False,False,False,1300.55,True
5038,MCH4843_2,KURUVILLA-PILLAY,4814.0,Mobile Recharge,Individual,Bengaluru,Karnataka,2025-08-18 00:00:00,VYHF0905352746746,True,Active,,True,False,False,1108.585,True
866,MCH4844,Trivedi-De01,7011.0,Hotel,Individual,Bengaluru,Karnataka,2024-06-23 06:58:47,,False,Active,798.53,False,False,False,1161.77,False
4716,MCH4846,arora-raghavan,5999.0,Misc Retail,Private Limited,Jaipur,Rajasthan,2025-09-12 15:21:55,XXXX5049,True,Active,,True,False,False,1276.92,False
435,MCH4847,Dhillon-Pillay,7011.0,Hotel,Private Limited,Lucknow,Uttar Pradesh,2023-12-10 00:00:00,5738051147,True,Active,2178.15,False,False,False,1161.77,False
4068,MCH4848,"Borra, Balakrishnan and Chad",5699.0,Apparel,Partnership,Delhi,Delhi,2024-06-18 00:00:00,5183213301,True,Active,3072.49,False,False,False,1252.4299999999998,False
2514,MCH4856_1,Aurora Ltd,4814.0,Mobile Recharge,Sole Proprietor,Jaipur,Rajasthan,2024-05-13 21:42:00,ECWU8427158374985,True,Inactive,3394.14,False,False,False,1108.585,True
4457,MCH4856_2,Gera-Nanda,5311.0,Retail,Private Limited,Pune,Maharashtra,2024-02-08 00:00:00,2286237129,True,Active,711.0,False,False,False,1126.42,True
3197,MCH4857,Sethi-Soni,4131.0,Transportation,Individual,Ludhiana,Punjab,2026-02-28 06:57:59,,False,Active,278.84,False,False,False,1225.12,False
5640,MCH4858,MALHOTRA-DOCTOR,4814.0,Telecom,Individual,Ludhiana,Punjab,2024-11-20 00:00:00,4066282320,True,Active,7460.92,False,False,False,1213.17,False
4,MCH4859,VASA-RAJU,5812.0,Restaurant,Sole Proprietor,Hyderabad,Telangana,2025-03-17 02:59:45,XXXX9523,True,Active,214.0,False,False,False,1327.31,False
2425,MCH4863,GILL PLC,5812.0,Restaurant,Individual,Hyderabad,Telangana,2024-07-01 00:00:00,5619003847,True,Active,552.87,False,False,False,1327.31,False
240,MCH4864,Date Ltd,5411.0,Grocery,Private Limited,Bengaluru,Karnataka,2023-06-12 01:02:00,XXXX6587,True,Active,4042.64,False,False,False,1233.545,False
4818,MCH4867_1,"Bedi, Ganesan and Radhakrishnan",7011.0,Hotel,Private Limited,Pune,Maharashtra,2023-05-04 00:00:00,,False,Active,2651.67,False,False,False,1161.77,True
254,MCH4867_2,"Nath, Taneja and Dey",5812.0,Restaurant,Partnership,Bengaluru,Karnataka,2024-08-05 00:00:00,7096325090,True,Active,726.56,False,False,False,1327.31,True
4721,MCH4870,Rana Inc,4814.0,Telecom,Individual,Amritsar,Punjab,2024-12-07 12:35:00,,False,Suspended,1127.0,False,True,False,1213.17,False
4012,MCH4871,KUNDA LTD,5812.0,Restaurant,Partnership,Lucknow,Uttar Pradesh,2024-09-02 06:08:34,,False,Suspended,648.87,False,True,False,1327.31,False
4735,MCH4874,"chanda, bahl and kohli",5699.0,Apparel,Sole Proprietor,Mumbai,Maharashtra,2024-12-02 00:00:00,,False,Active,709.03,False,False,False,1252.4299999999998,False
673,MCH4875,"Sangha, Sodhi and Banik",5999.0,Misc Retail,Sole Proprietor,Kolkata,West Bengal,2023-12-03 09:59:00,,False,Inactive,303.18,False,False,False,1276.92,False
1444,MCH4876,"Dugar, Prasad and Pal",5812.0,Restaurant,Partnership,Chennai,Tamil Nadu,2023-09-09 00:00:00,XXXX5946,True,Active,1346.64,False,False,False,1327.31,False
5242,MCH4881,"Wadhwa, Morar and Kara",5912.0,Pharmacy,Sole Proprietor,Jalandhar,Punjab,2023-08-26 00:00:00,XXXX1836,True,Active,367.72,False,False,False,1300.55,False
2303,MCH4884,"Reddy, Wason and Magar",4131.0,Transportation,Private Limited,Kolkata,West Bengal,2023-05-16 00:00:00,,False,Closed,2421.0,False,False,False,1225.12,False
4717,MCH4886,Mangat-Gh0se,5999.0,Misc Retail,Sole Proprietor,Pune,Maharashtra,2023-03-11 00:00:00,8646245603,True,Active,551.0,False,False,False,1276.92,False
2521,MCH4888_1,chanda and sons,5912.0,Pharmacy,Sole Proprietor,Kolkata,West Bengal,2023-08-14 00:00:00,,False,Active,2635.13,False,False,False,1300.55,True
1929,MCH4888_2,Saha-Jani,4814.0,Mobile Recharge,Sole Proprietor,Ludhiana,Punjab,2025-11-20 00:00:00,,False,Active,308.77,False,False,False,1108.585,True
2341,MCH4889,Bhatti-Kapoor,5999.0,Misc Retail,Individual,Jalandhar,Punjab,2025-01-26 00:00:00,,False,Active,2464.23,False,False,False,1276.92,False
830,MCH4893,jani-verma,4131.0,Transportation,Partnership,Jalandhar,Punjab,2023-08-11 22:02:04,,False,Active,1601.52,False,False,False,1225.12,False
2206,MCH4897_1,Bahl PLC,4131.0,Transportation,Partnership,Amritsar,Punjab,2024-03-09 00:00:00,,False,Active,6953.87,False,False,False,1225.12,True
5168,MCH4897_2,Bedi-Mitra,,Pharmacy,Individual,Lucknow,Uttar Pradesh,,,False,Inactive,,True,False,True,1300.55,True
5088,MCH4900_1,Issac-Venkataraman,5912.0,Pharmacy,Sole Proprietor,Kolkata,West Bengal,2023-08-15 07:39:24,,False,Active,1519.72,False,False,False,1300.55,True
2176,MCH4900_2,Karpe PLC,5411.0,Grocery,Sole Proprietor,Jalandhar,Punjab,2025-04-02 00:00:00,,False,Active,2695.78,False,False,False,1233.545,True
2210,MCH4902,"Pingle, Choudhary and Raghavan",7011.0,Hotel,Sole Proprietor,Bengaluru,Karnataka,2023-03-31 00:00:00,,False,Active,482.41,False,False,False,1161.77,False
2695,MCH4903,Khatri Gr0up,5311.0,Department Store,Individual,Delhi,Delhi,2024-07-07 00:00:00,,False,Active,,False,False,False,1356.755,False
1167,MCH4904_1,"Verma, Tak and Morar",4814.0,Mobile Recharge,Partnership,Mumbai,Maharashtra,,,False,Active,457.36,False,False,False,1108.585,True
1102,MCH4904_2,"Vohra, Lanka and Bumb",4814.0,Mobile Recharge,Partnership,Chennai,Tamil Nadu,2023-09-25 03:37:00,XXXX8030,True,Active,1946.13,False,False,False,1108.585,True
1080,MCH4906,Gaba LLC,5812.0,Restaurant,Private Limited,Jaipur,Rajasthan,2024-01-31 00:00:00,,False,Active,1902.8,False,False,False,1327.31,False
1231,MCH4909,"Sharaf, Lalla and Rattan",,Books & Stationery,Sole Proprietor,Kolkata,West Bengal,2025-02-16 20:04:00,5725440715,True,Suspended,650.04,False,True,True,1167.225,False
5163,MCH4911,"Nigam, Mahajan and Misra",5411.0,Grocery,Individual,Bengaluru,Karnataka,2025-06-14 00:00:00,,False,Active,689.3,False,False,False,1233.545,False
546,MCH4912,Devi Group,,Grocery,Sole Proprietor,Kolkata,West Bengal,2025-07-07 01:25:23,DTHN1330740328006,True,Active,1738.86,False,False,True,1233.545,False
3816,MCH4913,Baral-Bhattacharyya,4131.0,Transportation,Individual,Amritsar,Punjab,2023-05-19 19:12:00,MXBT0588021899874,True,Inactive,697.03,False,False,False,1225.12,False
4691,MCH4914,BORA INC,,Department Store,Sole Proprietor,Jaipur,Rajasthan,2024-05-12 00:00:00,,False,Active,4227.85,False,False,True,1356.755,False
2154,MCH4916,  Rama-Patel  ,5942.0,Books & Stationery,Individual,Delhi,Delhi,2025-06-24 22:01:00,XXXX0402,True,Active,,True,False,False,1167.225,False
5578,MCH4917,"Bhat, Saha and Wable",4131.0,Travel,Private Limited,Jaipur,Rajasthan,2025-04-14 00:00:00,XXXX6979,True,Active,6159.51,False,False,False,1012.28,False
2451,MCH4918,GANESH INC,,Hotel,Individual,Lucknow,Uttar Pradesh,2023-12-09 00:00:00,XXXX3579,True,Active,651.04,False,False,True,1161.77,False
3330,MCH4922,Cheema Group,5999.0,Misc Retail,Partnership,Hyderabad,Telangana,2024-03-20 00:00:00,,False,Active,324.81,False,False,False,1276.92,False
221,MCH4926,Shankar Ltd,5812.0,Restaurant,Individual,Hyderabad,Telangana,2024-12-28 03:14:33,6804229881,True,Active,,False,False,False,1327.31,False
5567,MCH4927,mohan plc,5699.0,Apparel,Individual,Jaipur,Rajasthan,2025-03-04 00:00:00,MQQO7446373111287,True,Active,1972.99,False,False,False,1252.4299999999998,False
455,MCH4928,"NARANG, BEDI AND SACHAR",5699.0,Apparel,Private Limited,Jalandhar,Punjab,2025-09-25 00:00:00,,False,Active,3146.1,False,False,False,1252.4299999999998,False
675,MCH4930,Dasgupta-Dua,,Restaurant,Partnership,Jaipur,Rajasthan,2025-06-25 14:06:00,,False,Active,,True,False,True,1327.31,False
3219,MCH4932,KHOSLA AND SONS,5812.0,Restaurant,Sole Proprietor,Jalandhar,Punjab,2024-08-09 02:55:00,QSCW5400259337785,True,Closed,340.55,False,False,False,1327.31,False
1536,MCH4934_1,Gill LLC,5812.0,Restaurant,Private Limited,Ludhiana,Punjab,2024-07-29 00:00:00,7355149958,True,Active,,False,False,False,1327.31,True
2005,MCH4934_2,Shroff Inc,5912.0,Pharmacy,Private Limited,Amritsar,Punjab,2025-12-08 00:00:00,OBRZ2207838983000,True,Active,1471.24,False,False,False,1300.55,True
854,MCH4936_1,Batra-Patla,4814.0,Mobile Recharge,Individual,Mumbai,Maharashtra,2023-02-05 00:00:00,9027629602,True,Active,2064.79,False,False,False,1108.585,True
2262,MCH4936_2,"Bhalla, Gour and Khare",5411.0,Grocery,Individual,Jalandhar,Punjab,2025-10-14 00:00:00,0586737361,True,Active,739.83,False,False,False,1233.545,True
3024,MCH4937,Mand and Sons,5912.0,Pharmacy,Partnership,Kolkata,West Bengal,,FBXP3192759861569,True,Inactive,2054.97,False,False,False,1300.55,False
5696,MCH4939,Bath-Kumer,4814.0,Mobile Recharge,Partnership,Delhi,Delhi,2023-10-06 12:33:00,XXXX8414,True,Active,1620.24,False,False,False,1108.585,False
730,MCH4943,Sawhney-Dugar,7011.0,Hotel,Sole Proprietor,Chennai,Tamil Nadu,2023-07-16 00:00:00,,False,Inactive,470.52,False,False,False,1161.77,False
4331,MCH4944,"Pillai, Kurian and Sunder",,Grocery,Sole Proprietor,Mumbai,Maharashtra,2023-04-08 22:00:12,XXXX3249,True,Active,907.45,False,False,True,1233.545,False
6190,MCH4947_1,"DADA, SHROFF AND LALL",,Apparel,Individual,Hyderabad,Telangana,2023-03-17 00:00:00,,False,Active,1747.23,False,False,True,1252.4299999999998,True
505,MCH4947_2,M0han-Sah0ta,4131.0,Transportation,Individual,Mumbai,Maharashtra,2025-04-22 00:00:00,QAWO0072726316755,True,Active,1906.18,False,False,False,1225.12,True
2363,MCH4948,Dass-Dhaliwal,5812.0,Restaurant,Partnership,Jalandhar,Punjab,2024-06-25 00:00:00,XXXX1800,True,Active,,True,False,False,1327.31,False
4031,MCH4951_1,Cheema-Dugal,5311.0,Department Store,Individual,Amritsar,Punjab,2024-04-03 00:00:00,,False,Active,,False,False,False,1356.755,True
4702,MCH4951_2,"natt, dyal and gill",5411.0,Grocery,Private Limited,Pune,Maharashtra,2026-01-02 00:00:00,,False,Active,430.18,False,False,False,1233.545,True
4404,MCH4951_3,"Sha, Shan and D’Alia",4814.0,Telecom,Private Limited,Mumbai,Maharashtra,2023-08-05 18:25:08,6408029678,True,Inactive,,False,False,False,1213.17,True
3762,MCH4952,"Anne,ChoudhryandBhattacharyya",5812.0,Restaurant,Individual,Delhi,Delhi,,XAPW5259361506192,True,Active,4302.0,False,False,False,1327.31,False
530,MCH4956,Kant-Setty,5411.0,Grocery,Sole Proprietor,Jaipur,Rajasthan,2025-01-22 00:00:00,DOXB7877644685999,True,Active,6450.59,False,False,False,1233.545,False
3148,MCH4957,Natt Ltd,5699.0,Apparel,Individual,Lucknow,Uttar Pradesh,,5191776924,True,Active,1324.11,False,False,False,1252.4299999999998,False
5911,MCH4958_1,Dara Inc,4814.0,Mobile Recharge,Partnership,Pune,Maharashtra,2025-03-30 00:00:00,XXXX0462,True,Active,,False,False,False,1108.585,True
1889,MCH4958_2,Saini LLC,,Transportation,Private Limited,Hyderabad,Telangana,2023-06-24 00:00:00,,False,Active,440.09,False,False,True,1225.12,True
30,MCH4962,venkataraman-mannan,5942.0,Books & Stationery,Private Limited,Chennai,Tamil Nadu,2025-07-15 06:02:14,8238766790,True,Active,266.61,False,False,False,1167.225,False
912,MCH4963,AtwalLtd,5912.0,Pharmacy,Sole Proprietor,Hyderabad,Telangana,2024-09-17 15:34:47,,False,Active,,False,False,False,1300.55,False
1025,MCH4964,SARKAR-GODA,5311.0,Department Store,Private Limited,Pune,Maharashtra,2025-07-14 00:00:00,,False,Suspended,1517.0,False,True,False,1356.755,False
3662,MCH4965,"  Shukla, Brahmbhatt and Natarajan  ",5699.0,Apparel,Individual,Pune,Maharashtra,2024-11-20 08:09:00,3036734144,True,Active,168.46,False,False,False,1252.4299999999998,False
2623,MCH4967,Mallick PLC,4131.0,Transportation,Partnership,Amritsar,Punjab,2025-08-22 00:00:00,XXXX4798,True,Active,,True,False,False,1225.12,False
1623,MCH4968,Choudhry Inc,4814.0,Mobile Recharge,Partnership,Jaipur,Rajasthan,,7588932286,True,Active,1122.44,False,False,False,1108.585,False
3158,MCH4969,"Bobal, Garde and Upadhyay",4814.0,Mobile Recharge,Sole Proprietor,Chennai,Tamil Nadu,2023-11-01 00:00:00,XXXX2131,True,Active,817.93,False,False,False,1108.585,False
4475,MCH4971,"Gopal, Jayaraman and Narayan",5942.0,Books & Stationery,Individual,Lucknow,Uttar Pradesh,2024-11-20 07:33:00,,False,Active,650.74,False,False,False,1167.225,False
4483,MCH4972_1,Prabhu-Murty,5812.0,Restaurant,Partnership,Amritsar,Punjab,2023-05-01 04:53:55,YKBG1517599142176,True,Active,,True,False,False,1327.31,True
833,MCH4972_2,Seshadri-Dalal,5311.0,Department Store,Partnership,Pune,Maharashtra,2025-10-03 00:00:00,8465114405,True,Active,,True,False,False,1356.755,True
2958,MCH4973,vala-raval,7011.0,Hotel,Private Limited,Chennai,Tamil Nadu,2024-05-04 00:00:00,XXXX2841,True,Active,859.46,False,False,False,1161.77,False
2253,MCH4974,Krishna PLC,5699.0,Apparel,Individual,Kolkata,West Bengal,2023-04-18 00:00:00,3596123048,True,Suspended,1458.56,False,True,False,1252.4299999999998,False
2910,MCH4975_1,Bhakta-Sidhu,5699.0,Apparel,Partnership,Jalandhar,Punjab,2024-09-18 00:00:00,,False,Active,280.66,False,False,False,1252.4299999999998,True
4021,MCH4975_2,"NAGY, KURUVILLA AND SAXENA",7011.0,Hotel,Sole Proprietor,Delhi,Delhi,2025-05-25 00:00:00,,False,Active,621.98,False,False,False,1161.77,True
4916,MCH4976,Walla and Sons,5942.0,Books & Stationery,Sole Proprietor,Bengaluru,Karnataka,2025-10-21 00:00:00,XKET6356016924037,True,Active,929.0,False,False,False,1167.225,False
3471,MCH4977,ARORA-NAYAK,5999.0,Misc Retail,Individual,Ludhiana,Punjab,2025-03-05 00:00:00,,False,Active,1505.38,False,False,False,1276.92,False
1335,MCH4980_1,Batra LLC,5411.0,Grocery,Individual,Pune,Maharashtra,,XXXX6176,True,Active,2806.42,False,False,False,1233.545,True
1813,MCH4980_2,Gaba-Sankaran,,Pharmacy,Sole Proprietor,Amritsar,Punjab,,,False,Inactive,857.86,False,False,True,1300.55,True
2773,MCH4982,Upadhyay-Thaker,5699.0,Apparel,Private Limited,Pune,Maharashtra,2023-10-04 00:00:00,XXXX3001,True,Active,,False,False,False,1252.4299999999998,False
1548,MCH4983,"Magar, Ratta and Choudhary",5411.0,Grocery,Partnership,Ludhiana,Punjab,2023-07-05 00:00:00,ZMSE7382357273196,True,Active,617.98,False,False,False,1233.545,False
3000,MCH4984_1,"Aurora, Mohan and Jain",4814.0,Mobile Recharge,Sole Proprietor,Jaipur,Rajasthan,2024-07-02 00:00:00,XXLT9593960471643,True,Active,,True,False,False,1108.585,True
5575,MCH4984_2,Rege-Mane,7011.0,Hotel,Individual,Bengaluru,Karnataka,2023-08-14 00:00:00,,False,Inactive,,True,False,False,1161.77,True
130,MCH4985,HAYRE AND SONS,5942.0,Books & Stationery,Partnership,Lucknow,Uttar Pradesh,2023-08-01 00:00:00,PXAE0911368692866,True,Active,1981.89,False,False,False,1167.225,False
4687,MCH4989_1,din-bhatia,5912.0,Pharmacy,Sole Proprietor,Amritsar,Punjab,2024-07-22 00:00:00,8027810029,True,Active,2169.45,False,False,False,1300.55,True
2965,MCH4989_2,Khanna and Sons,7011.0,Hotel,Private Limited,Ludhiana,Punjab,2025-09-25 00:00:00,,False,Active,1981.95,False,False,False,1161.77,True
3273,MCH4990,"Ramakrishnan, Dey and Thakkar",5411.0,Grocery,Private Limited,Mumbai,Maharashtra,,OWGO7691795560125,True,Active,,False,False,False,1233.545,False
2083,MCH4992,VISWANATHAN-PANDEY,7011.0,Hotel,Individual,Jalandhar,Punjab,2024-02-19 00:00:00,,False,Suspended,918.79,False,True,False,1161.77,False
3599,MCH4994,"Uppal, Bawa and Gera",5812.0,Restaurant,Sole Proprietor,Delhi,Delhi,2023-04-21 00:00:00,,False,Active,1710.0,False,False,False,1327.31,False
2085,MCH4998,"Sura, Kanda and Chopra",5411.0,Grocery,Partnership,Pune,Maharashtra,2023-12-11 21:39:11,6601172673,True,Inactive,,True,False,False,1233.545,False
4555,MCH5000,Lad Group,5999.0,Misc Retail,Private Limited,Kolkata,West Bengal,2025-01-05 17:26:50,,False,Active,,True,False,False,1276.92,False
4683,MCH5001_1,Narayan LLC,5812.0,Restaurant,Partnership,Pune,Maharashtra,2023-06-17 00:00:00,JVBH8016822587770,True,Active,1893.51,False,False,False,1327.31,True
6197,MCH5001_2,Prabhakar-Badami,5699.0,Apparel,Sole Proprietor,Kolkata,West Bengal,2023-03-12 00:00:00,GTJY4648425755583,True,Active,4621.27,False,False,False,1252.4299999999998,True
6069,MCH5009,arora-wagle,5699.0,Apparel,Individual,Hyderabad,Telangana,2024-11-06 16:41:40,XXXX1307,True,Inactive,1125.91,False,False,False,1252.4299999999998,False
5930,MCH5015,"Pall, Mand and Balakrishnan",5812.0,Restaurant,Sole Proprietor,Lucknow,Uttar Pradesh,2024-12-23 20:34:32,9471379053,True,Active,2215.59,False,False,False,1327.31,False
495,MCH5017,"Datta, Sinha and Pat1a",7011.0,Hotel,Sole Proprietor,Kolkata,West Bengal,2024-11-25 00:00:00,6167636642,True,Active,617.0,False,False,False,1161.77,False
2726,MCH5019_1,Bah1-L0ya1,5411.0,Grocery,Sole Proprietor,Bengaluru,Karnataka,2025-05-12 09:53:54,,False,Active,1093.52,False,False,False,1233.545,True
4040,MCH5019_2,"Mahajan, Gulati and Chakrabarti",5411.0,Grocery,Partnership,Amritsar,Punjab,2024-08-08 00:00:00,,False,Active,448.34,False,False,False,1233.545,True
1492,MCH5019_3,Parikh Group,4814.0,Telecom,Partnership,Hyderabad,Telangana,2023-05-07 05:57:41,,False,Active,1075.9,False,False,False,1213.17,True
4525,MCH5019_4,"Sah0ta, Rama and Rama",5912.0,Pharmacy,Partnership,Lucknow,Uttar Pradesh,2025-07-27 00:00:00,XXXX3502,True,Active,955.0,False,False,False,1300.55,True
4143,MCH5020,Sarna-Sarraf,5411.0,Grocery,Individual,Lucknow,Uttar Pradesh,2023-02-27 19:58:28,,False,Active,3351.89,False,False,False,1233.545,False
4792,MCH5021_1,"Badami, Chatterjee and Handa",4814.0,Mobile Recharge,Sole Proprietor,Hyderabad,Telangana,2024-08-22 22:52:16,,False,Active,443.63,False,False,False,1108.585,True
1917,MCH5021_2,Dora Group,,Hotel,Partnership,Jaipur,Rajasthan,2024-01-10 00:00:00,2704643767,True,Active,843.0,False,False,True,1161.77,True
5544,MCH5023_1,"B0rde, Venkataraman and Sura",,Hotel,Private Limited,Chennai,Tamil Nadu,2024-06-07 00:00:00,,False,Active,1983.28,False,False,True,1161.77,True
1933,MCH5023_2,CHATTERJEE-KALLA,5912.0,Pharmacy,Partnership,Mumbai,Maharashtra,2024-12-31 00:00:00,XXXX9987,True,Active,,True,False,False,1300.55,True
5546,MCH5023_3,rastogi ltd,5411.0,Grocery,Individual,Ludhiana,Punjab,2024-09-22 20:08:35,6206604276,True,Active,532.62,False,False,False,1233.545,True
4211,MCH5027,Mukhopadhyay-Brar,5999.0,Misc Retail,Partnership,Ludhiana,Punjab,2023-10-17 00:00:00,CWYO9756460575495,True,Active,3103.67,False,False,False,1276.92,False
5601,MCH5028,"Chhabra, Deo and Chakrabarti",7011.0,Hotel,Partnership,Ludhiana,Punjab,2024-03-14 00:00:00,RQQO5337522783830,True,Closed,716.94,False,False,False,1161.77,False
5498,MCH5036_1,Buch Inc,5942.0,Books & Stationery,Partnership,Chennai,Tamil Nadu,2023-02-02 00:00:00,9320708690,True,Active,1529.39,False,False,False,1167.225,True
4504,MCH5036_2,Dutt-Nagy,5812.0,Restaurant,Individual,Delhi,Delhi,2023-03-15 00:48:00,,False,Active,1947.0,False,False,False,1327.31,True
5887,MCH5037_1,Chadha LLC,5311.0,Department Store,Private Limited,Jaipur,Rajasthan,2025-05-03 00:00:00,5877889834,True,Active,,True,False,False,1356.755,True
1288,MCH5037_2,"SEKHON, DHILLON AND BATH",5812.0,Restaurant,Partnership,Delhi,Delhi,2024-10-01 00:00:00,8639611595,True,Suspended,,False,True,False,1327.31,True
6038,MCH5038,"din, som and bahl",,Pharmacy,Partnership,Lucknow,Uttar Pradesh,2024-10-20 00:00:00,DJBJ3245727756471,True,Active,1056.12,False,False,True,1300.55,False
4295,MCH5040_1,Kumer-M0rar,4131.0,Transportation,Private Limited,Chennai,Tamil Nadu,2023-08-01 04:01:00,,False,Active,5948.0,False,False,False,1225.12,True
3618,MCH5040_2,Lala-Pandit,5411.0,Grocery,Individual,Kolkata,West Bengal,,,False,Active,709.71,False,False,False,1233.545,True
5346,MCH5040_3,NAYAR-KHATRI,4814.0,Telecom,Individual,Pune,Maharashtra,2025-04-30 04:40:00,,False,Active,1055.33,False,False,False,1213.17,True
4578,MCH5040_4,Oza-Gulati,5699.0,Apparel,Partnership,Mumbai,Maharashtra,,,False,Active,1665.61,False,False,False,1252.4299999999998,True
4614,MCH5042_1,Nagi-Raja,,Pharmacy,Individual,Kolkata,West Bengal,2024-04-25 11:13:41,3533096055,True,Active,3524.4,False,False,True,1300.55,True
3831,MCH5042_2,Narasimhan Ltd,7011.0,Hotel,Private Limited,Pune,Maharashtra,2025-11-03 00:00:00,,False,Active,,False,False,False,1161.77,True
5103,MCH5043,"Chakraborty, Gour and Kothari",4131.0,Travel,Private Limited,Kolkata,West Bengal,2025-03-17 00:00:00,ROSR2212738533894,True,Inactive,614.63,False,False,False,1012.28,False
5940,MCH5044,Mahajan-Narasimhan,,Books & Stationery,Individual,Chennai,Tamil Nadu,2025-09-04 00:00:00,,False,Active,1148.0,False,False,True,1167.225,False
2329,MCH5045,More-Doctor,,Department Store,Individual,Bengaluru,Karnataka,2025-09-15 22:04:19,,False,Suspended,145.75,False,True,True,1356.755,False
2074,MCH5050,Subramanian-Dua,5942.0,Books & Stationery,Partnership,Pune,Maharashtra,2025-08-28 14:42:57,,False,Active,1506.0,False,False,False,1167.225,False
5993,MCH5052,Pillay-Bora,,Misc Retail,Partnership,Hyderabad,Telangana,2024-01-04 00:00:00,XXXX9697,True,Active,1127.0,False,False,True,1276.92,False
4974,MCH5054,"Kara, Mandal and Mitra",5812.0,Restaurant,Sole Proprietor,Kolkata,West Bengal,2024-01-29 00:00:00,,False,Suspended,5895.31,False,True,False,1327.31,False
4156,MCH5055,Aggarwal-Doctor,5912.0,Pharmacy,Private Limited,Hyderabad,Telangana,2024-07-04 02:56:33,,False,Active,3805.08,False,False,False,1300.55,False
268,MCH5056,subramaniam plc,5411.0,Grocery,Partnership,Bengaluru,Karnataka,,WHRV5412713701234,True,Suspended,473.92,False,True,False,1233.545,False
2926,MCH5061,Natarajan Inc,5699.0,Apparel,Sole Proprietor,Ludhiana,Punjab,2025-10-10 11:35:42,3155448560,True,Active,1265.19,False,False,False,1252.4299999999998,False
5495,MCH5064_1,bassi inc,5812.0,Restaurant,Individual,Delhi,Delhi,2025-12-27 16:24:04,,False,Inactive,1024.0,False,False,False,1327.31,True
4418,MCH5064_2,Pandey-Sangha,5699.0,Apparel,Sole Proprietor,Bengaluru,Karnataka,2023-12-31 00:00:00,XXXX3296,True,Active,2028.77,False,False,False,1252.4299999999998,True
5760,MCH5067,Mangat-Pant,4814.0,Telecom,Individual,Pune,Maharashtra,2024-02-27 00:00:00,NOGU4869470784091,True,Active,1263.65,False,False,False,1213.17,False
1704,MCH5070_1,krishnan group,,Mobile Recharge,Partnership,Delhi,Delhi,2024-06-18 16:41:00,,False,Active,1597.64,False,False,True,1108.585,True
4224,MCH5070_2,Rau-Nagar,5999.0,Misc Retail,Private Limited,Chennai,Tamil Nadu,2024-12-04 11:51:13,,False,Active,11139.0,False,False,False,1276.92,True
188,MCH5072,Shroff-Sangha,5999.0,Misc Retail,Private Limited,Jaipur,Rajasthan,2024-12-08 00:00:00,XXXX4443,True,Active,3955.29,False,False,False,1276.92,False
760,MCH5077,"Chauhan, Thakur and Chacko",5411.0,Grocery,Individual,Jaipur,Rajasthan,2023-11-12 01:16:55,9740262322,True,Closed,250.88,False,False,False,1233.545,False
4590,MCH5079,Ramaswamy-Trivedi,5311.0,Department Store,Private Limited,Bengaluru,Karnataka,2024-07-01 00:00:00,MSIB5848944508855,True,Inactive,549.02,False,False,False,1356.755,False
964,MCH5080,"Shere, Jha and Sarma",5912.0,Pharmacy,Sole Proprietor,Kolkata,West Bengal,2025-02-22 20:56:00,,False,Active,2711.51,False,False,False,1300.55,False
4150,MCH5081_1,"Bhatia, Srinivasan and Sampath",5912.0,Pharmacy,Private Limited,Chennai,Tamil Nadu,2024-01-19 00:00:00,6512242126,True,Active,869.22,False,False,False,1300.55,True
2769,MCH5081_2,  Grewal-Dutt  ,5942.0,Books & Stationery,Partnership,Jaipur,Rajasthan,2024-09-22 00:00:00,,False,Active,624.18,False,False,False,1167.225,True
3951,MCH5084,Doshi LLC,5942.0,Books & Stationery,Individual,Jalandhar,Punjab,2025-11-06 20:48:00,5224325531,True,Active,182.0,False,False,False,1167.225,False
3040,MCH5086,Balan LLC,5999.0,Misc Retail,Private Limited,Amritsar,Punjab,2023-12-19 00:00:00,XXXX8174,True,Active,575.58,False,False,False,1276.92,False
27,MCH5089,Korpal-Parmer,5311.0,Retail,Private Limited,Jaipur,Rajasthan,2024-06-14 00:00:00,,False,Active,3730.0,False,False,False,1126.42,False
3968,MCH5090,Chacko-Dora,5411.0,Grocery,Sole Proprietor,Hyderabad,Telangana,2023-12-27 00:00:00,DVGQ3463891046958,True,Active,,True,False,False,1233.545,False
3070,MCH5091,Rau-Ratta,5812.0,Restaurant,Partnership,Kolkata,West Bengal,2024-03-24 00:00:00,ZHRH0362265719965,True,Active,755.0,False,False,False,1327.31,False
361,MCH5092,Dubey-Gade,4814.0,Telecom,Partnership,Kolkata,West Bengal,2023-07-01 00:00:00,,False,Active,730.73,False,False,False,1213.17,False
3380,MCH5093,Khatri-Kata,5411.0,Grocery,Partnership,Jaipur,Rajasthan,2024-10-28 00:00:00,,False,Inactive,1344.37,False,False,False,1233.545,False
4343,MCH5097,SATHE INC,5311.0,Department Store,Sole Proprietor,Jaipur,Rajasthan,2023-07-05 00:00:00,XXXX5532,True,Active,997.33,False,False,False,1356.755,False
3052,MCH5100,Garde-Mody,,Grocery,Sole Proprietor,Hyderabad,Telangana,2023-12-02 00:00:00,HBWM0411273165352,True,Active,347.68,False,False,True,1233.545,False
2056,MCH5103,"MORAR, KANNAN AND PUROHIT",7011.0,Hotel,Individual,Lucknow,Uttar Pradesh,2023-11-12 00:00:00,8919993904,True,Suspended,,False,True,False,1161.77,False
2882,MCH5106_1,LUTHRA LLC,5942.0,Books & Stationery,Private Limited,Jalandhar,Punjab,2023-12-01 00:00:00,XXXX6321,True,Active,411.0,False,False,False,1167.225,True
3970,MCH5106_2,Sagar LLC,5912.0,Pharmacy,Individual,Jalandhar,Punjab,2026-02-23 06:38:00,,False,Active,1707.71,False,False,False,1300.55,True
1986,MCH5108_1,bora llc,5411.0,Grocery,Private Limited,Jalandhar,Punjab,2025-03-16 12:39:17,DLNH5334244521006,True,Active,,False,False,False,1233.545,True
4677,MCH5108_2,"Te11a, Naik and Rajag0pa1",7011.0,Hotel,Private Limited,Delhi,Delhi,2023-02-17 06:26:08,,False,Active,1054.85,False,False,False,1161.77,True
489,MCH5110_1,"anne, nayak and chada",5311.0,Department Store,Private Limited,Amritsar,Punjab,2023-04-26 00:00:00,6381447674,True,Active,478.0,False,False,False,1356.755,True
1900,MCH5110_2,"deshpande, verma and shenoy",5942.0,Books & Stationery,Private Limited,Pune,Maharashtra,2024-11-11 00:00:00,,False,Inactive,,True,False,False,1167.225,True
2727,MCH5110_3,Grover and Sons,5999.0,Misc Retail,Private Limited,Jalandhar,Punjab,2024-05-02 00:00:00,ZILO7642666200036,True,Active,,True,False,False,1276.92,True
3837,MCH5111,Ramachandran Group,,Department Store,Private Limited,Ludhiana,Punjab,2026-05-01 10:29:00,9740232667,True,Active,541.94,False,False,True,1356.755,False
567,MCH5112_1,Agarwa1 Ltd,5311.0,Retail,Private Limited,Chennai,Tamil Nadu,2026-02-18 00:00:00,,False,Active,782.67,False,False,False,1126.42,True
2462,MCH5112_2,"Agate, Atwal and Yohannan",5311.0,Department Store,Private Limited,Ludhiana,Punjab,2023-06-27 18:52:54,JBYC7644035129509,True,Inactive,669.14,False,False,False,1356.755,True
28,MCH5112_3,nigam-chawla,4131.0,Transportation,Private Limited,Chennai,Tamil Nadu,2025-09-06 00:00:00,,False,Inactive,353.3,False,False,False,1225.12,True
2372,MCH5113,Mani-Buch,5699.0,Apparel,Partnership,Pune,Maharashtra,2025-11-04 22:11:00,XXXX7200,True,Active,2132.66,False,False,False,1252.4299999999998,False
1869,MCH5114_1,Lal Group,5411.0,Grocery,Private Limited,Bengaluru,Karnataka,2024-06-23 01:46:15,XXXX3035,True,Active,1143.5,False,False,False,1233.545,True
4035,MCH5114_2,  Sarraf-Iyengar  ,5912.0,Pharmacy,Individual,Delhi,Delhi,2025-02-26 09:24:05,XRZF4644234669872,True,Active,452.11,False,False,False,1300.55,True
5629,MCH5117_1,BAVA-SANI,5311.0,Department Store,Private Limited,Amritsar,Punjab,2023-05-07 15:56:29,ICYL7735321082205,True,Active,557.72,False,False,False,1356.755,True
142,MCH5117_2,"Parikh, Sengupta and Chander",7011.0,Hotel,Partnership,Chennai,Tamil Nadu,2023-01-26 23:39:00,,False,Suspended,266.62,False,True,False,1161.77,True
1398,MCH5119,Raghavan-Shere,5812.0,Restaurant,Sole Proprietor,Chennai,Tamil Nadu,2025-09-14 00:00:00,,False,Active,1149.0,False,False,False,1327.31,False
3889,MCH5121_1,Din-Dar,5812.0,Restaurant,Individual,Jalandhar,Punjab,,,False,Active,2367.99,False,False,False,1327.31,True
4851,MCH5121_2,ramakrishnan inc,4131.0,Transportation,Sole Proprietor,Ludhiana,Punjab,2023-11-27 00:00:00,,False,Active,3794.33,False,False,False,1225.12,True
2117,MCH5122_1,"Chand, Gupta and Bhargava",5812.0,Restaurant,Individual,Jalandhar,Punjab,2024-04-01 00:00:00,XXXX9761,True,Active,2946.92,False,False,False,1327.31,True
4980,MCH5122_2,Garde Ltd,5699.0,Apparel,Partnership,Mumbai,Maharashtra,2024-09-06 00:00:00,GIIN6826016830316,True,Active,957.5,False,False,False,1252.4299999999998,True
4804,MCH5122_3,K0ta-R0y,5699.0,Apparel,Individual,Delhi,Delhi,2025-08-20 00:00:00,XXXX7270,True,Active,390.64,False,False,False,1252.4299999999998,True
2141,MCH5125,Dave and Sons,5812.0,Restaurant,Private Limited,Ludhiana,Punjab,2025-06-15 00:00:00,XXXX1925,True,Active,838.15,False,False,False,1327.31,False
282,MCH5127_1,Sankar Group,7011.0,Hotel,Partnership,Delhi,Delhi,2024-09-06 00:00:00,3303273399,True,Active,2034.47,False,False,False,1161.77,True
3012,MCH5127_2,Sarkar-Vaidya,5699.0,Apparel,Individual,Bengaluru,Karnataka,2023-11-23 00:00:00,,False,Active,465.12,False,False,False,1252.4299999999998,True
3834,MCH5129_1,dayal-saran,5912.0,Pharmacy,Sole Proprietor,Chennai,Tamil Nadu,2024-09-30 00:00:00,1476589127,True,Active,1504.46,False,False,False,1300.55,True
3659,MCH5129_2,"kant, chaudhari and sarna",4131.0,Transportation,Sole Proprietor,Chennai,Tamil Nadu,2025-07-19 00:00:00,QYZU2715177783366,True,Active,4873.16,False,False,False,1225.12,True
6037,MCH5133,sawhney group,,Grocery,Individual,Hyderabad,Telangana,2024-12-10 00:00:00,0959364769,True,Active,1388.77,False,False,True,1233.545,False
473,MCH5135_1,kapoor ltd,5699.0,Apparel,Partnership,Chennai,Tamil Nadu,2024-02-25 00:00:00,XXXX2733,True,Active,1221.22,False,False,False,1252.4299999999998,True
5490,MCH5135_2,swaminathan-kashyap,5942.0,Books & Stationery,Sole Proprietor,Mumbai,Maharashtra,2024-01-22 00:00:00,RDNZ1508980329306,True,Active,727.31,False,False,False,1167.225,True
3226,MCH5136,Thakur and Sons,4131.0,Transportation,Sole Proprietor,Jaipur,Rajasthan,2025-02-10 00:00:00,8466988688,True,Suspended,2681.3,False,True,False,1225.12,False
1072,MCH5137_1,Bath-Keer,4814.0,Telecom,Private Limited,Bengaluru,Karnataka,2024-06-11 00:00:00,XXXX5840,True,Suspended,634.0,False,True,False,1213.17,True
5520,MCH5137_2,"GREWAL, CHHABRA AND SAWHNEY",4131.0,Transportation,Sole Proprietor,Ludhiana,Punjab,2023-06-29 00:00:00,,False,Active,551.72,False,False,False,1225.12,True
5236,MCH5141_1,Gera-Kashyap,4814.0,Telecom,Partnership,Ludhiana,Punjab,2024-01-08 00:21:00,,False,Active,2000.07,False,False,False,1213.17,True
1287,MCH5141_2,Sinha Ltd,,Apparel,Sole Proprietor,Jaipur,Rajasthan,2025-07-27 00:03:05,XXXX0376,True,Closed,764.85,False,False,True,1252.4299999999998,True
3011,MCH5144,Johal Ltd,7011.0,Hotel,Sole Proprietor,Jalandhar,Punjab,2024-02-01 16:44:47,XXXX0257,True,Inactive,490.7,False,False,False,1161.77,False
74,MCH5146,Wadhwa-Swamy,5311.0,Department Store,Partnership,Jalandhar,Punjab,2023-11-05 00:00:00,,False,Active,,False,False,False,1356.755,False
5702,MCH5147,"  Rao, Mahal and Wable  ",5999.0,Misc Retail,Private Limited,Jalandhar,Punjab,2024-09-16 08:12:00,8569345830,True,Active,687.0,False,False,False,1276.92,False
2284,MCH5148,"Bose, Ranganathan and Bose",5411.0,Grocery,Individual,Amritsar,Punjab,2024-10-20 00:00:00,,False,Active,,False,False,False,1233.545,False
2135,MCH5151,Sachar-Lad,4131.0,Travel,Partnership,Mumbai,Maharashtra,2025-04-09 22:00:45,7481974508,True,Active,703.87,False,False,False,1012.28,False
712,MCH5154_1,Bhargava-Dey,5912.0,Pharmacy,Partnership,Jalandhar,Punjab,2025-03-22 00:00:00,XPFJ2723277827453,True,Active,861.82,False,False,False,1300.55,True
1355,MCH5154_2,Chauhan Inc,,Mobile Recharge,Partnership,Jalandhar,Punjab,2023-02-18 00:00:00,,False,Active,1206.43,False,False,True,1108.585,True
1840,MCH5154_3,DHINGRA-SUNDER,5999.0,Misc Retail,Sole Proprietor,Pune,Maharashtra,2025-06-14 00:00:00,1153641874,True,Active,2001.0,False,False,False,1276.92,True
5624,MCH5156,"Bumb, Buch and R0ut",7011.0,Hotel,Private Limited,Mumbai,Maharashtra,2025-11-10 21:13:00,,False,Active,1483.33,False,False,False,1161.77,False
3488,MCH5159,"Boase, Nadkarni and Kala",4131.0,Transportation,Private Limited,Jaipur,Rajasthan,2025-05-18 00:00:00,DDIU4780752450137,True,Active,214.1,False,False,False,1225.12,False
3609,MCH5160,subramanian inc,7011.0,Hotel,Partnership,Amritsar,Punjab,2025-11-17 00:00:00,,False,Active,1435.76,False,False,False,1161.77,False
2840,MCH5162,Srinivas-Sule,5311.0,Retail,Individual,Jaipur,Rajasthan,2025-02-20 00:00:00,3127556904,True,Active,1145.33,False,False,False,1126.42,False
2951,MCH5163,"Pandit, Lad and V0ra",4814.0,Mobile Recharge,Individual,Kolkata,West Bengal,2023-05-31 00:00:00,XXXX7995,True,Active,1014.92,False,False,False,1108.585,False
4489,MCH5164,"Yohannan,SahniandBasak",,Department Store,Individual,Mumbai,Maharashtra,2023-09-01 00:00:00,8938397659,True,Inactive,830.61,False,False,True,1356.755,False
3906,MCH5166_1,Rastogi Ltd,,Grocery,Individual,Hyderabad,Telangana,2025-11-10 00:00:00,XXXX4606,True,Active,1432.96,False,False,True,1233.545,True
2307,MCH5166_2,Roy-Srinivasan,4814.0,Mobile Recharge,Individual,Bengaluru,Karnataka,2025-09-24 00:00:00,,False,Closed,1501.14,False,False,False,1108.585,True
5185,MCH5167,Bose and Sons,5942.0,Books & Stationery,Private Limited,Jalandhar,Punjab,2025-08-20 17:50:00,,False,Inactive,1269.25,False,False,False,1167.225,False
2678,MCH5169,Kurian-Narayan,5942.0,Books & Stationery,Individual,Jalandhar,Punjab,2024-06-01 00:00:00,7935605737,True,Active,1621.49,False,False,False,1167.225,False
2470,MCH5171,"pandya, bawa and kibe",4131.0,Transportation,Partnership,Jaipur,Rajasthan,2024-11-18 00:00:00,XXXX5385,True,Active,1895.53,False,False,False,1225.12,False
874,MCH5176,"Samra,SampathandChaudhuri",4131.0,Travel,Individual,Jalandhar,Punjab,2025-03-18 00:00:00,,False,Active,905.0,False,False,False,1012.28,False
4063,MCH5180_1,"Gaba, Chacko and Khatri",5699.0,Apparel,Private Limited,Pune,Maharashtra,2025-02-12 00:00:00,XXXX8144,True,Active,753.85,False,False,False,1252.4299999999998,True
5428,MCH5180_2,Varkey Inc,5699.0,Apparel,Individual,Lucknow,Uttar Pradesh,2025-09-26 08:36:21,XXXX1928,True,Active,1047.37,False,False,False,1252.4299999999998,True
197,MCH5182,"kadakia, raman and badal",4131.0,Transportation,Sole Proprietor,Amritsar,Punjab,2023-07-15 00:00:00,5073008487,True,Inactive,932.0,False,False,False,1225.12,False
3944,MCH5183,Chandra LLC,5942.0,Books & Stationery,Individual,Jaipur,Rajasthan,2023-10-16 12:28:48,,False,Active,578.29,False,False,False,1167.225,False
2900,MCH5186_1,Dey-Bansal,5912.0,Pharmacy,Sole Proprietor,Chennai,Tamil Nadu,2025-09-21 00:00:00,,False,Active,365.0,False,False,False,1300.55,True
348,MCH5186_2,"Iyer, Sarma and Issac",5311.0,Department Store,Private Limited,Jaipur,Rajasthan,2023-03-27 20:46:00,WHOY9873117052427,True,Inactive,830.18,False,False,False,1356.755,True
4098,MCH5188,"Dube, Nair and Datta",4131.0,Transportation,Individual,Jalandhar,Punjab,2023-03-22 00:00:00,4717131081,True,Active,2008.92,False,False,False,1225.12,False
4094,MCH5190_1,Karpe Inc,5942.0,Books & Stationery,Sole Proprietor,Delhi,Delhi,2024-06-07 13:34:28,AIVF4646117807271,True,Active,2042.93,False,False,False,1167.225,True
1337,MCH5190_2,"Saini,RanaandAggarwal",5411.0,Grocery,Sole Proprietor,Mumbai,Maharashtra,,4016367368,True,Active,1844.01,False,False,False,1233.545,True
5683,MCH5193,Shetty Inc,5912.0,Pharmacy,Partnership,Amritsar,Punjab,2025-07-13 00:00:00,QQWR4601081024609,True,Active,,True,False,False,1300.55,False
5983,MCH5196_1,Sagar-Kohli,4131.0,Travel,Partnership,Delhi,Delhi,2024-02-14 00:00:00,9496058139,True,Active,3536.0,False,False,False,1012.28,True
2297,MCH5196_2,Saini Ltd,5311.0,Retail,Private Limited,Jalandhar,Punjab,2025-02-23 00:00:00,GPCS2279648422088,True,Inactive,,True,False,False,1126.42,True
5612,MCH5197,AcharyaInc,4131.0,Transportation,Private Limited,Jalandhar,Punjab,,XXXX5691,True,Active,699.94,False,False,False,1225.12,False
5630,MCH5200,  Saha PLC  ,4131.0,Transportation,Private Limited,Ludhiana,Punjab,2025-11-10 08:57:00,,False,Active,913.24,False,False,False,1225.12,False
4771,MCH5203,"Goel, Mishra and Ram",4814.0,Telecom,Sole Proprietor,Bengaluru,Karnataka,2023-04-28 00:00:00,,False,Active,3326.82,False,False,False,1213.17,False
6188,MCH5204_1,Gokhale Ltd,5411.0,Grocery,Sole Proprietor,Hyderabad,Telangana,,IWXN3869048789492,True,Active,955.33,False,False,False,1233.545,True
387,MCH5204_2,Sibal-Kanda,,Books & Stationery,Private Limited,Ludhiana,Punjab,2025-06-20 00:00:00,3994262713,True,Active,,True,False,True,1167.225,True
6174,MCH5205,"Yogi, Minhas and Goda",5311.0,Department Store,Partnership,Ludhiana,Punjab,2025-06-01 00:00:00,,False,Inactive,455.0,False,False,False,1356.755,False
4308,MCH5208,mann inc,5411.0,Grocery,Private Limited,Hyderabad,Telangana,2023-10-04 08:46:00,,False,Suspended,1269.59,False,True,False,1233.545,False
5262,MCH5210_1,"Gill, Acharya and Naidu",5912.0,Pharmacy,Partnership,Amritsar,Punjab,2024-12-10 00:00:00,1435006704,True,Suspended,1319.3,False,True,False,1300.55,True
114,MCH5210_2,NATARAJAN LLC,4131.0,Transportation,Partnership,Lucknow,Uttar Pradesh,2023-08-25 00:00:00,,False,Active,2522.68,False,False,False,1225.12,True
4936,MCH5210_3,Rege-Sridhar,5942.0,Books & Stationery,Private Limited,Jalandhar,Punjab,2024-05-10 00:00:00,VHMQ6214837340223,True,Active,1199.73,False,False,False,1167.225,True
424,MCH5213,Keer-Yadav,7011.0,Hotel,Private Limited,Jalandhar,Punjab,2023-04-09 17:38:00,NHOQ3812159504524,True,Active,2157.19,False,False,False,1161.77,False
5432,MCH5215,Tank-Golla,5999.0,Misc Retail,Individual,Hyderabad,Telangana,2024-08-06 02:20:00,XXXX4115,True,Active,1953.0,False,False,False,1276.92,False
5786,MCH5217_1,"Kapur, Sabharwal and Chaudhuri",5311.0,Retail,Sole Proprietor,Lucknow,Uttar Pradesh,2023-03-07 21:02:17,OZSL0162567761883,True,Inactive,499.03,False,False,False,1126.42,True
4209,MCH5217_2,Swamy Ltd,5411.0,Grocery,Private Limited,Kolkata,West Bengal,2023-02-22 00:00:00,5295856120,True,Active,1618.62,False,False,False,1233.545,True
3099,MCH5219_1,Pillay Group,4814.0,Telecom,Partnership,Jalandhar,Punjab,,XXXX0337,True,Active,834.97,False,False,False,1213.17,True
4480,MCH5219_2,"PRAKASH, AMBLE AND MUKHOPADHYAY",7011.0,Hotel,Sole Proprietor,Jaipur,Rajasthan,2024-06-21 13:59:32,,False,Active,,True,False,False,1161.77,True
5968,MCH5222,"Char, Warrior and Cherian",5699.0,Apparel,Partnership,Chennai,Tamil Nadu,2024-03-19 18:57:00,XXXX0689,True,Inactive,352.83,False,False,False,1252.4299999999998,False
2683,MCH5223,"Dua, Raj and Aurora",5812.0,Restaurant,Private Limited,Ludhiana,Punjab,2024-08-06 00:00:00,XXXX3071,True,Active,986.86,False,False,False,1327.31,False
5449,MCH5224,Prabhakar-Baral,5999.0,Misc Retail,Sole Proprietor,Delhi,Delhi,2024-06-02 19:20:00,VAHS1051982392955,True,Active,873.18,False,False,False,1276.92,False
2639,MCH5225,"Bera, Guha and Narayan",5942.0,Books & Stationery,Individual,Hyderabad,Telangana,2025-08-16 05:25:00,AJUQ5177176562909,True,Active,,False,False,False,1167.225,False
6045,MCH5226,Tiwari-Pau,5999.0,Misc Retail,Individual,Lucknow,Uttar Pradesh,2023-12-24 02:18:00,6912933947,True,Active,271.33,False,False,False,1276.92,False
1315,MCH5227_1,Gala PLC,7011.0,Hotel,Partnership,Kolkata,West Bengal,2026-01-21 00:00:00,,False,Active,,False,False,False,1161.77,True
4779,MCH5227_2,"Yogi, Varghese and Balay",5812.0,Restaurant,Individual,Mumbai,Maharashtra,2024-02-10 00:00:00,,False,Active,2005.26,False,False,False,1327.31,True
4314,MCH5230,Bajaj Ltd,,Transportation,Partnership,Delhi,Delhi,2024-02-01 00:00:00,8842729592,True,Active,3959.52,False,False,True,1225.12,False
4765,MCH5231_1,Om-Shah,5912.0,Pharmacy,Individual,Jaipur,Rajasthan,2023-04-29 00:00:00,2208124689,True,Active,165.39,False,False,False,1300.55,True
288,MCH5231_2,Varghese-Rattan,,Grocery,Partnership,Delhi,Delhi,2026-02-05 00:00:00,,False,Active,692.04,False,False,True,1233.545,True
3766,MCH5233,Raghavan-Mall,4814.0,Mobile Recharge,Partnership,Bengaluru,Karnataka,2026-11-02 05:56:00,,False,Active,3087.5,False,False,False,1108.585,False
2574,MCH5235_1,palla inc,5942.0,Books & Stationery,Partnership,Bengaluru,Karnataka,2024-10-27 00:00:00,,False,Active,3807.5,False,False,False,1167.225,True
5710,MCH5235_2,Yogi-Dutt,4131.0,Travel,Sole Proprietor,Ludhiana,Punjab,2023-10-19 00:25:55,,False,Active,,True,False,False,1012.28,True
3323,MCH5236_1,Basak-Madan,5999.0,Misc Retail,Private Limited,Delhi,Delhi,,1939509420,True,Active,389.03,False,False,False,1276.92,True
4429,MCH5236_2,"More, Luthra and Deol",5999.0,Misc Retail,Partnership,Amritsar,Punjab,2023-02-11 00:00:00,,False,Active,1110.58,False,False,False,1276.92,True
1434,MCH5237_1,"Dave, Sani and Swaminathan",,Pharmacy,Partnership,Delhi,Delhi,2026-02-09 00:00:00,5721792105,True,Inactive,1955.24,False,False,True,1300.55,True
528,MCH5237_2,Deep-Raja,5999.0,Misc Retail,Individual,Mumbai,Maharashtra,2025-02-13 16:43:39,XXXX0515,True,Active,986.24,False,False,False,1276.92,True
1282,MCH5239,Saha Inc,5999.0,Misc Retail,Individual,Lucknow,Uttar Pradesh,2025-09-29 00:00:00,,False,Active,6907.0,False,False,False,1276.92,False
4988,MCH5242,Mishra-Dua,5311.0,Department Store,Individual,Mumbai,Maharashtra,2024-06-08 00:00:00,XXXX0138,True,Active,,True,False,False,1356.755,False
6176,MCH5245_1,Aggarwal Inc,5411.0,Grocery,Sole Proprietor,Kolkata,West Bengal,2024-07-15 00:00:00,,False,Active,,False,False,False,1233.545,True
3441,MCH5245_2,"Bhatt, Kakar and Boase",5311.0,Retail,Individual,Jalandhar,Punjab,2025-06-27 04:58:08,4405470614,True,Active,2923.74,False,False,False,1126.42,True
5090,MCH5247,Nagi Ltd,4814.0,Telecom,Partnership,Amritsar,Punjab,2025-06-06 00:00:00,,False,Inactive,632.92,False,False,False,1213.17,False
408,MCH5249,Tak Inc,7011.0,Hotel,Private Limited,Lucknow,Uttar Pradesh,2025-03-10 00:00:00,,False,Active,,True,False,False,1161.77,False
2736,MCH5250,Virk-Nadkarni,5999.0,Misc Retail,Partnership,Pune,Maharashtra,2023-07-16 00:00:00,,False,Suspended,759.43,False,True,False,1276.92,False
20,MCH5251_1,"Rana, Chandra and Tank",4131.0,Transportation,Partnership,Mumbai,Maharashtra,,,False,Inactive,3641.26,False,False,False,1225.12,True
1204,MCH5251_2,Sehgal-Yadav,5411.0,Grocery,Sole Proprietor,Bengaluru,Karnataka,2024-11-18 00:00:00,XUHW6533831586352,True,Active,625.43,False,False,False,1233.545,True
2448,MCH5253,  Balakrishnan PLC  ,5912.0,Pharmacy,Sole Proprietor,Mumbai,Maharashtra,2025-07-23 10:23:07,3588777363,True,Active,,False,False,False,1300.55,False
5649,MCH5256,GhoshLLC,4131.0,Transportation,Individual,Chennai,Tamil Nadu,,ASNK4892862388041,True,Active,429.35,False,False,False,1225.12,False
4474,MCH5257,Kara-Sibal,4814.0,Telecom,Individual,Bengaluru,Karnataka,,WHEV2991802850485,True,Active,1601.92,False,False,False,1213.17,False
836,MCH5258,Kibe-Ramanathan,,Books & Stationery,Partnership,Delhi,Delhi,2024-08-15 00:00:00,IIKD1145736850427,True,Active,3143.33,False,False,True,1167.225,False
4962,MCH5260,"Memon, Ben and Sant",5912.0,Pharmacy,Sole Proprietor,Jalandhar,Punjab,2024-07-25 00:00:00,XXXX7324,True,Active,1467.0,False,False,False,1300.55,False
4275,MCH5261,M0dy Gr0up,5942.0,Books & Stationery,Individual,Jaipur,Rajasthan,2025-12-11 00:00:00,,False,Active,345.16,False,False,False,1167.225,False
5322,MCH5263,"Narang, Kata and Pillai",5311.0,Department Store,Private Limited,Ludhiana,Punjab,2024-12-08 00:00:00,,False,Active,,False,False,False,1356.755,False
4326,MCH5265_1,"Jain, Jaggi and Gara",5699.0,Apparel,Individual,Jaipur,Rajasthan,2023-10-05 00:00:00,XXXX8547,True,Active,617.01,False,False,False,1252.4299999999998,True
4549,MCH5265_2,Natt-Munshi,5411.0,Grocery,Private Limited,Pune,Maharashtra,2024-07-22 00:00:00,4213217107,True,Active,2606.12,False,False,False,1233.545,True
1111,MCH5267,"Chandra, Som and Grewal",4131.0,Transportation,Individual,Hyderabad,Telangana,2025-11-30 22:52:00,2585843766,True,Active,999.83,False,False,False,1225.12,False
5871,MCH5268,Nagy-Ravel,5999.0,Misc Retail,Sole Proprietor,Kolkata,West Bengal,2025-10-23 00:00:00,AMOJ0905717120034,True,Suspended,4125.6,False,True,False,1276.92,False
932,MCH5269_1,"Lala, Raval and Sahni",5942.0,Books & Stationery,Partnership,Jalandhar,Punjab,2024-10-21 00:00:00,1738664466,True,Active,873.0,False,False,False,1167.225,True
1150,MCH5269_2,  Swaminathan-Barman  ,,Books & Stationery,Sole Proprietor,Pune,Maharashtra,2024-05-04 00:00:00,ZNGO2188869689395,True,Active,526.0,False,False,True,1167.225,True
1557,MCH5270,"  Kannan, Goda and Kade  ",7011.0,Hotel,Individual,Lucknow,Uttar Pradesh,2023-10-13 12:44:32,,False,Inactive,469.0,False,False,False,1161.77,False
2377,MCH5271,Choudhary-Chaudhry,5812.0,Restaurant,Partnership,Ludhiana,Punjab,2025-11-30 00:00:00,1480455412,True,Active,,True,False,False,1327.31,False
5278,MCH5274_1,"Nair, Dave and Hayre",4131.0,Travel,Individual,Bengaluru,Karnataka,2023-04-08 00:00:00,AJZR1927630901873,True,Active,598.65,False,False,False,1012.28,True
4858,MCH5274_2,Thakur and Sons,4814.0,Telecom,Sole Proprietor,Chennai,Tamil Nadu,2025-04-21 09:59:18,,False,Active,983.36,False,False,False,1213.17,True
2708,MCH5277,Kannan-Deshmukh,5942.0,Books & Stationery,Private Limited,Lucknow,Uttar Pradesh,2025-09-26 09:01:09,,False,Inactive,4638.51,False,False,False,1167.225,False
3437,MCH5278,"  Sarraf, Peri and Ratti  ",5999.0,Misc Retail,Private Limited,Kolkata,West Bengal,2025-04-27 00:00:00,,False,Active,1446.64,False,False,False,1276.92,False
5643,MCH5280,Mani-Chada,4131.0,Transportation,Sole Proprietor,Chennai,Tamil Nadu,2025-03-18 00:00:00,XXXX6717,True,Active,1112.24,False,False,False,1225.12,False
3071,MCH5281_1,Rajagopalan Ltd,7011.0,Hotel,Sole Proprietor,Bengaluru,Karnataka,2024-02-04 00:00:00,,False,Active,939.26,False,False,False,1161.77,True
3519,MCH5281_2,RAMASWAMY-BHANDARI,5411.0,Grocery,Partnership,Bengaluru,Karnataka,2023-04-04 00:00:00,,False,Active,113.91,False,False,False,1233.545,True
5483,MCH5283_1,"Ganesh, Parekh and Subramanian",5912.0,Pharmacy,Partnership,Hyderabad,Telangana,2025-03-02 00:00:00,,False,Active,307.25,False,False,False,1300.55,True
50,MCH5283_2,"  Verma, Narasimhan and Balan  ",,Pharmacy,Individual,Delhi,Delhi,2026-02-05 00:00:00,,False,Inactive,1266.0,False,False,True,1300.55,True
219,MCH5285,"Yadav, Dhawan and Bahri",5311.0,Retail,Individual,Bengaluru,Karnataka,2025-08-03 00:00:00,XXXX3759,True,Active,220.0,False,False,False,1126.42,False
3170,MCH5287_1,Dhillon Inc,5812.0,Restaurant,Partnership,Chennai,Tamil Nadu,2025-05-25 09:00:23,0377274505,True,Active,,False,False,False,1327.31,True
1860,MCH5287_2,Sachdeva PLC,4131.0,Travel,Partnership,Hyderabad,Telangana,2024-02-06 00:00:00,XXXX8293,True,Active,823.34,False,False,False,1012.28,True
1112,MCH5288,"THAMAN, MUNI AND OM",5999.0,Misc Retail,Sole Proprietor,Pune,Maharashtra,2023-07-08 00:00:00,7391241084,True,Active,1015.84,False,False,False,1276.92,False
1837,MCH5292_1,Nori-Dugal,5999.0,Misc Retail,Sole Proprietor,Pune,Maharashtra,,DLCF1511984552623,True,Inactive,542.0,False,False,False,1276.92,True
5947,MCH5292_2,Shankar-Dhawan,5411.0,Grocery,Individual,Delhi,Delhi,,XXXX7847,True,Active,,False,False,False,1233.545,True
5824,MCH5293_1,Palla-Dhar,4131.0,Travel,Private Limited,Bengaluru,Karnataka,2024-12-07 00:00:00,DZXI0061252359392,True,Suspended,1936.57,False,True,False,1012.28,True
1214,MCH5293_2,PINGLE PLC,5999.0,Misc Retail,Individual,Delhi,Delhi,2023-03-09 16:02:00,XXXX2228,True,Active,1088.29,False,False,False,1276.92,True
3660,MCH5293_3,Varma Inc,,Transportation,Individual,Bengaluru,Karnataka,2025-12-26 00:00:00,LBEZ4327128100737,True,Active,,True,False,True,1225.12,True
4222,MCH5294,Bhakta Group,4814.0,Telecom,Private Limited,Jaipur,Rajasthan,2023-12-27 00:00:00,XXXX2441,True,Active,765.13,False,False,False,1213.17,False
2600,MCH5295,"Goda, Prashad and Narain",,Pharmacy,Individual,Lucknow,Uttar Pradesh,2024-10-27 00:00:00,,False,Active,888.39,False,False,True,1300.55,False
4654,MCH5298,  Keer and Sons  ,5999.0,Misc Retail,Partnership,Bengaluru,Karnataka,,,False,Inactive,600.45,False,False,False,1276.92,False
1173,MCH5303,walla inc,5311.0,Department Store,Private Limited,Chennai,Tamil Nadu,,,False,Active,1019.0,False,False,False,1356.755,False
4067,MCH5305,taneja inc,7011.0,Hotel,Sole Proprietor,Chennai,Tamil Nadu,2024-06-01 00:00:00,XXXX9718,True,Active,1731.48,False,False,False,1161.77,False
4449,MCH5307,"Balan, Varughese and Dave",5812.0,Restaurant,Partnership,Pune,Maharashtra,,SMCN8377573336751,True,Active,204.07,False,False,False,1327.31,False
2021,MCH5308,Shukla-Trivedi,,Restaurant,Individual,Jaipur,Rajasthan,2025-06-11 00:00:00,7037226511,True,Active,,False,False,True,1327.31,False
1892,MCH5312,Choudhary Inc,5411.0,Grocery,Partnership,Kolkata,West Bengal,2023-07-27 00:00:00,,False,Active,1438.2,False,False,False,1233.545,False
657,MCH5316_1,Madan Ltd,5311.0,Department Store,Individual,Kolkata,West Bengal,2023-05-11 17:42:55,,False,Active,706.61,False,False,False,1356.755,True
4077,MCH5316_2,"Mand, Banerjee and Bhandari",5699.0,Apparel,Private Limited,Chennai,Tamil Nadu,,MZUJ8841043737441,True,Active,1934.84,False,False,False,1252.4299999999998,True
5714,MCH5317,Seth PLC,7011.0,Hotel,Sole Proprietor,Bengaluru,Karnataka,2023-03-01 07:27:37,,False,Active,2738.46,False,False,False,1161.77,False
4670,MCH5320,Ramaswamy-Sarma,4814.0,Mobile Recharge,Sole Proprietor,Hyderabad,Telangana,2025-11-02 02:58:00,9234288178,True,Active,750.06,False,False,False,1108.585,False
5563,MCH5321,Maharaj Ltd,5912.0,Pharmacy,Sole Proprietor,Mumbai,Maharashtra,2024-08-29 00:00:00,9534555078,True,Inactive,,True,False,False,1300.55,False
2170,MCH5322,Parsa LLC,5912.0,Pharmacy,Individual,Jalandhar,Punjab,2023-03-26 00:00:00,XXXX3422,True,Active,2329.55,False,False,False,1300.55,False
183,MCH5328_1,Dhaliwal Inc,5812.0,Restaurant,Private Limited,Kolkata,West Bengal,2025-04-19 00:00:00,,False,Active,375.06,False,False,False,1327.31,True
5259,MCH5328_2,Kaur Group,5699.0,Apparel,Partnership,Lucknow,Uttar Pradesh,2025-04-07 20:09:14,,False,Active,1594.0,False,False,False,1252.4299999999998,True
3489,MCH5333,  Rajagopal-Agate  ,4814.0,Telecom,Sole Proprietor,Amritsar,Punjab,,,False,Inactive,15510.71,False,False,False,1213.17,False
2601,MCH5335_1,Daya1-Gera,,Hotel,Partnership,Delhi,Delhi,,,False,Active,699.3,False,False,True,1161.77,True
2723,MCH5335_2,shroff and sons,5311.0,Department Store,Sole Proprietor,Chennai,Tamil Nadu,,XXXX4486,True,Inactive,1166.0,False,False,False,1356.755,True
4615,MCH5339,"vaidya, hari and mistry",5999.0,Misc Retail,Individual,Delhi,Delhi,2024-08-07 00:00:00,5298779846,True,Active,514.42,False,False,False,1276.92,False
5183,MCH5343,Sangha-Pillay,5411.0,Grocery,Individual,Lucknow,Uttar Pradesh,,4912596257,True,Inactive,1724.67,False,False,False,1233.545,False
959,MCH5354_1,  Datta-Vala  ,5812.0,Restaurant,Partnership,Ludhiana,Punjab,2023-02-16 01:25:53,XXXX9615,True,Active,2213.0,False,False,False,1327.31,True
91,MCH5354_2,Khatri-De0,5942.0,Books & Stationery,Partnership,Jalandhar,Punjab,,WCZU4810286661084,True,Active,,False,False,False,1167.225,True
4824,MCH5355,"Sundaram, Gara and Bajwa",5812.0,Restaurant,Sole Proprietor,Kolkata,West Bengal,2023-08-03 00:00:00,,False,Active,3350.71,False,False,False,1327.31,False
4516,MCH5356_1,  Rege LLC  ,5411.0,Grocery,Sole Proprietor,Ludhiana,Punjab,2024-10-02 00:00:00,,False,Inactive,917.24,False,False,False,1233.545,True
80,MCH5356_2,"Solanki, Kala and Loke",4814.0,Mobile Recharge,Partnership,Hyderabad,Telangana,2023-01-03 00:00:00,TUAH3044152488223,True,Active,,True,False,False,1108.585,True
3246,MCH5360,pillai and sons,5912.0,Pharmacy,Individual,Lucknow,Uttar Pradesh,2025-05-07 04:59:14,,False,Active,745.28,False,False,False,1300.55,False
4119,MCH5361,"Baria,SantandMunshi",5942.0,Books & Stationery,Private Limited,Delhi,Delhi,2025-02-01 00:00:00,XXXX6510,True,Active,,True,False,False,1167.225,False
4610,MCH5362_1,"Date, Gandhi and Bath",5942.0,Books & Stationery,Partnership,Delhi,Delhi,2023-03-27 14:31:00,XXXX8502,True,Active,,False,False,False,1167.225,True
218,MCH5362_2,"kunda, tiwari and nagi",5912.0,Pharmacy,Private Limited,Jaipur,Rajasthan,2024-08-09 20:44:38,,False,Inactive,1922.99,False,False,False,1300.55,True
351,MCH5366,Bali Ltd,5311.0,Department Store,Private Limited,Lucknow,Uttar Pradesh,2024-02-25 00:00:00,XXXX6307,True,Inactive,1551.58,False,False,False,1356.755,False
3448,MCH5367_1,REDDY-CHAKRABORTY,5699.0,Apparel,Sole Proprietor,Mumbai,Maharashtra,2025-03-01 03:24:42,WHOV7357855523116,True,Active,1679.09,False,False,False,1252.4299999999998,True
4179,MCH5367_2,Varughese-Kala,5942.0,Books & Stationery,Sole Proprietor,Ludhiana,Punjab,2024-09-24 20:00:00,,False,Active,1142.44,False,False,False,1167.225,True
689,MCH5370_1,Lala LLC,5311.0,Department Store,Individual,Delhi,Delhi,2025-05-07 03:36:09,,False,Active,1448.94,False,False,False,1356.755,True
1588,MCH5370_2,Shenoy Ltd,5912.0,Pharmacy,Private Limited,Hyderabad,Telangana,2023-06-26 00:00:00,XXXX5771,True,Active,1465.66,False,False,False,1300.55,True
3861,MCH5371,Tailor Ltd,,Department Store,Sole Proprietor,Jalandhar,Punjab,2024-10-08 00:00:00,3819002392,True,Active,2851.53,False,False,True,1356.755,False
664,MCH5375,"Zacharia, Krishnamurthy and Talwar",5699.0,Apparel,Individual,Pune,Maharashtra,2023-02-04 11:37:21,6686840480,True,Active,,True,False,False,1252.4299999999998,False
4545,MCH5376,"Narayanan, Palla and Tripathi",4814.0,Mobile Recharge,Sole Proprietor,Ludhiana,Punjab,2025-08-14 00:00:00,IUFK0088105725528,True,Active,2169.37,False,False,False,1108.585,False
4244,MCH5378_1,biswas-seshadri,,Grocery,Sole Proprietor,Kolkata,West Bengal,2025-11-05 00:00:00,,False,Active,815.52,False,False,True,1233.545,True
1166,MCH5378_2,Chaudhari Inc,7011.0,Hotel,Individual,Bengaluru,Karnataka,2023-12-12 00:00:00,XXXX0207,True,Active,,False,False,False,1161.77,True
1440,MCH5381,Jaggi and Sons,5311.0,Department Store,Private Limited,Delhi,Delhi,2025-06-11 00:00:00,,False,Active,550.97,False,False,False,1356.755,False
2376,MCH5383,ray-dara,7011.0,Hotel,Private Limited,Delhi,Delhi,2025-04-11 00:00:00,8306637821,True,Active,2541.0,False,False,False,1161.77,False
6017,MCH5384,  Sibal Inc  ,5411.0,Grocery,Private Limited,Jaipur,Rajasthan,,,False,Active,951.53,False,False,False,1233.545,False
1544,MCH5386,"Hari, Handa and Madan",4814.0,Mobile Recharge,Private Limited,Bengaluru,Karnataka,2023-09-27 00:00:00,,False,Active,682.57,False,False,False,1108.585,False
3277,MCH5387_1,Hayre-Chaudry,5699.0,Apparel,Sole Proprietor,Amritsar,Punjab,2023-06-11 00:00:00,XXXX7071,True,Active,1445.17,False,False,False,1252.4299999999998,True
2205,MCH5387_2,Khatri Group,7011.0,Hotel,Sole Proprietor,Delhi,Delhi,2025-10-06 12:45:13,6200633333,True,Active,1172.0,False,False,False,1161.77,True
3974,MCH5388,Mann-Oza,5942.0,Books & Stationery,Private Limited,Hyderabad,Telangana,,,False,Active,1696.0,False,False,False,1167.225,False
876,MCH5389,sem llc,4131.0,Transportation,Partnership,Jaipur,Rajasthan,2024-06-16 06:06:18,XXXX3272,True,Active,342.38,False,False,False,1225.12,False
3936,MCH5390_1,bajwa group,5942.0,Books & Stationery,Sole Proprietor,Jaipur,Rajasthan,,XXXX7220,True,Active,2643.0,False,False,False,1167.225,True
1600,MCH5390_2,"Choudhry, Dube and Morar",,Transportation,Partnership,Ludhiana,Punjab,2024-08-26 00:00:00,,False,Active,420.78,False,False,True,1225.12,True
3963,MCH5390_3,Pall-Vig,4131.0,Transportation,Private Limited,Amritsar,Punjab,2024-02-18 13:47:07,9048380759,True,Active,6624.25,False,False,False,1225.12,True
4900,MCH5391,Nagi-Pandya,5411.0,Grocery,Partnership,Kolkata,West Bengal,2025-12-24 00:00:00,,False,Suspended,1471.0,False,True,False,1233.545,False
57,MCH5395,"Dada, Jani and Kaul",5942.0,Books & Stationery,Partnership,Chennai,Tamil Nadu,2025-03-06 00:00:00,,False,Active,,True,False,False,1167.225,False
2350,MCH5396,MANDA-SETH,4131.0,Transportation,Sole Proprietor,Delhi,Delhi,2023-01-11 00:00:00,,False,Active,439.03,False,False,False,1225.12,False
5945,MCH5399,Agate-Wali,5999.0,Misc Retail,Private Limited,Chennai,Tamil Nadu,2025-12-26 00:00:00,,False,Active,1379.64,False,False,False,1276.92,False
4378,MCH5401_1,Dave PLC,5311.0,Department Store,Partnership,Mumbai,Maharashtra,2023-06-03 00:00:00,,False,Active,3231.0,False,False,False,1356.755,True
388,MCH5401_2,"Sama, Ar0ra and Mem0n",,Books & Stationery,Private Limited,Kolkata,West Bengal,2023-07-23 00:00:00,,False,Active,,True,False,True,1167.225,True
2581,MCH5402,"MANDAL, CHADA AND DESHPANDE",5411.0,Grocery,Sole Proprietor,Delhi,Delhi,2025-08-11 00:00:00,,False,Suspended,,True,True,False,1233.545,False
2667,MCH5404,Cherian Group,7011.0,Hotel,Sole Proprietor,Pune,Maharashtra,2025-04-05 21:50:56,DZIB4073572435126,True,Active,1440.0,False,False,False,1161.77,False
170,MCH5405,  Balan-Sabharwal  ,5812.0,Restaurant,Individual,Bengaluru,Karnataka,2023-04-07 06:56:55,,False,Active,2280.95,False,False,False,1327.31,False
3205,MCH5408_1,"Mani, Reddy and Shah",4814.0,Telecom,Partnership,Mumbai,Maharashtra,2025-03-02 16:18:24,,False,Active,1405.07,False,False,False,1213.17,True
3193,MCH5408_2,"Setty, Mangal and Dhar",5411.0,Grocery,Individual,Mumbai,Maharashtra,2026-01-31 00:00:00,XXXX4132,True,Active,1231.49,False,False,False,1233.545,True
5791,MCH5409,Buch Inc,5699.0,Apparel,Sole Proprietor,Amritsar,Punjab,2023-04-03 00:10:00,VIYX5305249313484,True,Active,922.0,False,False,False,1252.4299999999998,False
1175,MCH5410,Ganesh LLC,7011.0,Hotel,Partnership,Delhi,Delhi,2023-01-13 16:09:00,,False,Active,1114.19,False,False,False,1161.77,False
2826,MCH5411,Kale Inc,5411.0,Grocery,Partnership,Pune,Maharashtra,2024-06-21 06:11:57,,False,Active,708.0,False,False,False,1233.545,False
3746,MCH5413,"K0shy, Batra and K0h1i",5311.0,Department Store,Sole Proprietor,Lucknow,Uttar Pradesh,2023-09-04 00:00:00,,False,Active,608.0,False,False,False,1356.755,False
2467,MCH5414,bhandari ltd,7011.0,Hotel,Private Limited,Delhi,Delhi,2025-03-26 00:00:00,VQLO7234241275182,True,Active,155.88,False,False,False,1161.77,False
5112,MCH5416_1,Upadhyay LLC,5942.0,Books & Stationery,Individual,Chennai,Tamil Nadu,2024-07-24 00:00:00,XXXX2133,True,Active,,False,False,False,1167.225,True
6026,MCH5416_2,Yadav LLC,4131.0,Transportation,Private Limited,Jalandhar,Punjab,,,False,Active,898.37,False,False,False,1225.12,True
4540,MCH5420,Sahni-Ghosh,7011.0,Hotel,Sole Proprietor,Kolkata,West Bengal,2025-09-26 21:42:00,1296057901,True,Active,1993.6,False,False,False,1161.77,False
4640,MCH5422,sawhney llc,,Apparel,Sole Proprietor,Kolkata,West Bengal,2024-08-08 00:00:00,MLTB5743748396701,True,Active,866.35,False,False,True,1252.4299999999998,False
3585,MCH5423,"Chanda, Mallick and Butala",5311.0,Department Store,Sole Proprietor,Jaipur,Rajasthan,2024-08-25 00:00:00,XXXX3345,True,Active,458.56,False,False,False,1356.755,False
895,MCH5425,"Bora, Kibe and Yadav",4814.0,Telecom,Individual,Delhi,Delhi,,3599725292,True,Suspended,810.1,False,True,False,1213.17,False
5155,MCH5426,"DORA, SEHGAL AND CHOUDHURY",4131.0,Transportation,Individual,Delhi,Delhi,2025-11-14 00:00:00,6432706759,True,Active,598.49,False,False,False,1225.12,False
3088,MCH5430,THAKKAR AND SONS,5699.0,Apparel,Private Limited,Amritsar,Punjab,2023-01-19 00:00:00,,False,Inactive,4264.84,False,False,False,1252.4299999999998,False
1997,MCH5433,Subramanian PLC,5699.0,Apparel,Partnership,Ludhiana,Punjab,2024-07-06 19:30:00,XXXX5051,True,Active,673.68,False,False,False,1252.4299999999998,False
762,MCH5438,"Krishna, Vohra and Ghose",5912.0,Pharmacy,Sole Proprietor,Chennai,Tamil Nadu,2023-11-12 12:58:00,XXXX0401,True,Active,1326.9,False,False,False,1300.55,False
6131,MCH5441,Sur Group,5411.0,Grocery,Private Limited,Ludhiana,Punjab,2023-02-08 00:00:00,UQUC6317470493069,True,Active,1094.34,False,False,False,1233.545,False
1515,MCH5442_1,"ray, bajaj and shetty",5411.0,Grocery,Individual,Pune,Maharashtra,2024-01-11 11:03:00,9826997670,True,Active,448.9,False,False,False,1233.545,True
1506,MCH5442_2,Sarkar-Prabhu,5311.0,Department Store,Private Limited,Ludhiana,Punjab,2023-12-19 20:53:00,,False,Active,3121.0,False,False,False,1356.755,True
353,MCH5443,LOYAL-NARASIMHAN,7011.0,Hotel,Individual,Kolkata,West Bengal,2023-09-12 04:07:04,VCRF1570737200411,True,Active,1593.65,False,False,False,1161.77,False
2369,MCH5444,PRADHAN-NAIR,5999.0,Misc Retail,Sole Proprietor,Lucknow,Uttar Pradesh,2024-07-27 00:00:00,7036093641,True,Active,372.0,False,False,False,1276.92,False
5884,MCH5445,Ganesan Ltd,5311.0,Retail,Partnership,Delhi,Delhi,2025-10-19 00:00:00,BVDS4788304098373,True,Active,2186.0,False,False,False,1126.42,False
454,MCH5447_1,Chhabra-Bajaj,,Grocery,Sole Proprietor,Hyderabad,Telangana,2025-04-08 02:41:21,3031826064,True,Active,363.53,False,False,True,1233.545,True
2082,MCH5447_2,Ram-Shetty,,Hotel,Partnership,Bengaluru,Karnataka,2023-03-11 00:00:00,,False,Active,,True,False,True,1161.77,True
5472,MCH5448,"Bala, Sha and Bera",5311.0,Department Store,Private Limited,Bengaluru,Karnataka,2025-08-12 00:00:00,,False,Active,523.59,False,False,False,1356.755,False
2893,MCH5450,"Karnik, Karan and Boase",,Books & Stationery,Partnership,Kolkata,West Bengal,2024-09-09 00:00:00,,False,Active,852.07,False,False,True,1167.225,False
1937,MCH5451,Divan LLC,5411.0,Grocery,Partnership,Jaipur,Rajasthan,2025-05-14 00:00:00,,False,Active,2492.35,False,False,False,1233.545,False
857,MCH5457,  Deol PLC  ,5942.0,Books & Stationery,Sole Proprietor,Jaipur,Rajasthan,2024-12-30 13:09:01,XXXX0292,True,Active,1085.1,False,False,False,1167.225,False
1279,MCH5458,"Korpal, Venkatesh and Choudhary",7011.0,Hotel,Individual,Jaipur,Rajasthan,2024-03-17 02:49:02,,False,Active,,False,False,False,1161.77,False
3236,MCH5459,Sachdev Ltd,5699.0,Apparel,Sole Proprietor,Bengaluru,Karnataka,,HQPJ1613148200279,True,Inactive,1804.28,False,False,False,1252.4299999999998,False
4126,MCH5465,"KEER, GILL AND TANK",4814.0,Telecom,Individual,Jaipur,Rajasthan,2023-10-23 00:00:00,WBGT3042878113023,True,Active,3170.0,False,False,False,1213.17,False
2830,MCH5467,"Kurian, Anne and Borra",4814.0,Mobile Recharge,Individual,Ludhiana,Punjab,2024-05-17 00:00:00,3367286055,True,Active,940.0,False,False,False,1108.585,False
1302,MCH5472,Dua Group,5942.0,Books & Stationery,Private Limited,Ludhiana,Punjab,2024-09-23 00:00:00,2328427852,True,Active,778.0,False,False,False,1167.225,False
3305,MCH5476,Buch Group,,Pharmacy,Private Limited,Delhi,Delhi,2024-03-08 00:00:00,,False,Active,1311.87,False,False,True,1300.55,False
5717,MCH5477_1,CHOPRA INC,5411.0,Grocery,Individual,Ludhiana,Punjab,2025-01-14 15:06:24,HOQQ9340168679590,True,Active,878.29,False,False,False,1233.545,True
1947,MCH5477_2,Mahajan Ltd,5699.0,Apparel,Individual,Bengaluru,Karnataka,2025-09-01 00:00:00,CBRP2025489889025,True,Active,3690.89,False,False,False,1252.4299999999998,True
526,MCH5478,"Prashad, Tripathi and Bala",4814.0,Telecom,Private Limited,Jaipur,Rajasthan,2024-06-14 00:00:00,XXXX3083,True,Active,3789.33,False,False,False,1213.17,False
2339,MCH5479,"Mukherjee, Nazareth and Palla",5812.0,Restaurant,Sole Proprietor,Ludhiana,Punjab,2024-02-19 00:00:00,XXXX2442,True,Active,,False,False,False,1327.31,False
5215,MCH5482_1,"Baral, Tak and Rajan",5812.0,Restaurant,Individual,Kolkata,West Bengal,2025-06-23 15:48:14,XXXX1905,True,Inactive,710.53,False,False,False,1327.31,True
2289,MCH5482_2,"tiwari, jain and hayer",4131.0,Transportation,Sole Proprietor,Chennai,Tamil Nadu,,7104632186,True,Active,249.86,False,False,False,1225.12,True
987,MCH5483,Khare Inc,5311.0,Retail,Sole Proprietor,Jalandhar,Punjab,2025-04-28 14:52:17,5460112584,True,Active,827.39,False,False,False,1126.42,False
3604,MCH5484,Vasa PLC,7011.0,Hotel,Individual,Lucknow,Uttar Pradesh,2023-06-01 00:00:00,KFFT4078081558704,True,Active,,False,False,False,1161.77,False
1488,MCH5488_1,Chaudry-Garde,5411.0,Grocery,Individual,Kolkata,West Bengal,2023-03-31 00:00:00,,False,Active,405.0,False,False,False,1233.545,True
1964,MCH5488_2,Pradhan-Nagy,4814.0,Telecom,Private Limited,Lucknow,Uttar Pradesh,,,False,Active,1893.0,False,False,False,1213.17,True
2305,MCH5489,NATH LTD,5311.0,Department Store,Individual,Jaipur,Rajasthan,2025-01-22 00:00:00,XXXX9871,True,Active,3788.36,False,False,False,1356.755,False
3393,MCH5490,"Bahl, Kakar and Dara",5699.0,Apparel,Individual,Hyderabad,Telangana,2025-12-28 00:00:00,JQDE2976951081698,True,Active,1917.65,False,False,False,1252.4299999999998,False
1913,MCH5493_1,"Choudhury, Nayak and Hayer",,Apparel,Individual,Jalandhar,Punjab,,CMBW9456641489708,True,Active,954.13,False,False,True,1252.4299999999998,True
5397,MCH5493_2,KANT-BHANDARI,7011.0,Hotel,Individual,Chennai,Tamil Nadu,,,False,Active,2521.07,False,False,False,1161.77,True
3922,MCH5493_3,ROY GROUP,5812.0,Restaurant,Partnership,Lucknow,Uttar Pradesh,2024-05-11 12:32:56,8876014777,True,Active,,False,False,False,1327.31,True
5097,MCH5494_1,Bhavsar-Jhaveri,5912.0,Pharmacy,Individual,Ludhiana,Punjab,2023-05-23 00:00:00,SVWM6177755227439,True,Active,325.0,False,False,False,1300.55,True
2825,MCH5494_2,palan-bhatnagar,4814.0,Mobile Recharge,Private Limited,Kolkata,West Bengal,2024-02-10 09:53:00,2710953349,True,Active,720.88,False,False,False,1108.585,True
1255,MCH5494_3,raja ltd,5942.0,Books & Stationery,Partnership,Ludhiana,Punjab,2025-07-19 00:00:00,XXXX2189,True,Active,209.91,False,False,False,1167.225,True
4118,MCH5496_1,  Bhagat and Sons  ,5912.0,Pharmacy,Partnership,Lucknow,Uttar Pradesh,2024-08-13 00:00:00,DOMQ3055982121356,True,Active,,True,False,False,1300.55,True
4479,MCH5496_2,Dar PLC,5912.0,Pharmacy,Sole Proprietor,Jalandhar,Punjab,2023-01-03 00:43:00,,False,Active,374.06,False,False,False,1300.55,True
3774,MCH5497_1,Dayal and Sons,5999.0,Misc Retail,Private Limited,Delhi,Delhi,2024-04-28 22:58:00,XXXX0595,True,Active,1767.24,False,False,False,1276.92,True
5532,MCH5497_2,Devan Ltd,5912.0,Pharmacy,Partnership,Kolkata,West Bengal,2023-11-20 00:00:00,,False,Active,266.7,False,False,False,1300.55,True
209,MCH5498,"Gera, Narayan and Sankaran",5311.0,Department Store,Partnership,Kolkata,West Bengal,2025-11-10 00:00:00,8296349363,True,Active,849.49,False,False,False,1356.755,False
2525,MCH5500,"Dubey, Tandon and Batta",4814.0,Telecom,Sole Proprietor,Lucknow,Uttar Pradesh,2024-06-06 00:00:00,8963304371,True,Active,2211.38,False,False,False,1213.17,False
3935,MCH5502_1,Dutta and Sons,5311.0,Department Store,Partnership,Kolkata,West Bengal,2025-04-08 00:00:00,5772238249,True,Active,,True,False,False,1356.755,True
3644,MCH5502_2,KAUL-NAYAR,5912.0,Pharmacy,Sole Proprietor,Chennai,Tamil Nadu,2024-10-18 20:35:14,0267393457,True,Active,716.0,False,False,False,1300.55,True
1975,MCH5503,Suri Ltd,4131.0,Transportation,Private Limited,Kolkata,West Bengal,2024-08-30 18:32:00,,False,Active,2446.68,False,False,False,1225.12,False
5745,MCH5505_1,Korpal Inc,4814.0,Telecom,Individual,Mumbai,Maharashtra,2025-05-05 00:00:00,,False,Active,1908.25,False,False,False,1213.17,True
4151,MCH5505_2,Shan-Cherian,5311.0,Department Store,Individual,Delhi,Delhi,2023-08-19 00:00:00,,False,Active,3177.98,False,False,False,1356.755,True
5204,MCH5505_3,Wagle Ltd,4131.0,Transportation,Partnership,Lucknow,Uttar Pradesh,2025-01-06 00:00:00,,False,Inactive,318.93,False,False,False,1225.12,True
4206,MCH5511,"Pandya, Dugar and Dube",5999.0,Misc Retail,Individual,Delhi,Delhi,2025-09-02 08:12:00,,False,Active,997.89,False,False,False,1276.92,False
3266,MCH5516,Muni LLC,5699.0,Apparel,Individual,Kolkata,West Bengal,2025-11-17 13:15:12,,False,Active,1139.0,False,False,False,1252.4299999999998,False
3603,MCH5518_1,Bhalla-Chaudhuri,5812.0,Restaurant,Individual,Lucknow,Uttar Pradesh,2025-04-19 00:00:00,,False,Active,1038.42,False,False,False,1327.31,True
1136,MCH5518_2,Mannan Inc,5999.0,Misc Retail,Partnership,Hyderabad,Telangana,2024-03-28 22:25:18,,False,Active,1107.87,False,False,False,1276.92,True
1015,MCH5523,Behl Inc,5699.0,Apparel,Individual,Lucknow,Uttar Pradesh,2025-06-15 00:02:44,GIRV9312114208892,True,Active,2946.06,False,False,False,1252.4299999999998,False
3064,MCH5524,"Mangat, Sanghvi and Shah",5942.0,Books & Stationery,Partnership,Jalandhar,Punjab,2024-09-30 00:00:00,XXXX2255,True,Active,6188.2,False,False,False,1167.225,False
5711,MCH5525,Nagy and Sons,7011.0,Hotel,Partnership,Bengaluru,Karnataka,2026-01-29 04:09:00,EFCT6045045841970,True,Active,1141.1,False,False,False,1161.77,False
2201,MCH5528,"Bhagat, Sathe and Iyengar",5411.0,Grocery,Sole Proprietor,Pune,Maharashtra,2026-02-13 11:24:00,,False,Active,668.43,False,False,False,1233.545,False
4025,MCH5529,"  Ganguly, Mukherjee and Boase  ",,Grocery,Private Limited,Chennai,Tamil Nadu,2025-04-01 00:00:00,EMNT5419387001495,True,Active,879.0,False,False,True,1233.545,False
2394,MCH5531,"Dhingra, Sangha and Sidhu",5411.0,Grocery,Partnership,Mumbai,Maharashtra,2025-04-25 00:00:00,0878189587,True,Inactive,,True,False,False,1233.545,False
2374,MCH5538,Barad-Nigam,,Telecom,Partnership,Pune,Maharashtra,2025-01-10 00:00:00,,False,Active,2223.97,False,False,True,1213.17,False
2212,MCH5541,Sheth and Sons,5812.0,Restaurant,Individual,Bengaluru,Karnataka,2024-07-13 09:55:59,,False,Active,548.54,False,False,False,1327.31,False
2996,MCH5545,  Parikh-Raja  ,5942.0,Books & Stationery,Sole Proprietor,Lucknow,Uttar Pradesh,2023-06-04 00:00:00,,False,Active,1144.37,False,False,False,1167.225,False
1254,MCH5546_1,B0rde Inc,5311.0,Retail,Individual,Ludhiana,Punjab,2024-09-27 00:00:00,JPIE0555435223526,True,Active,1430.97,False,False,False,1126.42,True
3553,MCH5546_2,"Brar, Rajan and Bhat",4814.0,Mobile Recharge,Private Limited,Bengaluru,Karnataka,2024-10-16 00:00:00,,False,Active,843.23,False,False,False,1108.585,True
751,MCH5547_1,Chander-Menon,,Pharmacy,Partnership,Pune,Maharashtra,2024-03-02 00:00:00,,False,Suspended,1421.71,False,True,True,1300.55,True
5602,MCH5547_2,RAJU GROUP,5411.0,Grocery,Partnership,Bengaluru,Karnataka,2025-04-15 00:00:00,,False,Active,915.94,False,False,False,1233.545,True
360,MCH5549,Bahri Ltd,5812.0,Restaurant,Partnership,Chennai,Tamil Nadu,2023-10-06 00:00:00,XXXX0036,True,Active,1045.04,False,False,False,1327.31,False
2478,MCH5551,Narain-Goda,5699.0,Apparel,Private Limited,Mumbai,Maharashtra,2026-01-09 00:00:00,,False,Active,817.05,False,False,False,1252.4299999999998,False
891,MCH5553_1,Salvi-Contractor,5411.0,Grocery,Individual,Kolkata,West Bengal,2024-03-21 00:00:00,,False,Active,3894.89,False,False,False,1233.545,True
752,MCH5553_2,Sarna and Sons,5812.0,Restaurant,Private Limited,Mumbai,Maharashtra,2023-06-07 02:21:12,XXXX7273,True,Inactive,,True,False,False,1327.31,True
2534,MCH5555_1,"Banerjee, Kurian and Tara",4814.0,Telecom,Sole Proprietor,Jalandhar,Punjab,2025-05-21 00:00:00,,False,Active,,False,False,False,1213.17,True
2792,MCH5555_2,Prabhu Ltd,4131.0,Transportation,Private Limited,Bengaluru,Karnataka,2024-12-16 00:00:00,,False,Active,1663.56,False,False,False,1225.12,True
1190,MCH5556,  Pau-Kale  ,5912.0,Pharmacy,Private Limited,Mumbai,Maharashtra,2023-10-31 04:23:01,FLTM9160494360696,True,Active,513.95,False,False,False,1300.55,False
3709,MCH5558,"Rao, Sidhu and Barad",7011.0,Hotel,Partnership,Amritsar,Punjab,2024-09-14 00:00:00,,False,Active,626.0,False,False,False,1161.77,False
588,MCH5559_1,"GANGULY, BAKSHI AND CHOPRA",,Apparel,Individual,Jalandhar,Punjab,2023-11-14 13:22:00,,False,Inactive,,False,False,True,1252.4299999999998,True
3671,MCH5559_2,Grewal-Mohanty,5999.0,Misc Retail,Private Limited,Jalandhar,Punjab,2024-04-23 00:00:00,,False,Active,1466.58,False,False,False,1276.92,True
2660,MCH5559_3,Kata Ltd,7011.0,Hotel,Sole Proprietor,Ludhiana,Punjab,,XXXX7757,True,Active,,False,False,False,1161.77,True
522,MCH5559_4,Muni-Raval,5411.0,Grocery,Private Limited,Jalandhar,Punjab,2026-01-21 00:00:00,,False,Active,723.26,False,False,False,1233.545,True
3978,MCH5560,"D’Alia, Dasgupta and Chakrabarti",4131.0,Transportation,Sole Proprietor,Jalandhar,Punjab,2023-02-09 00:00:00,,False,Inactive,1247.75,False,False,False,1225.12,False
3163,MCH5562,Savant-Narayan,4131.0,Travel,Private Limited,Hyderabad,Telangana,2025-11-18 00:00:00,1333760731,True,Active,2799.21,False,False,False,1012.28,False
42,MCH5563,"Dubey, Wali and Yadav",,Apparel,Sole Proprietor,Kolkata,West Bengal,2024-01-28 00:00:00,5163059320,True,Active,2198.0,False,False,True,1252.4299999999998,False
3587,MCH5565,Chatterjee and Sons,5411.0,Grocery,Sole Proprietor,Pune,Maharashtra,2025-12-11 00:00:00,NMWT6772454974745,True,Active,1083.09,False,False,False,1233.545,False
6206,MCH5567_1,"Apte, Sanghvi and Varkey",5812.0,Restaurant,Partnership,Chennai,Tamil Nadu,2023-06-05 00:00:00,XXXX9947,True,Inactive,2121.0,False,False,False,1327.31,True
2591,MCH5567_2,D’Alia Ltd,7011.0,Hotel,Individual,Bengaluru,Karnataka,2025-09-09 00:00:00,XXXX2596,True,Active,271.02,False,False,False,1161.77,True
1782,MCH5567_3,"Kibe, Halder and Saraf",5912.0,Pharmacy,Sole Proprietor,Bengaluru,Karnataka,2023-01-28 02:44:29,IXRG4736294294938,True,Active,1983.35,False,False,False,1300.55,True
1470,MCH5569,"Thaman, Kar and Dass",5999.0,Misc Retail,Sole Proprietor,Mumbai,Maharashtra,2026-01-27 00:00:00,3302815921,True,Inactive,3592.34,False,False,False,1276.92,False
182,MCH5570,"Sahni, Bala and Sharma",5999.0,Misc Retail,Individual,Delhi,Delhi,2025-11-28 06:01:37,,False,Suspended,1506.33,False,True,False,1276.92,False
3792,MCH5573_1,"GUHA, DAYAL AND MUTTI",5411.0,Grocery,Sole Proprietor,Chennai,Tamil Nadu,,XXXX9546,True,Active,2684.58,False,False,False,1233.545,True
821,MCH5573_2,Vora-Natarajan,4814.0,Mobile Recharge,Individual,Delhi,Delhi,,,False,Inactive,2579.11,False,False,False,1108.585,True
45,MCH5575,  Sandal LLC  ,5411.0,Grocery,Partnership,Chennai,Tamil Nadu,2024-02-13 00:00:00,XXXX5528,True,Active,5255.72,False,False,False,1233.545,False
1567,MCH5576,oza plc,4131.0,Transportation,Sole Proprietor,Bengaluru,Karnataka,2024-07-27 00:00:00,XXXX6114,True,Active,,False,False,False,1225.12,False
4720,MCH5580,Chatterjee-Andra,4131.0,Travel,Private Limited,Lucknow,Uttar Pradesh,2026-01-01 00:00:00,2440958731,True,Active,512.38,False,False,False,1012.28,False
5172,MCH5583,"Sama, Thaman and Bakshi",4814.0,Mobile Recharge,Individual,Pune,Maharashtra,2023-07-21 01:11:03,XXXX8722,True,Active,2696.94,False,False,False,1108.585,False
3735,MCH5586,Andra-Sha,5699.0,Apparel,Private Limited,Amritsar,Punjab,2023-07-03 00:00:00,4565854983,True,Suspended,,True,True,False,1252.4299999999998,False
1810,MCH5587_1,"Parmar,BobalandBatra",5912.0,Pharmacy,Private Limited,Bengaluru,Karnataka,2024-06-25 00:00:00,,False,Active,996.25,False,False,False,1300.55,True
5583,MCH5587_2,Pau-Gour,5812.0,Restaurant,Private Limited,Pune,Maharashtra,2025-10-13 20:14:02,AIKN3298712438615,True,Active,246.08,False,False,False,1327.31,True
3826,MCH5587_3,"Rama, Bail and Garde",5812.0,Restaurant,Sole Proprietor,Jaipur,Rajasthan,2024-11-26 10:05:00,,False,Inactive,3401.0,False,False,False,1327.31,True
2375,MCH5588,Divan-Yohannan,4131.0,Transportation,Individual,Hyderabad,Telangana,,,False,Active,203.0,False,False,False,1225.12,False
4184,MCH5590,"Bhandari, M0re and Bhatti",4131.0,Travel,Partnership,Pune,Maharashtra,2024-10-07 00:00:00,CXPI7064872826114,True,Closed,2034.57,False,False,False,1012.28,False
1760,MCH5594_1,ANNE LTD,4814.0,Mobile Recharge,Private Limited,Hyderabad,Telangana,2024-03-16 00:00:00,7934234539,True,Active,1557.37,False,False,False,1108.585,True
2763,MCH5594_2,Savant-Bhargava,5411.0,Grocery,Sole Proprietor,Bengaluru,Karnataka,2025-01-19 00:00:00,1080833717,True,Suspended,1235.6,False,True,False,1233.545,True
2663,MCH5595,"Menon, Ahluwalia and Mistry",7011.0,Hotel,Sole Proprietor,Jaipur,Rajasthan,2026-02-10 09:42:44,,False,Active,376.55,False,False,False,1161.77,False
5778,MCH5596,Biswas Group,5311.0,Retail,Partnership,Bengaluru,Karnataka,2024-12-02 00:00:00,MQQQ6004896266330,True,Suspended,,True,True,False,1126.42,False
3912,MCH5597,"Shankar, Pandey and Sridhar",5812.0,Restaurant,Private Limited,Lucknow,Uttar Pradesh,,,False,Active,380.65,False,False,False,1327.31,False
4747,MCH5598,"Thakur, Verma and Venkataraman",5912.0,Pharmacy,Individual,Jalandhar,Punjab,2023-09-13 00:00:00,,False,Active,2948.79,False,False,False,1300.55,False
1715,MCH5599,Peri-Bhatti,5942.0,Books & Stationery,Individual,Mumbai,Maharashtra,2023-06-06 05:11:00,,False,Active,8103.17,False,False,False,1167.225,False
2260,MCH5601,Raj-Gopal,7011.0,Hotel,Private Limited,Jalandhar,Punjab,2024-05-17 22:26:00,6301334461,True,Active,,False,False,False,1161.77,False
3742,MCH5602,Kaul PLC,5411.0,Grocery,Private Limited,Hyderabad,Telangana,2023-05-17 00:00:00,2312889197,True,Inactive,469.06,False,False,False,1233.545,False
1471,MCH5603,Saha-Sahota,,Restaurant,Partnership,Mumbai,Maharashtra,2025-09-12 13:03:44,XXXX8202,True,Active,1242.85,False,False,True,1327.31,False
2400,MCH5606_1,"Hayer, Mukherjee and Kohli",5812.0,Restaurant,Partnership,Kolkata,West Bengal,2023-06-16 00:00:00,,False,Active,1765.0,False,False,False,1327.31,True
5025,MCH5606_2,Sunder Inc,,Hotel,Partnership,Ludhiana,Punjab,2023-06-25 00:00:00,TYTS3020219689289,True,Active,965.69,False,False,True,1161.77,True
5194,MCH5607_1,Ba1a and S0ns,,Transportation,Individual,Delhi,Delhi,2023-07-24 00:00:00,,False,Active,2712.11,False,False,True,1225.12,True
4259,MCH5607_2,Sengupta-Murty,5942.0,Books & Stationery,Sole Proprietor,Delhi,Delhi,2023-10-05 00:00:00,GVNH6755841589954,True,Active,2739.15,False,False,False,1167.225,True
392,MCH5608,raman-behl,5812.0,Restaurant,Individual,Amritsar,Punjab,2023-10-05 00:00:00,,False,Active,251.88,False,False,False,1327.31,False
2991,MCH5611_1,"Bawa, Grewal and Chakrabarti",5311.0,Department Store,Partnership,Mumbai,Maharashtra,,,False,Active,764.0,False,False,False,1356.755,True
6178,MCH5611_2,Walia-Lad,7011.0,Hotel,Partnership,Lucknow,Uttar Pradesh,2025-01-07 06:56:00,XXXX6019,True,Active,269.25,False,False,False,1161.77,True
5113,MCH5618_1,Biswas and Sons,5912.0,Pharmacy,Partnership,Delhi,Delhi,2024-03-04 21:03:00,XXXX7039,True,Active,833.5,False,False,False,1300.55,True
5834,MCH5618_2,Mital-Sandhu,5411.0,Grocery,Partnership,Pune,Maharashtra,,4978324715,True,Active,862.0,False,False,False,1233.545,True
5400,MCH5619,"Iyer, Lata and Bhatnagar",4131.0,Transportation,Partnership,Bengaluru,Karnataka,2025-07-09 00:00:00,XXXX4930,True,Active,5962.0,False,False,False,1225.12,False
6154,MCH5622_1,"Biswas, Shetty and Nazareth",5912.0,Pharmacy,Partnership,Lucknow,Uttar Pradesh,2025-11-13 00:00:00,,False,Active,1250.67,False,False,False,1300.55,True
2431,MCH5622_2,Solanki and Sons,5942.0,Books & Stationery,Individual,Bengaluru,Karnataka,2023-08-13 00:00:00,4391498742,True,Active,252.61,False,False,False,1167.225,True
556,MCH5626,"Borah, Bedi and Khalsa",7011.0,Hotel,Sole Proprietor,Hyderabad,Telangana,2026-02-25 00:00:00,,False,Inactive,1422.38,False,False,False,1161.77,False
5506,MCH5627,"SRIDHAR, YOGI AND PANCHAL",5411.0,Grocery,Sole Proprietor,Jaipur,Rajasthan,2025-09-23 00:00:00,,False,Active,483.0,False,False,False,1233.545,False
5469,MCH5629_1,Barman Ltd,4131.0,Transportation,Partnership,Delhi,Delhi,2024-10-16 20:12:00,,False,Active,1135.33,False,False,False,1225.12,True
6051,MCH5629_2,Dixit LLC,5311.0,Retail,Private Limited,Amritsar,Punjab,2023-09-16 02:35:10,OIIO2318495567735,True,Active,1084.28,False,False,False,1126.42,True
966,MCH5630,Srinivas-Doshi,7011.0,Hotel,Sole Proprietor,Amritsar,Punjab,2023-04-28 00:00:00,BCPS7283289501457,True,Closed,2338.55,False,False,False,1161.77,False
3532,MCH5631_1,"Bhattacharyya, Behl and Barad",5699.0,Apparel,Sole Proprietor,Bengaluru,Karnataka,2025-08-30 16:56:41,XXXX1656,True,Active,857.0,False,False,False,1252.4299999999998,True
3825,MCH5631_2,CHADA-BUCH,7011.0,Hotel,Sole Proprietor,Lucknow,Uttar Pradesh,2023-03-06 00:00:00,YVOF0855521464981,True,Suspended,2202.48,False,True,False,1161.77,True
94,MCH5632,  Tandon Ltd  ,5311.0,Department Store,Sole Proprietor,Bengaluru,Karnataka,2025-05-29 12:56:08,,False,Active,270.52,False,False,False,1356.755,False
2846,MCH5637_1,Desai-Sankaran,5942.0,Books & Stationery,Individual,Kolkata,West Bengal,2025-12-05 00:00:00,,False,Active,,True,False,False,1167.225,True
5762,MCH5637_2,pandit-bail,5311.0,Retail,Private Limited,Lucknow,Uttar Pradesh,2024-09-15 00:00:00,XXXX5250,True,Active,905.79,False,False,False,1126.42,True
5347,MCH5639,"Viswanathan, Gupta and Varghese",7011.0,Hotel,Sole Proprietor,Mumbai,Maharashtra,2023-09-02 00:00:00,,False,Active,2712.0,False,False,False,1161.77,False
2424,MCH5641_1,"Kant, Raju and Sandal",5999.0,Misc Retail,Partnership,Pune,Maharashtra,2025-05-30 00:00:00,XXXX4214,True,Inactive,2474.31,False,False,False,1276.92,True
3698,MCH5641_2,Thaker and Sons,4131.0,Transportation,Partnership,Chennai,Tamil Nadu,2024-02-20 00:00:00,4665430270,True,Active,1143.48,False,False,False,1225.12,True
918,MCH5642_1,Ganguly-Kalla,5912.0,Pharmacy,Private Limited,Jalandhar,Punjab,2025-11-19 00:00:00,9623880565,True,Active,,True,False,False,1300.55,True
3758,MCH5642_2,Swaminathan-Ratti,7011.0,Hotel,Sole Proprietor,Bengaluru,Karnataka,2024-09-16 00:00:00,,False,Active,1651.14,False,False,False,1161.77,True
4582,MCH5644,Prabhu-Chaudhry,5699.0,Apparel,Individual,Hyderabad,Telangana,2025-09-05 20:50:00,ZHTO8764288741052,True,Active,,True,False,False,1252.4299999999998,False
4095,MCH5645,Dey Ltd,4814.0,Telecom,Private Limited,Jalandhar,Punjab,2025-12-18 00:00:00,9437173245,True,Active,1164.31,False,False,False,1213.17,False
4136,MCH5646_1,badal-anand,4814.0,Mobile Recharge,Private Limited,Mumbai,Maharashtra,2025-05-06 23:31:00,XXXX0079,True,Active,4606.04,False,False,False,1108.585,True
5240,MCH5646_2,Luthra PLC,5942.0,Books & Stationery,Sole Proprietor,Chennai,Tamil Nadu,2024-04-06 00:00:00,,False,Active,2198.41,False,False,False,1167.225,True
1680,MCH5648_1,Jain-Bera,5912.0,Pharmacy,Sole Proprietor,Ludhiana,Punjab,,,False,Active,1745.3,False,False,False,1300.55,True
1108,MCH5648_2,Morar and Sons,7011.0,Hotel,Individual,Pune,Maharashtra,2023-08-06 00:00:00,DHOL8937164342491,True,Active,,True,False,False,1161.77,True
2441,MCH5652,"Borde, Bhasin and Dua",5411.0,Grocery,Individual,Mumbai,Maharashtra,2023-12-10 00:00:00,XXXX7597,True,Active,,True,False,False,1233.545,False
6150,MCH5656_1,Narayanan Group,4814.0,Mobile Recharge,Partnership,Lucknow,Uttar Pradesh,2023-12-11 08:59:00,SICD4237260629825,True,Active,509.12,False,False,False,1108.585,True
2325,MCH5656_2,Sen-Dube,5942.0,Books & Stationery,Partnership,Pune,Maharashtra,2024-05-03 00:00:00,XTPH3643560347441,True,Inactive,1139.41,False,False,False,1167.225,True
85,MCH5657,Natt-Goel,5999.0,Misc Retail,Individual,Delhi,Delhi,,,False,Active,1355.0,False,False,False,1276.92,False
2032,MCH5660_1,Goda-Goda,5812.0,Restaurant,Partnership,Ludhiana,Punjab,,XXXX9971,True,Active,,True,False,False,1327.31,True
5677,MCH5660_2,Sama LLC,,Apparel,Private Limited,Lucknow,Uttar Pradesh,,,False,Active,18060.85,False,False,True,1252.4299999999998,True
5763,MCH5662_1,BUCH PLC,4131.0,Travel,Partnership,Delhi,Delhi,2023-01-18 20:50:14,9769098268,True,Active,2776.96,False,False,False,1012.28,True
3063,MCH5662_2,Kannan-Yogi,4131.0,Transportation,Individual,Chennai,Tamil Nadu,2025-08-01 00:00:00,,False,Active,1393.63,False,False,False,1225.12,True
2564,MCH5663,"goyal, brahmbhatt and raja",5912.0,Pharmacy,Individual,Ludhiana,Punjab,2023-05-31 00:00:00,,False,Inactive,2417.27,False,False,False,1300.55,False
5557,MCH5664,"Om, Kari and Pandit",5812.0,Restaurant,Partnership,Hyderabad,Telangana,2024-07-15 00:00:00,7995815997,True,Inactive,6853.27,False,False,False,1327.31,False
6100,MCH5665,"Parikh, Ray and Lall",5942.0,Books & Stationery,Partnership,Jaipur,Rajasthan,2023-09-12 00:00:00,XXXX1393,True,Active,1428.0,False,False,False,1167.225,False
5386,MCH5669,"Sodhi, Luthra and Batta",5812.0,Restaurant,Private Limited,Jalandhar,Punjab,2025-10-08 07:29:30,XXXX1040,True,Active,1557.34,False,False,False,1327.31,False
1220,MCH5671,Bava-Arya,5699.0,Apparel,Private Limited,Hyderabad,Telangana,2023-11-18 22:06:00,SNRX5730951285773,True,Active,2123.47,False,False,False,1252.4299999999998,False
4897,MCH5673,Palan-Memon,4131.0,Transportation,Sole Proprietor,Delhi,Delhi,2023-09-16 00:00:00,5428187851,True,Active,414.92,False,False,False,1225.12,False
1655,MCH5674,"Chhabra, Samra and Ghosh",4131.0,Transportation,Partnership,Mumbai,Maharashtra,,,False,Active,1727.77,False,False,False,1225.12,False
4511,MCH5676_1,"BHATTI, CHAHAL AND MISHRA",5311.0,Retail,Individual,Jalandhar,Punjab,2025-07-15 05:45:20,9996182575,True,Active,744.63,False,False,False,1126.42,True
1599,MCH5676_2,Kohli-Bir,4814.0,Mobile Recharge,Private Limited,Lucknow,Uttar Pradesh,2024-04-29 20:08:00,XXXX1129,True,Active,,True,False,False,1108.585,True
6183,MCH5678_1,Bhat-Borra,5912.0,Pharmacy,Private Limited,Amritsar,Punjab,2024-06-08 00:00:00,5991796313,True,Active,677.93,False,False,False,1300.55,True
3772,MCH5678_2,Kumar and Sons,5311.0,Department Store,Private Limited,Jaipur,Rajasthan,2024-03-25 00:00:00,JJQM4342551832633,True,Active,6122.0,False,False,False,1356.755,True
5344,MCH5683_1,Chauhan-Chakraborty,5912.0,Pharmacy,Private Limited,Chennai,Tamil Nadu,2025-06-06 00:35:00,8678287299,True,Active,,False,False,False,1300.55,True
5063,MCH5683_2,"Magar, Cherian and Wable",5912.0,Pharmacy,Partnership,Amritsar,Punjab,2024-08-07 00:00:00,3259910905,True,Active,1544.64,False,False,False,1300.55,True
3900,MCH5683_3,"ramesh, bhalla and murthy",4131.0,Transportation,Private Limited,Kolkata,West Bengal,2025-12-02 00:00:00,,False,Active,3635.0,False,False,False,1225.12,True
470,MCH5683_4,subramanian group,5311.0,Department Store,Private Limited,Lucknow,Uttar Pradesh,2024-10-24 15:26:50,XUFZ9750077803623,True,Active,774.44,False,False,False,1356.755,True
5265,MCH5684_1,Arora PLC,5699.0,Apparel,Sole Proprietor,Kolkata,West Bengal,2023-11-15 16:39:00,XXXX4030,True,Active,898.89,False,False,False,1252.4299999999998,True
3993,MCH5684_2,Dua-Ghose,5311.0,Department Store,Partnership,Pune,Maharashtra,2024-07-10 04:56:00,,False,Active,465.0,False,False,False,1356.755,True
4520,MCH5687,"Prasad, Tank and Char",4131.0,Transportation,Individual,Ludhiana,Punjab,,XXXX6544,True,Active,487.38,False,False,False,1225.12,False
523,MCH5695,Divan Inc,5699.0,Apparel,Individual,Hyderabad,Telangana,2025-08-20 19:03:23,6474425874,True,Active,,False,False,False,1252.4299999999998,False
820,MCH5696,Mittal Group,5411.0,Grocery,Private Limited,Chennai,Tamil Nadu,2024-05-18 00:00:00,,False,Active,2595.13,False,False,False,1233.545,False
5075,MCH5697,"Kapadia, Sharma and Maharaj",,Misc Retail,Partnership,Pune,Maharashtra,2023-08-27 00:00:00,IHYO1132265068472,True,Active,4565.23,False,False,True,1276.92,False
4111,MCH5698,Rana Ltd,5942.0,Books & Stationery,Private Limited,Chennai,Tamil Nadu,2025-01-07 00:00:00,,False,Active,2808.27,False,False,False,1167.225,False
420,MCH5701,"Lad, Thakkar and Nazareth",4131.0,Transportation,Private Limited,Kolkata,West Bengal,,XXXX7572,True,Active,1254.73,False,False,False,1225.12,False
3454,MCH5704_1,Bhardwaj and Sons,5942.0,Books & Stationery,Sole Proprietor,Delhi,Delhi,2024-03-09 10:41:04,XXXX2621,True,Active,885.73,False,False,False,1167.225,True
3424,MCH5704_2,Biswas-Yohannan,7011.0,Hotel,Sole Proprietor,Kolkata,West Bengal,,XXXX3443,True,Active,751.57,False,False,False,1161.77,True
865,MCH5704_3,RAVEL-TALWAR,4131.0,Transportation,Sole Proprietor,Chennai,Tamil Nadu,2025-09-25 08:00:41,7574908365,True,Inactive,,True,False,False,1225.12,True
87,MCH5705_1,MUKHOPADHYAY AND SONS,5699.0,Apparel,Sole Proprietor,Jalandhar,Punjab,2025-02-25 00:00:00,,False,Active,716.31,False,False,False,1252.4299999999998,True
3726,MCH5705_2,"PALAN, BHARGAVA AND JAGGI",4131.0,Transportation,Individual,Lucknow,Uttar Pradesh,2026-02-05 00:00:00,,False,Active,1360.45,False,False,False,1225.12,True
1376,MCH5707_1,De01 Gr0up,5411.0,Grocery,Partnership,Hyderabad,Telangana,2023-09-19 00:00:00,NRWL7844875974966,True,Active,666.58,False,False,False,1233.545,True
4092,MCH5707_2,varughese-hegde,,Telecom,Private Limited,Lucknow,Uttar Pradesh,2025-07-12 22:37:37,VFHE9510842870262,True,Active,,False,False,True,1213.17,True
5494,MCH5709,shroff-mukherjee,4814.0,Telecom,Private Limited,Jaipur,Rajasthan,2024-11-10 18:13:32,FPQT8539252763493,True,Active,668.22,False,False,False,1213.17,False
3334,MCH5710,Karnik Ltd,5942.0,Books & Stationery,Partnership,Jaipur,Rajasthan,2025-12-24 00:00:00,4751773025,True,Active,2156.34,False,False,False,1167.225,False
303,MCH5712,Goda-Kashyap,5942.0,Books & Stationery,Private Limited,Amritsar,Punjab,2025-01-12 00:00:00,ILKC7960163227117,True,Active,,False,False,False,1167.225,False
5247,MCH5715,"Bansal,AryaandBhat",5912.0,Pharmacy,Private Limited,Bengaluru,Karnataka,2025-01-20 00:00:00,,False,Active,1290.0,False,False,False,1300.55,False
2244,MCH5716,nadig inc,4814.0,Mobile Recharge,Individual,Chennai,Tamil Nadu,2025-06-26 14:09:58,,False,Active,1811.84,False,False,False,1108.585,False
5177,MCH5717,"Kuruvilla, Deol and Rama",5942.0,Books & Stationery,Sole Proprietor,Jaipur,Rajasthan,2023-05-16 23:01:00,,False,Active,8901.44,False,False,False,1167.225,False
4666,MCH5720,Karnik Group,5942.0,Books & Stationery,Partnership,Amritsar,Punjab,2023-10-28 00:00:00,9007561693,True,Active,6186.34,False,False,False,1167.225,False
1845,MCH5722,Kant-Gara,7011.0,Hotel,Partnership,Lucknow,Uttar Pradesh,2024-12-16 00:00:00,3048409027,True,Active,1451.76,False,False,False,1161.77,False
3204,MCH5723,Doctor LLC,,Grocery,Private Limited,Kolkata,West Bengal,2023-04-08 00:00:00,XXXX6555,True,Active,,True,False,True,1233.545,False
3881,MCH5727,"Sandal, Deshmukh and Lata",5699.0,Apparel,Partnership,Bengaluru,Karnataka,2024-04-21 23:21:20,9631209751,True,Active,411.34,False,False,False,1252.4299999999998,False
1146,MCH5734,BALAN INC,5311.0,Department Store,Private Limited,Jalandhar,Punjab,2025-05-20 00:00:00,,False,Active,2000.53,False,False,False,1356.755,False
2037,MCH5736,Agate LLC,4131.0,Transportation,Sole Proprietor,Delhi,Delhi,2023-04-16 00:00:00,XXXX7731,True,Active,3557.14,False,False,False,1225.12,False
2099,MCH5737_1,"Barad, Majumdar and Barad",5699.0,Apparel,Private Limited,Jaipur,Rajasthan,2025-12-18 00:00:00,,False,Active,589.94,False,False,False,1252.4299999999998,True
1609,MCH5737_2,Ben Inc,5699.0,Apparel,Individual,Ludhiana,Punjab,2023-06-13 00:00:00,3336843959,True,Inactive,,True,False,False,1252.4299999999998,True
257,MCH5737_3,"Chaudhary, Raghavan and Brahmbhatt",5912.0,Pharmacy,Individual,Amritsar,Punjab,2026-02-25 00:00:00,,False,Active,1419.52,False,False,False,1300.55,True
2756,MCH5737_4,"Mangat, Parmer and Khosla",5311.0,Department Store,Sole Proprietor,Pune,Maharashtra,,ERHY5292307870912,True,Active,2850.24,False,False,False,1356.755,True
3783,MCH5740,  Dayal-Desai  ,5699.0,Apparel,Sole Proprietor,Chennai,Tamil Nadu,2025-04-10 00:00:00,,False,Active,4887.0,False,False,False,1252.4299999999998,False
4246,MCH5741_1,Rajagopalan PLC,5942.0,Books & Stationery,Individual,Hyderabad,Telangana,2025-10-29 08:07:02,2788746336,True,Inactive,1562.28,False,False,False,1167.225,True
2003,MCH5741_2,Uppal Group,,Books & Stationery,Individual,Mumbai,Maharashtra,2023-05-30 00:00:00,SZOY5586957641724,True,Active,,False,False,True,1167.225,True
3182,MCH5744,Dalal-Lall,7011.0,Hotel,Private Limited,Chennai,Tamil Nadu,2023-05-31 00:00:00,XXXX1007,True,Active,3350.6,False,False,False,1161.77,False
1162,MCH5745_1,"Bahri, Dutta and Narang",4131.0,Transportation,Individual,Bengaluru,Karnataka,2024-03-27 07:33:00,GWGG2673614762721,True,Active,955.1,False,False,False,1225.12,True
1566,MCH5745_2,"Mahal, Gokhale and Shah",5699.0,Apparel,Sole Proprietor,Lucknow,Uttar Pradesh,2023-05-04 02:35:30,XXXX1251,True,Active,1104.0,False,False,False,1252.4299999999998,True
5034,MCH5745_3,Sawhney-Apte,,Pharmacy,Private Limited,Delhi,Delhi,2025-06-04 03:56:54,6957896911,True,Active,2109.42,False,False,True,1300.55,True
4572,MCH5747,"NARASIMHAN, DOSHI AND PALL",5812.0,Restaurant,Private Limited,Kolkata,West Bengal,2025-08-05 00:00:00,XXXX9034,True,Active,4280.12,False,False,False,1327.31,False
3166,MCH5749_1,"Bir, Sibal and Arya",5942.0,Books & Stationery,Partnership,Mumbai,Maharashtra,2024-05-10 03:51:33,,False,Active,1490.24,False,False,False,1167.225,True
5359,MCH5749_2,"Chaudry, Minhas and Chatterjee",5812.0,Restaurant,Private Limited,Mumbai,Maharashtra,2024-05-09 00:00:00,,False,Active,1621.0,False,False,False,1327.31,True
4930,MCH5749_3,Master LLC,,Restaurant,Private Limited,Kolkata,West Bengal,2024-04-30 00:00:00,PVNW9033788560313,True,Active,6699.41,False,False,True,1327.31,True
1886,MCH5753_1,Handa Inc,5812.0,Restaurant,Sole Proprietor,Hyderabad,Telangana,2025-11-04 23:27:50,XXXX3053,True,Active,3518.1,False,False,False,1327.31,True
3189,MCH5753_2,"Nair, Pai and Issac",,Apparel,Individual,Mumbai,Maharashtra,2026-01-29 00:00:00,VEQN2292788694850,True,Active,1860.02,False,False,True,1252.4299999999998,True
1805,MCH5753_3,Zachariah-Rai,5812.0,Restaurant,Private Limited,Hyderabad,Telangana,2023-12-01 00:00:00,,False,Active,3163.49,False,False,False,1327.31,True
4075,MCH5758,"aggarwal, hayer and nayar",5999.0,Misc Retail,Individual,Amritsar,Punjab,2023-09-22 00:00:00,XXXX0401,True,Active,3630.79,False,False,False,1276.92,False
3668,MCH5762_1,Dyal-Loke,5812.0,Restaurant,Individual,Kolkata,West Bengal,2023-06-29 00:00:00,,False,Active,5081.8,False,False,False,1327.31,True
621,MCH5762_2,Hayre and Sons,5942.0,Books & Stationery,Sole Proprietor,Kolkata,West Bengal,2024-01-05 06:19:29,XXXX2767,True,Active,823.98,False,False,False,1167.225,True
2696,MCH5765,Murty Inc,4131.0,Transportation,Partnership,Mumbai,Maharashtra,2025-07-18 00:00:00,,False,Active,2715.83,False,False,False,1225.12,False
1491,MCH5766,Varkey-Datta,4814.0,Telecom,Private Limited,Mumbai,Maharashtra,2024-02-18 00:00:00,,False,Active,,True,False,False,1213.17,False
582,MCH5767,pandya inc,4814.0,Telecom,Individual,Jaipur,Rajasthan,2024-01-09 00:00:00,6172553008,True,Active,793.79,False,False,False,1213.17,False
1082,MCH5768_1,brar inc,5812.0,Restaurant,Sole Proprietor,Hyderabad,Telangana,2023-04-04 00:00:00,PTPO3474925086916,True,Active,1354.3,False,False,False,1327.31,True
4269,MCH5768_2,Minhas Gr0up,,Telecom,Sole Proprietor,Hyderabad,Telangana,2023-09-08 00:00:00,BVES3790408976679,True,Active,1396.68,False,False,True,1213.17,True
5776,MCH5770,kari llc,5912.0,Pharmacy,Private Limited,Hyderabad,Telangana,2025-01-29 10:38:17,,False,Active,573.41,False,False,False,1300.55,False
3750,MCH5775_1,  Aurora-Dhillon  ,4131.0,Travel,Individual,Bengaluru,Karnataka,2024-01-15 00:58:00,,False,Inactive,470.32,False,False,False,1012.28,True
2359,MCH5775_2,SRINIVAS LTD,5311.0,Department Store,Individual,Kolkata,West Bengal,2025-11-01 10:50:11,AIEV2153769743983,True,Active,7152.05,False,False,False,1356.755,True
3476,MCH5776_1,Date-Mangat,7011.0,Hotel,Private Limited,Ludhiana,Punjab,2025-01-15 00:00:00,,False,Active,,True,False,False,1161.77,True
693,MCH5776_2,Varma-Bahri,5699.0,Apparel,Individual,Mumbai,Maharashtra,2025-04-10 00:00:00,0509545143,True,Inactive,807.85,False,False,False,1252.4299999999998,True
2494,MCH5777,Dubey and Sons,5999.0,Misc Retail,Individual,Bengaluru,Karnataka,2025-01-12 19:34:00,,False,Inactive,4320.83,False,False,False,1276.92,False
936,MCH5780_1,"Kumar, Bedi and Borah",5942.0,Books & Stationery,Individual,Bengaluru,Karnataka,2025-12-01 18:36:00,,False,Inactive,845.88,False,False,False,1167.225,True
2022,MCH5780_2,Oak-Mody,5999.0,Misc Retail,Partnership,Pune,Maharashtra,2023-02-07 00:00:00,XXXX4121,True,Inactive,,False,False,False,1276.92,True
1707,MCH5780_3,  Tara-Palan  ,5699.0,Apparel,Individual,Bengaluru,Karnataka,2024-01-11 00:00:00,,False,Active,1736.15,False,False,False,1252.4299999999998,True
2687,MCH5781,Bava and Sons,7011.0,Hotel,Partnership,Hyderabad,Telangana,2024-03-24 09:56:13,,False,Active,2364.14,False,False,False,1161.77,False
3976,MCH5784,"Kakar, Palla and Vyas",5699.0,Apparel,Private Limited,Jalandhar,Punjab,2024-06-01 22:17:58,,False,Active,220.77,False,False,False,1252.4299999999998,False
1781,MCH5785,Vohra Inc,5699.0,Apparel,Partnership,Mumbai,Maharashtra,2023-06-25 00:00:00,6460565959,True,Active,1694.59,False,False,False,1252.4299999999998,False
2103,MCH5786,"Bhasin, Manda1 and Tank",4131.0,Transportation,Individual,Kolkata,West Bengal,2025-08-02 00:00:00,2599782072,True,Inactive,1913.26,False,False,False,1225.12,False
898,MCH5787,Bassi Inc,7011.0,Hotel,Sole Proprietor,Mumbai,Maharashtra,2025-06-24 00:00:00,XXXX0298,True,Active,555.97,False,False,False,1161.77,False
4193,MCH5790,  Devi and Sons  ,5942.0,Books & Stationery,Partnership,Jaipur,Rajasthan,2024-06-03 01:35:36,LANA4621044039956,True,Active,8961.2,False,False,False,1167.225,False
5560,MCH5792,"bava, krish and ghose",4131.0,Transportation,Partnership,Amritsar,Punjab,2024-07-09 00:00:00,0878817279,True,Inactive,1136.54,False,False,False,1225.12,False
248,MCH5793_1,Hayre and Sons,4131.0,Transportation,Individual,Amritsar,Punjab,2023-10-23 00:00:00,XXXX4734,True,Active,2411.65,False,False,False,1225.12,True
1161,MCH5793_2,  Pathak Group  ,4131.0,Transportation,Individual,Mumbai,Maharashtra,2025-04-27 00:00:00,5675595225,True,Active,1570.7,False,False,False,1225.12,True
2434,MCH5794,Gulati and Sons,5999.0,Misc Retail,Private Limited,Bengaluru,Karnataka,2024-07-18 15:31:05,,False,Active,614.67,False,False,False,1276.92,False
2113,MCH5795,"Sunder, Bera and Srinivas",7011.0,Hotel,Private Limited,Kolkata,West Bengal,2023-05-19 17:04:00,,False,Active,167.0,False,False,False,1161.77,False
5041,MCH5797_1,Bhatt Ltd,5942.0,Books & Stationery,Individual,Chennai,Tamil Nadu,,XXXX5629,True,Active,1641.0,False,False,False,1167.225,True
5592,MCH5797_2,Sami Ltd,5942.0,Books & Stationery,Individual,Jalandhar,Punjab,2024-03-05 15:38:56,YJXP8191139167716,True,Active,651.76,False,False,False,1167.225,True
4174,MCH5798,DIVAN-MAHAL,5812.0,Restaurant,Individual,Jaipur,Rajasthan,2023-02-19 00:00:00,1492699438,True,Active,110.98,False,False,False,1327.31,False
729,MCH5799_1,Nagar Inc,7011.0,Hotel,Private Limited,Jalandhar,Punjab,2026-02-16 00:00:00,RWJB2008792112548,True,Active,209.08,False,False,False,1161.77,True
4487,MCH5799_2,"Sankaran, Kadakia and Banerjee",7011.0,Hotel,Partnership,Amritsar,Punjab,2026-01-26 00:00:00,,False,Active,1412.02,False,False,False,1161.77,True
1866,MCH5801,"Narasimhan, Grewal and Vora",4131.0,Transportation,Private Limited,Delhi,Delhi,2023-08-08 00:00:00,,False,Active,1697.55,False,False,False,1225.12,False
5121,MCH5805,natarajan-walla,4131.0,Transportation,Partnership,Ludhiana,Punjab,2025-06-03 12:56:57,XXXX1704,True,Active,449.15,False,False,False,1225.12,False
3336,MCH5807,  Madan Ltd  ,5311.0,Department Store,Sole Proprietor,Jalandhar,Punjab,2023-11-06 00:00:00,XXXX1600,True,Active,1974.14,False,False,False,1356.755,False
5825,MCH5809_1,Buch PLC,4131.0,Transportation,Individual,Bengaluru,Karnataka,2025-01-22 00:00:00,,False,Active,461.99,False,False,False,1225.12,True
4651,MCH5809_2,Virk-Peri,5942.0,Books & Stationery,Individual,Jaipur,Rajasthan,2023-07-25 09:05:00,7094756781,True,Inactive,1513.53,False,False,False,1167.225,True
5360,MCH5812,aurora and sons,7011.0,Hotel,Sole Proprietor,Hyderabad,Telangana,2024-03-03 00:00:00,7984668048,True,Active,410.12,False,False,False,1161.77,False
3075,MCH5813,Nair Inc,4814.0,Mobile Recharge,Sole Proprietor,Chennai,Tamil Nadu,,,False,Active,1408.29,False,False,False,1108.585,False
5305,MCH5822,Gandhi-Krish,5311.0,Retail,Sole Proprietor,Bengaluru,Karnataka,2023-02-10 00:00:00,7874103727,True,Active,1268.39,False,False,False,1126.42,False
5280,MCH5823_1,GARDE LLC,5311.0,Department Store,Sole Proprietor,Bengaluru,Karnataka,2023-03-15 00:00:00,XXXX1484,True,Inactive,1075.77,False,False,False,1356.755,True
2504,MCH5823_2,Sen LLC,4814.0,Mobile Recharge,Sole Proprietor,Pune,Maharashtra,2024-08-30 01:05:00,,False,Active,7119.48,False,False,False,1108.585,True
3651,MCH5825,Bhardwaj-Sachdeva,5942.0,Books & Stationery,Partnership,Bengaluru,Karnataka,2024-05-17 00:03:40,,False,Active,,True,False,False,1167.225,False
717,MCH5829_1,BATTA LTD,5812.0,Restaurant,Sole Proprietor,Jalandhar,Punjab,2024-11-07 00:00:00,SFSR8195478520780,True,Suspended,690.13,False,True,False,1327.31,True
3376,MCH5829_2,Mall LLC,5699.0,Apparel,Sole Proprietor,Chennai,Tamil Nadu,2023-07-12 00:00:00,,False,Active,,True,False,False,1252.4299999999998,True
4302,MCH5831,KIBE INC,4814.0,Telecom,Sole Proprietor,Ludhiana,Punjab,2024-01-21 16:49:33,,False,Active,2267.19,False,False,False,1213.17,False
3724,MCH5833,Deep and Sons,5411.0,Grocery,Partnership,Jaipur,Rajasthan,2024-04-04 00:00:00,,False,Active,4335.22,False,False,False,1233.545,False
2784,MCH5834,Sundaram-Sarkar,5812.0,Restaurant,Partnership,Hyderabad,Telangana,2025-07-27 00:00:00,XXXX6821,True,Active,1502.09,False,False,False,1327.31,False
6186,MCH5835,"  Kanda, Saraf and Prashad  ",5699.0,Apparel,Sole Proprietor,Jalandhar,Punjab,2023-03-06 00:00:00,,False,Active,622.64,False,False,False,1252.4299999999998,False
385,MCH5841,Nori Group,5912.0,Pharmacy,Sole Proprietor,Mumbai,Maharashtra,2023-11-01 06:18:00,,False,Active,466.44,False,False,False,1300.55,False
423,MCH5842,"Dutt, Trivedi and Dhingra",5942.0,Books & Stationery,Partnership,Amritsar,Punjab,2024-01-21 11:32:28,XXXX5651,True,Active,182.55,False,False,False,1167.225,False
5794,MCH5843,Wason and Sons,4814.0,Mobile Recharge,Individual,Hyderabad,Telangana,2023-05-30 00:00:00,,False,Inactive,1023.46,False,False,False,1108.585,False
1494,MCH5845_1,Buch PLC,5311.0,Retail,Sole Proprietor,Ludhiana,Punjab,2025-09-25 00:00:00,8892986940,True,Active,1603.87,False,False,False,1126.42,True
5214,MCH5845_2,kara group,5999.0,Misc Retail,Private Limited,Amritsar,Punjab,2023-12-31 03:38:30,XXXX0508,True,Active,1557.96,False,False,False,1276.92,True
5731,MCH5847_1,  Andra-Tata  ,5699.0,Apparel,Private Limited,Jaipur,Rajasthan,2023-01-02 11:44:45,,False,Active,693.92,False,False,False,1252.4299999999998,True
2491,MCH5847_2,"Kar, Gupta and Choudhry",7011.0,Hotel,Sole Proprietor,Kolkata,West Bengal,2023-05-20 00:00:00,8964900216,True,Active,,True,False,False,1161.77,True
4943,MCH5849,Balakrishnan Ltd,5699.0,Apparel,Private Limited,Lucknow,Uttar Pradesh,2025-04-06 00:00:00,,False,Active,6558.56,False,False,False,1252.4299999999998,False
1673,MCH5850,Virk-Loke,5699.0,Apparel,Partnership,Mumbai,Maharashtra,,QOYF2667573006038,True,Active,3558.0,False,False,False,1252.4299999999998,False
2111,MCH5851_1,"Chakrabarti, Sen and Misra",5411.0,Grocery,Sole Proprietor,Pune,Maharashtra,2026-02-15 14:58:09,XXXX3366,True,Active,1867.35,False,False,False,1233.545,True
3500,MCH5851_2,"Dugar, Shanker and Bedi",,Misc Retail,Sole Proprietor,Pune,Maharashtra,2024-07-24 00:00:00,,False,Active,,True,False,True,1276.92,True
5806,MCH5851_3,Sani Ltd,5999.0,Misc Retail,Partnership,Jaipur,Rajasthan,2023-02-06 00:00:00,5213441540,True,Active,1306.04,False,False,False,1276.92,True
2175,MCH5855,"Rajagopalan,MuniandPrasad",,Apparel,Partnership,Jalandhar,Punjab,2023-09-08 00:00:00,,False,Active,115.41,False,False,True,1252.4299999999998,False
1194,MCH5856,"WASON, SAVANT AND BAHL",,Misc Retail,Individual,Mumbai,Maharashtra,2026-02-11 00:00:00,,False,Active,944.06,False,False,True,1276.92,False
3529,MCH5857,"VARUGHESE, VORA AND CHOKSHI",4814.0,Telecom,Individual,Lucknow,Uttar Pradesh,2025-11-21 00:00:00,,False,Inactive,687.33,False,False,False,1213.17,False
5823,MCH5861,MANNE-CHATTERJEE,5812.0,Restaurant,Sole Proprietor,Delhi,Delhi,2024-10-28 00:00:00,,False,Active,174.45,False,False,False,1327.31,False
1553,MCH5870,Deol Group,4131.0,Transportation,Sole Proprietor,Chennai,Tamil Nadu,2023-02-04 21:18:00,,False,Inactive,1911.31,False,False,False,1225.12,False
4096,MCH5872_1,KaleLLC,4131.0,Transportation,Partnership,Bengaluru,Karnataka,,,False,Active,1429.88,False,False,False,1225.12,True
2128,MCH5872_2,  Sandal Ltd  ,5411.0,Grocery,Private Limited,Bengaluru,Karnataka,,,False,Active,2434.63,False,False,False,1233.545,True
2928,MCH5873,"  Kade, Srivastava and Iyengar  ",5999.0,Misc Retail,Partnership,Lucknow,Uttar Pradesh,2023-10-06 00:00:00,,False,Active,3185.85,False,False,False,1276.92,False
5584,MCH5874_1,Mann-Ma11ick,7011.0,Hotel,Partnership,Delhi,Delhi,2023-11-29 00:00:00,7898379818,True,Active,1160.0,False,False,False,1161.77,True
3057,MCH5874_2,pandya plc,7011.0,Hotel,Partnership,Hyderabad,Telangana,,XXXX1960,True,Suspended,,True,True,False,1161.77,True
3674,MCH5874_3,Pathak Group,4814.0,Telecom,Individual,Jalandhar,Punjab,2025-03-16 00:00:00,,False,Inactive,814.38,False,False,False,1213.17,True
214,MCH5879,"Sridhar, Sani and Ma11",4814.0,Mobile Recharge,Individual,Hyderabad,Telangana,2025-12-30 20:57:31,XXXX4907,True,Active,,True,False,False,1108.585,False
796,MCH5880,"Varty, Ratta and Venkataraman",5699.0,Apparel,Sole Proprietor,Amritsar,Punjab,2023-06-11 00:00:00,0620802937,True,Active,1913.84,False,False,False,1252.4299999999998,False
658,MCH5881_1,"  Bandi, Krishnamurthy and Saran  ",5411.0,Grocery,Partnership,Amritsar,Punjab,2025-12-13 00:00:00,XXXX6576,True,Active,345.76,False,False,False,1233.545,True
4758,MCH5881_2,  Baria-Keer  ,4131.0,Transportation,Private Limited,Jaipur,Rajasthan,2026-02-09 03:41:16,,False,Closed,2633.32,False,False,False,1225.12,True
2371,MCH5881_3,Sengupta-Bhat,,Pharmacy,Sole Proprietor,Kolkata,West Bengal,2025-12-16 22:30:53,XXXX8685,True,Active,1381.95,False,False,True,1300.55,True
187,MCH5882,"Barad, Kara and Gokhale",,Mobile Recharge,Sole Proprietor,Chennai,Tamil Nadu,2024-09-25 00:00:00,8200004171,True,Inactive,626.5,False,False,True,1108.585,False
5451,MCH5883,Pillai Ltd,,Books & Stationery,Partnership,Pune,Maharashtra,2024-10-18 00:00:00,ELEN4323090043469,True,Active,2102.56,False,False,True,1167.225,False
1100,MCH5884,Raman and Sons,4131.0,Transportation,Individual,Chennai,Tamil Nadu,,1966210053,True,Active,743.19,False,False,False,1225.12,False
5335,MCH5890,Apte-Sant,5311.0,Department Store,Partnership,Amritsar,Punjab,2026-01-27 00:00:00,BNKX3894227656030,True,Inactive,2687.77,False,False,False,1356.755,False
1456,MCH5892_1,"Dara, Goswami and Purohit",5812.0,Restaurant,Individual,Bengaluru,Karnataka,2025-02-21 11:15:43,,False,Active,1175.0,False,False,False,1327.31,True
452,MCH5892_2,  Mangat-Dutta  ,,Books & Stationery,Sole Proprietor,Jaipur,Rajasthan,2023-10-08 00:00:00,3873887194,True,Inactive,2243.17,False,False,True,1167.225,True
2586,MCH5894,Borra-Tiwari,5311.0,Retail,Partnership,Bengaluru,Karnataka,2025-05-24 19:29:00,,False,Active,239.64,False,False,False,1126.42,False
4948,MCH5895,Dey LLC,4131.0,Travel,Individual,Chennai,Tamil Nadu,2024-08-05 00:00:00,,False,Active,693.85,False,False,False,1012.28,False
1127,MCH5896,Kale Group,5942.0,Books & Stationery,Individual,Hyderabad,Telangana,2023-07-21 00:00:00,3922466271,True,Active,533.74,False,False,False,1167.225,False
2952,MCH5897,Mutti-Doshi,5912.0,Pharmacy,Private Limited,Amritsar,Punjab,2026-01-06 00:00:00,,False,Active,1302.0,False,False,False,1300.55,False
4137,MCH5898_1,"Dalal, Bhavsar and Taneja",5999.0,Misc Retail,Private Limited,Kolkata,West Bengal,2025-05-19 00:00:00,,False,Active,2660.29,False,False,False,1276.92,True
1767,MCH5898_2,  Virk-Mani  ,5699.0,Apparel,Partnership,Delhi,Delhi,2025-08-23 00:00:00,1987474945,True,Active,2502.05,False,False,False,1252.4299999999998,True
1768,MCH5900,Sarraf-Nagar,5912.0,Pharmacy,Sole Proprietor,Kolkata,West Bengal,2024-03-23 06:41:25,0859371893,True,Active,380.94,False,False,False,1300.55,False
1445,MCH5902,"Iyer, Pal and Kaur",5311.0,Department Store,Private Limited,Pune,Maharashtra,2024-08-14 00:00:00,,False,Active,441.19,False,False,False,1356.755,False
4371,MCH5904,Karan Ltd,5699.0,Apparel,Sole Proprietor,Bengaluru,Karnataka,2023-11-29 00:00:00,,False,Active,1441.0,False,False,False,1252.4299999999998,False
1608,MCH5905_1,"Hayer, Char and Jain",5999.0,Misc Retail,Private Limited,Pune,Maharashtra,2025-03-01 00:00:00,,False,Active,2191.84,False,False,False,1276.92,True
1879,MCH5905_2,KARNIK LTD,5812.0,Restaurant,Individual,Pune,Maharashtra,2026-02-05 00:00:00,XXXX6996,True,Active,653.53,False,False,False,1327.31,True
3771,MCH5911,Chacko-Kota,5311.0,Retail,Partnership,Hyderabad,Telangana,2023-09-07 00:00:00,,False,Active,797.25,False,False,False,1126.42,False
5465,MCH5912_1,"raman, viswanathan and garg",4814.0,Mobile Recharge,Individual,Bengaluru,Karnataka,2023-01-12 17:59:00,3092091837,True,Active,4153.0,False,False,False,1108.585,True
4250,MCH5912_2,shenoy plc,4814.0,Telecom,Individual,Bengaluru,Karnataka,2023-12-12 00:00:00,,False,Active,551.95,False,False,False,1213.17,True
4436,MCH5914_1,"Agarwal, Pant and Ravi",5311.0,Department Store,Private Limited,Hyderabad,Telangana,2023-10-23 09:35:36,XXXX4508,True,Active,,True,False,False,1356.755,True
2559,MCH5914_2,Ku1karni-Deshmukh,5699.0,Apparel,Individual,Jaipur,Rajasthan,2025-04-24 21:08:53,,False,Active,386.71,False,False,False,1252.4299999999998,True
1516,MCH5915,"Solanki, Banik and Badal",4131.0,Transportation,Individual,Jalandhar,Punjab,2024-10-22 00:00:00,XXXX8472,True,Active,1488.9,False,False,False,1225.12,False
827,MCH5917,"TARA, BHASIN AND SINGH",5912.0,Pharmacy,Sole Proprietor,Pune,Maharashtra,2023-08-26 00:00:00,6037353463,True,Suspended,443.4,False,True,False,1300.55,False
3714,MCH5918,bora-rege,5699.0,Apparel,Partnership,Pune,Maharashtra,2024-09-23 00:00:00,USII8978521648386,True,Active,,True,False,False,1252.4299999999998,False
609,MCH5921,Saraf-Saraf,7011.0,Hotel,Individual,Jaipur,Rajasthan,2025-05-31 15:14:51,XXXX9547,True,Inactive,352.95,False,False,False,1161.77,False
210,MCH5923,"  Banik, Yogi and Seth  ",4814.0,Mobile Recharge,Individual,Delhi,Delhi,,CKTY3945451387681,True,Inactive,378.2,False,False,False,1108.585,False
4253,MCH5924,Chana-Thaman,4814.0,Mobile Recharge,Sole Proprietor,Delhi,Delhi,2025-09-27 23:42:15,XXXX2862,True,Active,1054.56,False,False,False,1108.585,False
243,MCH5927,"Hayer, Palla and Ganesh",5699.0,Apparel,Private Limited,Lucknow,Uttar Pradesh,2024-06-16 00:00:00,,False,Active,3764.09,False,False,False,1252.4299999999998,False
4805,MCH5929_1,Chaudry-Pal,7011.0,Hotel,Private Limited,Chennai,Tamil Nadu,2024-11-12 00:00:00,RXEM4030982599966,True,Active,705.57,False,False,False,1161.77,True
5927,MCH5929_2,"Natt, Iyengar and Desai",5699.0,Apparel,Sole Proprietor,Delhi,Delhi,2024-02-21 00:00:00,VDBK0710307689723,True,Active,1050.02,False,False,False,1252.4299999999998,True
5716,MCH5932,Jani-Sathe,4814.0,Telecom,Partnership,Ludhiana,Punjab,2024-10-09 04:03:57,,False,Inactive,2383.64,False,False,False,1213.17,False
5523,MCH5933,"natarajan, swaminathan and dugar",5999.0,Misc Retail,Partnership,Kolkata,West Bengal,2025-09-26 20:35:00,XXXX6381,True,Active,,True,False,False,1276.92,False
3796,MCH5934_1,"bandi, devi and gulati",4131.0,Transportation,Individual,Chennai,Tamil Nadu,2023-08-08 00:06:00,,False,Active,306.36,False,False,False,1225.12,True
3284,MCH5934_2,Halder LLC,7011.0,Hotel,Private Limited,Amritsar,Punjab,2023-03-22 00:00:00,CBWB3662425285759,True,Active,1201.69,False,False,False,1161.77,True
4368,MCH5934_3,Krish-Doshi,4131.0,Transportation,Individual,Jaipur,Rajasthan,2024-02-24 03:10:41,2184684980,True,Active,2895.4,False,False,False,1225.12,True
3923,MCH5937,"Babu, Contractor and Sem",5411.0,Grocery,Private Limited,Hyderabad,Telangana,2023-01-04 00:00:00,,False,Inactive,415.88,False,False,False,1233.545,False
1622,MCH5938_1,Prabhu LLC,5999.0,Misc Retail,Sole Proprietor,Jalandhar,Punjab,2024-10-16 00:00:00,,False,Active,590.79,False,False,False,1276.92,True
1820,MCH5938_2,RAMA-PANDEY,4131.0,Transportation,Individual,Jaipur,Rajasthan,2024-02-12 12:51:22,,False,Active,712.0,False,False,False,1225.12,True
5080,MCH5939,"mohan, varughese and johal",5411.0,Grocery,Partnership,Bengaluru,Karnataka,2024-12-20 00:00:00,XXXX0991,True,Active,4307.34,False,False,False,1233.545,False
2915,MCH5941,G0ur Ltd,5942.0,Books & Stationery,Private Limited,Lucknow,Uttar Pradesh,2023-04-30 00:00:00,XXXX2222,True,Inactive,1448.04,False,False,False,1167.225,False
790,MCH5944_1,Arya Inc,5699.0,Apparel,Partnership,Jaipur,Rajasthan,2025-03-31 04:07:17,,False,Active,394.63,False,False,False,1252.4299999999998,True
6199,MCH5944_2,Dave-Bal,4131.0,Transportation,Private Limited,Mumbai,Maharashtra,2024-12-18 00:00:00,ETMK1453170948286,True,Active,,True,False,False,1225.12,True
376,MCH5944_3,Jayaraman-Bhattacharyya,4131.0,Transportation,Private Limited,Hyderabad,Telangana,2023-09-04 00:00:00,BTLX3994335719192,True,Active,545.7,False,False,False,1225.12,True
116,MCH5950_1,Dey-Raj,5999.0,Misc Retail,Sole Proprietor,Amritsar,Punjab,2025-11-29 00:00:00,0371217445,True,Active,,True,False,False,1276.92,True
3076,MCH5950_2,Nath-Lad,5812.0,Restaurant,Individual,Jalandhar,Punjab,2023-12-17 00:00:00,,False,Active,318.0,False,False,False,1327.31,True
3041,MCH5951,"Sahni, Gour and Sama",5311.0,Department Store,Private Limited,Pune,Maharashtra,2024-05-13 00:00:00,,False,Active,2353.06,False,False,False,1356.755,False
1697,MCH5953,"Sandhu, Srinivas and Thakur",5699.0,Apparel,Private Limited,Amritsar,Punjab,2023-10-09 19:25:00,TMUQ0408880729796,True,Active,3101.03,False,False,False,1252.4299999999998,False
4330,MCH5954,"Chand, Dora and Dey",,Restaurant,Private Limited,Chennai,Tamil Nadu,2025-08-28 14:38:01,,False,Active,1159.45,False,False,True,1327.31,False
5782,MCH5955_1,Lad-K0nda,5411.0,Grocery,Sole Proprietor,Jaipur,Rajasthan,2023-07-26 00:00:00,,False,Active,1069.21,False,False,False,1233.545,True
4623,MCH5955_2,"Rana, Mangat and De",4814.0,Mobile Recharge,Sole Proprietor,Kolkata,West Bengal,2025-02-05 00:00:00,XXXX7902,True,Active,1491.64,False,False,False,1108.585,True
1211,MCH5957,Bose PLC,5942.0,Books & Stationery,Partnership,Jaipur,Rajasthan,2023-09-22 00:00:00,,False,Inactive,1309.17,False,False,False,1167.225,False
4305,MCH5958,"panchal, krishnan and thakkar",5812.0,Restaurant,Private Limited,Chennai,Tamil Nadu,2025-06-16 00:00:00,1176480578,True,Closed,999.64,False,False,False,1327.31,False
570,MCH5959,nigam group,5942.0,Books & Stationery,Private Limited,Mumbai,Maharashtra,2025-06-14 00:00:00,TOMC3445782175803,True,Inactive,2495.0,False,False,False,1167.225,False
5796,MCH5961,Batra Ltd,5812.0,Restaurant,Individual,Jalandhar,Punjab,2024-05-24 00:00:00,CHMJ2049480871128,True,Active,608.0,False,False,False,1327.31,False
5053,MCH5963_1,GOYAL-SUR,5812.0,Restaurant,Private Limited,Chennai,Tamil Nadu,2025-09-14 08:31:00,XXXX6740,True,Active,3785.0,False,False,False,1327.31,True
3474,MCH5963_2,Mukhopadhyay Ltd,5999.0,Misc Retail,Partnership,Pune,Maharashtra,2023-04-09 00:00:00,XXXX5492,True,Inactive,5714.63,False,False,False,1276.92,True
3998,MCH5965,Wason LLC,4814.0,Mobile Recharge,Partnership,Hyderabad,Telangana,2025-06-03 21:59:21,,False,Active,2365.0,False,False,False,1108.585,False
6201,MCH5966,"Bala, Tandon and Keer",,Grocery,Individual,Lucknow,Uttar Pradesh,2023-02-06 00:00:00,,False,Active,255.77,False,False,True,1233.545,False
1626,MCH5968,"SOMAN, ISSAC AND GOSWAMI",5311.0,Department Store,Private Limited,Jalandhar,Punjab,2025-10-16 00:00:00,2039525092,True,Active,5598.75,False,False,False,1356.755,False
1420,MCH5970,Babu and Sons,5699.0,Apparel,Private Limited,Amritsar,Punjab,2025-01-14 00:00:00,,False,Inactive,2060.67,False,False,False,1252.4299999999998,False
5068,MCH5972_1,Mane Ltd,5942.0,Books & Stationery,Individual,Amritsar,Punjab,2024-03-06 07:02:00,XXXX0204,True,Active,644.97,False,False,False,1167.225,True
469,MCH5972_2,Parmar-Ramanathan,4814.0,Mobile Recharge,Sole Proprietor,Mumbai,Maharashtra,,,False,Inactive,3048.92,False,False,False,1108.585,True
4587,MCH5973,Biswas-Dass,5699.0,Apparel,Sole Proprietor,Lucknow,Uttar Pradesh,2025-11-25 00:00:00,XXXX1507,True,Active,,False,False,False,1252.4299999999998,False
1564,MCH5974,Padmanabhan LLC,5812.0,Restaurant,Individual,Lucknow,Uttar Pradesh,2023-03-11 10:03:46,XXXX9484,True,Active,1194.0,False,False,False,1327.31,False
3287,MCH5979,Mani Group,4131.0,Travel,Private Limited,Bengaluru,Karnataka,2024-07-15 00:00:00,,False,Suspended,4686.23,False,True,False,1012.28,False
5055,MCH5980_1,Arya LLC,7011.0,Hotel,Private Limited,Ludhiana,Punjab,,,False,Active,2432.63,False,False,False,1161.77,True
1750,MCH5980_2,MISRA-GANGULY,4131.0,Transportation,Individual,Kolkata,West Bengal,2025-08-13 00:00:00,XXXX2799,True,Active,2762.0,False,False,False,1225.12,True
4710,MCH5983,"Morar, Memon and Kala",5311.0,Department Store,Sole Proprietor,Pune,Maharashtra,2025-05-06 09:44:28,4976019828,True,Active,,True,False,False,1356.755,False
804,MCH5984,acharya-badal,5999.0,Misc Retail,Sole Proprietor,Kolkata,West Bengal,2023-01-03 00:00:00,,False,Active,515.0,False,False,False,1276.92,False
1479,MCH5992,"Anne, Gole and Bhatnagar",5912.0,Pharmacy,Private Limited,Ludhiana,Punjab,2025-12-31 00:00:00,QOVD2358529671548,True,Active,1637.97,False,False,False,1300.55,False
213,MCH5995_1,Bassi Ltd,5812.0,Restaurant,Private Limited,Lucknow,Uttar Pradesh,2024-02-01 00:00:00,XXXX5294,True,Active,2631.68,False,False,False,1327.31,True
4491,MCH5995_2,Palla Group,5812.0,Restaurant,Individual,Kolkata,West Bengal,2023-06-12 00:00:00,TCYK9099122126833,True,Active,,False,False,False,1327.31,True
1280,MCH5997,"Kothari,BasuandKothari",5912.0,Pharmacy,Sole Proprietor,Delhi,Delhi,2025-09-07 16:46:16,4059468429,True,Inactive,2459.46,False,False,False,1300.55,False
2651,MCH5998,Joshi Inc,5411.0,Grocery,Private Limited,Chennai,Tamil Nadu,2024-08-30 00:00:00,,False,Active,1152.74,False,False,False,1233.545,False
1870,MCH5999,NORI INC,5999.0,Misc Retail,Private Limited,Jalandhar,Punjab,2026-01-02 22:34:56,XXXX4498,True,Active,629.41,False,False,False,1276.92,False
1185,MCH6001,Murthy-Batra,7011.0,Hotel,Sole Proprietor,Jalandhar,Punjab,2024-08-31 00:00:00,DRAQ5734718978671,True,Active,1116.47,False,False,False,1161.77,False
4871,MCH6002_1,Bal Group,5912.0,Pharmacy,Partnership,Delhi,Delhi,2025-05-14 00:00:00,,False,Active,718.0,False,False,False,1300.55,True
5515,MCH6002_2,Ch0kshi-Kibe,5699.0,Apparel,Sole Proprietor,Pune,Maharashtra,2023-05-17 16:17:04,,False,Active,864.81,False,False,False,1252.4299999999998,True
4645,MCH6004,Raval and Sons,5812.0,Restaurant,Partnership,Bengaluru,Karnataka,2025-10-20 12:33:00,,False,Active,477.72,False,False,False,1327.31,False
1284,MCH6009,"Nagar, Chowdhury and Raghavan",,Books & Stationery,Private Limited,Pune,Maharashtra,,XXXX6864,True,Active,1266.03,False,False,True,1167.225,False
1999,MCH6010,"Tak, Sani and Jaggi",5912.0,Pharmacy,Individual,Jaipur,Rajasthan,2024-01-20 00:00:00,TXCH9949373918886,True,Active,1022.54,False,False,False,1300.55,False
649,MCH6013,Date Ltd,5699.0,Apparel,Individual,Mumbai,Maharashtra,2025-11-12 09:48:09,9831248184,True,Inactive,138.89,False,False,False,1252.4299999999998,False
287,MCH6016_1,Batta-Roy,5942.0,Books & Stationery,Private Limited,Jalandhar,Punjab,2023-07-02 00:00:00,,False,Active,3694.66,False,False,False,1167.225,True
1062,MCH6016_2,Goda Inc,,Books & Stationery,Sole Proprietor,Kolkata,West Bengal,2025-07-21 22:39:16,FWRQ5490581831729,True,Active,1254.1,False,False,True,1167.225,True
1229,MCH6017_1,Hayer Group,5812.0,Restaurant,Private Limited,Mumbai,Maharashtra,2024-11-24 00:00:00,,False,Active,,True,False,False,1327.31,True
1070,MCH6017_2,"Loyal, Sidhu and Balay",4814.0,Telecom,Sole Proprietor,Amritsar,Punjab,2025-01-08 01:30:00,,False,Inactive,985.33,False,False,False,1213.17,True
1946,MCH6019,Chatterjee Ltd,,Restaurant,Private Limited,Delhi,Delhi,2026-01-25 00:00:00,UFWO7733965180914,True,Active,100.27,False,False,True,1327.31,False
5774,MCH6020,Goda Ltd,5942.0,Books & Stationery,Sole Proprietor,Lucknow,Uttar Pradesh,2025-01-09 00:00:00,XXXX5529,True,Active,2555.72,False,False,False,1167.225,False
5970,MCH6023,DATTA PLC,5411.0,Grocery,Partnership,Ludhiana,Punjab,2026-01-27 00:00:00,6184043041,True,Active,2183.74,False,False,False,1233.545,False
5553,MCH6024_1,"Doshi, Peri and Keer",4131.0,Transportation,Partnership,Pune,Maharashtra,2025-01-01 16:46:07,,False,Active,142.5,False,False,False,1225.12,True
2461,MCH6024_2,"Saran, Sinha and Barman",5812.0,Restaurant,Sole Proprietor,Jalandhar,Punjab,2026-01-18 00:39:00,XXXX8830,True,Active,1185.95,False,False,False,1327.31,True
204,MCH6024_3,THAKKAR-KUNDA,5411.0,Grocery,Sole Proprietor,Chennai,Tamil Nadu,2025-05-14 00:00:00,,False,Active,,True,False,False,1233.545,True
5964,MCH6025_1,korpal-mutti,5812.0,Restaurant,Private Limited,Delhi,Delhi,2024-02-16 00:00:00,,False,Inactive,3367.31,False,False,False,1327.31,True
160,MCH6025_2,Rege-Bali,4131.0,Transportation,Individual,Bengaluru,Karnataka,2025-04-21 00:00:00,XXXX0320,True,Inactive,2516.42,False,False,False,1225.12,True
4299,MCH6025_3,Wable and Sons,4814.0,Mobile Recharge,Sole Proprietor,Pune,Maharashtra,2026-01-14 04:31:00,,False,Active,2018.15,False,False,False,1108.585,True
2992,MCH6026,NARAYANAN-BHATT,5942.0,Books & Stationery,Partnership,Hyderabad,Telangana,2025-09-14 00:00:00,1281831300,True,Active,746.02,False,False,False,1167.225,False
6007,MCH6028,"Devan, Saha and Nagar",7011.0,Hotel,Partnership,Jalandhar,Punjab,2023-05-02 08:52:59,XXXX4040,True,Active,2112.02,False,False,False,1161.77,False
4186,MCH6030,"DHILLON, SUNDER AND SODHI",5999.0,Misc Retail,Partnership,Jaipur,Rajasthan,2025-02-19 00:00:00,FIPF1132011620068,True,Active,884.98,False,False,False,1276.92,False
2614,MCH6031,Chauhan Group,5699.0,Apparel,Individual,Hyderabad,Telangana,2024-12-13 22:44:00,XXXX4944,True,Active,654.0,False,False,False,1252.4299999999998,False
560,MCH6033,"Sama, Basak and Majumdar",5999.0,Misc Retail,Private Limited,Hyderabad,Telangana,2025-03-05 00:00:00,0665928024,True,Active,365.0,False,False,False,1276.92,False
1339,MCH6034,Sane Inc,5912.0,Pharmacy,Private Limited,Jaipur,Rajasthan,2025-10-18 00:00:00,5791425986,True,Active,1353.34,False,False,False,1300.55,False
4847,MCH6035_1,Brar-Kohli,,Restaurant,Partnership,Ludhiana,Punjab,2023-10-06 04:49:23,,False,Active,4518.69,False,False,True,1327.31,True
624,MCH6035_2,radhakrishnan-chad,5812.0,Restaurant,Partnership,Delhi,Delhi,2026-01-25 00:00:00,,False,Active,706.81,False,False,False,1327.31,True
3261,MCH6036,chhabra group,5699.0,Apparel,Sole Proprietor,Amritsar,Punjab,2024-01-10 00:00:00,XXXX4226,True,Active,,False,False,False,1252.4299999999998,False
407,MCH6039,Padmanabhan-Bora,4814.0,Telecom,Sole Proprietor,Lucknow,Uttar Pradesh,,,False,Active,6727.69,False,False,False,1213.17,False
4258,MCH6043_1,NATT INC,5311.0,Retail,Sole Proprietor,Mumbai,Maharashtra,2024-01-24 00:00:00,,False,Active,766.54,False,False,False,1126.42,True
4550,MCH6043_2,Saran-Rai,5411.0,Grocery,Private Limited,Jaipur,Rajasthan,2025-11-17 00:00:00,,False,Active,2845.67,False,False,False,1233.545,True
1628,MCH6044,Narain-Srivastava,7011.0,Hotel,Sole Proprietor,Hyderabad,Telangana,2026-02-11 00:00:00,,False,Active,141.65,False,False,False,1161.77,False
3168,MCH6045,"bajwa, wali and walla",5912.0,Pharmacy,Private Limited,Bengaluru,Karnataka,2023-09-28 00:00:00,2003662760,True,Active,2897.0,False,False,False,1300.55,False
83,MCH6046,"Palla, Yadav and Bhatnagar",5999.0,Misc Retail,Individual,Bengaluru,Karnataka,2024-03-27 20:41:48,,False,Active,2396.76,False,False,False,1276.92,False
3341,MCH6050,"Choudhary, Shanker and Rajan",5812.0,Restaurant,Individual,Ludhiana,Punjab,2024-03-26 21:03:47,1328212555,True,Active,,True,False,False,1327.31,False
3469,MCH6051,"Prashad, Date and Sodhi",5311.0,Department Store,Private Limited,Jalandhar,Punjab,2026-01-18 00:00:00,,False,Active,,True,False,False,1356.755,False
234,MCH6052,nayak-wadhwa,5912.0,Pharmacy,Private Limited,Jaipur,Rajasthan,2023-07-12 00:00:00,XXXX8602,True,Active,600.38,False,False,False,1300.55,False
2132,MCH6053_1,Barad-Sen,5999.0,Misc Retail,Individual,Kolkata,West Bengal,2025-10-20 00:00:00,4325467547,True,Active,2730.09,False,False,False,1276.92,True
2940,MCH6053_2,Sehgal-Pathak,5699.0,Apparel,Individual,Mumbai,Maharashtra,2023-02-18 08:22:28,,False,Active,379.97,False,False,False,1252.4299999999998,True
4362,MCH6056,IYENGAR-HEGDE,4131.0,Transportation,Partnership,Amritsar,Punjab,2025-03-23 00:00:00,,False,Active,1004.69,False,False,False,1225.12,False
5547,MCH6058,Loke LLC,5942.0,Books & Stationery,Sole Proprietor,Amritsar,Punjab,,TMOY5327017538734,True,Active,317.07,False,False,False,1167.225,False
229,MCH6059,Bhargava PLC,7011.0,Hotel,Private Limited,Jaipur,Rajasthan,2025-07-16 00:00:00,XXXX7802,True,Inactive,333.57,False,False,False,1161.77,False
1841,MCH6060,Chacko-Sundaram,4131.0,Transportation,Individual,Jaipur,Rajasthan,2023-03-25 00:00:00,XXXX2924,True,Inactive,2026.75,False,False,False,1225.12,False
1968,MCH6061_1,Anand-Savant,5411.0,Grocery,Sole Proprietor,Amritsar,Punjab,2026-02-08 12:13:00,,False,Active,,True,False,False,1233.545,True
737,MCH6061_2,Basu and Sons,7011.0,Hotel,Private Limited,Amritsar,Punjab,2023-01-29 00:00:00,XXXX6131,True,Active,,True,False,False,1161.77,True
2490,MCH6061_3,Kaur LLC,5912.0,Pharmacy,Individual,Chennai,Tamil Nadu,2025-12-20 00:00:00,PCHM7779378281911,True,Active,1323.16,False,False,False,1300.55,True
419,MCH6061_4,"Nadkarni, Tella and Padmanabhan",4131.0,Transportation,Individual,Chennai,Tamil Nadu,2024-11-22 00:00:00,9827765407,True,Active,,False,False,False,1225.12,True
305,MCH6061_5,nazareth plc,4131.0,Transportation,Sole Proprietor,Pune,Maharashtra,2025-02-02 12:44:57,,False,Suspended,1189.87,False,True,False,1225.12,True
642,MCH6062_1,Kata PLC,5699.0,Apparel,Sole Proprietor,Mumbai,Maharashtra,2025-09-10 00:00:00,3065314778,True,Active,9045.0,False,False,False,1252.4299999999998,True
1665,MCH6062_2,"Suresh, Kibe and Sa1vi",,Department Store,Private Limited,Amritsar,Punjab,2023-11-27 01:28:22,XXXX9135,True,Active,3660.19,False,False,True,1356.755,True
2873,MCH6064_1,Viswanathan-Tak,5942.0,Books & Stationery,Sole Proprietor,Chennai,Tamil Nadu,,RDFT0727994735934,True,Suspended,519.38,False,True,False,1167.225,True
5692,MCH6064_2,"Wable, Virk and Gaba",5812.0,Restaurant,Private Limited,Amritsar,Punjab,2025-06-09 01:56:12,0328512355,True,Active,5256.61,False,False,False,1327.31,True
58,MCH6067,Chaw1a-Gangu1y,,Hotel,Sole Proprietor,Mumbai,Maharashtra,2025-12-03 00:00:00,FNQE1460028710860,True,Inactive,700.95,False,False,True,1161.77,False
1963,MCH6069,Krish-Joshi,,Apparel,Private Limited,Amritsar,Punjab,2024-07-30 00:00:00,XXXX1701,True,Active,252.19,False,False,True,1252.4299999999998,False
4278,MCH6071,nagy inc,5311.0,Department Store,Private Limited,Delhi,Delhi,,XXXX2349,True,Active,,True,False,False,1356.755,False
3338,MCH6072,"  Bassi, Sarma and Yohannan  ",,Misc Retail,Sole Proprietor,Chennai,Tamil Nadu,2024-01-14 00:00:00,OFUG5890068758335,True,Active,1959.53,False,False,True,1276.92,False
2304,MCH6075,"Lad, Menon and Tiwari",4814.0,Mobile Recharge,Private Limited,Bengaluru,Karnataka,2023-08-06 00:00:00,3853486592,True,Active,709.64,False,False,False,1108.585,False
3505,MCH6078,Oza-Srinivasan,4814.0,Telecom,Individual,Mumbai,Maharashtra,2023-10-15 19:51:00,,False,Active,4379.06,False,False,False,1213.17,False
4001,MCH6079_1,"Chaudhuri, Mody and Goswami",5912.0,Pharmacy,Partnership,Ludhiana,Punjab,2025-10-04 05:27:15,IGWP7360975530260,True,Closed,,False,False,False,1300.55,True
4939,MCH6079_2,Gulati Inc,4131.0,Transportation,Sole Proprietor,Pune,Maharashtra,2023-01-29 08:05:00,XXXX5091,True,Active,2029.26,False,False,False,1225.12,True
5188,MCH6079_3,"SESHADRI, MUNI AND BANIK",7011.0,Hotel,Individual,Kolkata,West Bengal,2026-02-24 00:00:00,,False,Active,434.97,False,False,False,1161.77,True
2607,MCH6080,"kanda, krishnan and chaudry",5411.0,Grocery,Private Limited,Chennai,Tamil Nadu,2023-02-27 00:47:00,,False,Inactive,1675.16,False,False,False,1233.545,False
5641,MCH6083,"Shah, Deep and Swaminathan",5411.0,Grocery,Partnership,Amritsar,Punjab,2025-06-28 00:00:00,,False,Active,1417.0,False,False,False,1233.545,False
154,MCH6084_1,Gera-Patla,,Transportation,Sole Proprietor,Lucknow,Uttar Pradesh,2026-01-26 15:06:00,0059005491,True,Active,3360.46,False,False,True,1225.12,True
643,MCH6084_2,"Jaggi, Ganguly and Mall",5699.0,Apparel,Private Limited,Ludhiana,Punjab,2023-08-30 00:27:10,,False,Active,1089.53,False,False,False,1252.4299999999998,True
3462,MCH6090_1,Bahl-Ramanathan,7011.0,Hotel,Sole Proprietor,Jalandhar,Punjab,2025-03-10 00:29:05,3270315873,True,Active,1685.43,False,False,False,1161.77,True
2011,MCH6090_2,Nigam-Balakrishnan,5942.0,Books & Stationery,Partnership,Jalandhar,Punjab,2024-07-14 00:00:00,KPZR0795458662994,True,Active,3151.0,False,False,False,1167.225,True
3409,MCH6091_1,  Dutt-Nair  ,5699.0,Apparel,Private Limited,Kolkata,West Bengal,2023-01-30 00:00:00,9792145375,True,Active,1466.59,False,False,False,1252.4299999999998,True
1346,MCH6091_2,Ratti-Kalita,5942.0,Books & Stationery,Sole Proprietor,Ludhiana,Punjab,2023-09-06 00:00:00,XXXX4886,True,Active,458.92,False,False,False,1167.225,True
3888,MCH6095,"Sahota, Misra and Kata",,Books & Stationery,Partnership,Hyderabad,Telangana,2024-11-29 00:00:00,,False,Active,665.0,False,False,True,1167.225,False
5195,MCH6097,MANNAN PLC,5812.0,Restaurant,Partnership,Lucknow,Uttar Pradesh,2025-02-13 00:39:51,XXXX8307,True,Active,258.41,False,False,False,1327.31,False
5793,MCH6099,Yadav LLC,4814.0,Telecom,Partnership,Bengaluru,Karnataka,2025-06-16 00:00:00,7606007756,True,Active,4726.0,False,False,False,1213.17,False
1842,MCH6100,"PILLAY, MERCHANT AND SEM",5942.0,Books & Stationery,Private Limited,Jalandhar,Punjab,2023-05-09 09:50:00,0672030590,True,Active,1374.95,False,False,False,1167.225,False
6122,MCH6101_1,DORA-BAJWA,5912.0,Pharmacy,Private Limited,Pune,Maharashtra,2025-07-28 00:00:00,2854493333,True,Active,3328.35,False,False,False,1300.55,True
1908,MCH6101_2,Rout-Barman,5812.0,Restaurant,Sole Proprietor,Kolkata,West Bengal,2024-10-11 00:00:00,,False,Active,2918.42,False,False,False,1327.31,True
965,MCH6102_1,andra-sachar,5699.0,Apparel,Sole Proprietor,Jaipur,Rajasthan,2023-12-12 00:00:00,,False,Active,926.97,False,False,False,1252.4299999999998,True
3608,MCH6102_2,"hayre, peri and sura",7011.0,Hotel,Private Limited,Ludhiana,Punjab,2024-01-26 00:00:00,FLWX5559304020457,True,Active,,True,False,False,1161.77,True
5228,MCH6104,Keer-Gade,5311.0,Department Store,Individual,Kolkata,West Bengal,2023-01-01 20:32:00,DQNV8530720672123,True,Inactive,935.82,False,False,False,1356.755,False
5074,MCH6105_1,lala group,7011.0,Hotel,Sole Proprietor,Bengaluru,Karnataka,2023-01-25 00:00:00,,False,Active,1595.66,False,False,False,1161.77,True
244,MCH6105_2,upadhyay plc,7011.0,Hotel,Sole Proprietor,Kolkata,West Bengal,2024-02-07 00:26:26,,False,Active,527.81,False,False,False,1161.77,True
2806,MCH6107_1,Bassi and Sons,5912.0,Pharmacy,Sole Proprietor,Hyderabad,Telangana,,,False,Inactive,1888.0,False,False,False,1300.55,True
3592,MCH6107_2,"Bhattacharyya, Narayanan and Samra",5812.0,Restaurant,Partnership,Pune,Maharashtra,2025-02-21 00:00:00,,False,Active,1215.85,False,False,False,1327.31,True
1709,MCH6107_3,PILLAY LLC,5999.0,Misc Retail,Sole Proprietor,Jalandhar,Punjab,2024-06-27 00:00:00,COEO9019476576214,True,Active,1844.34,False,False,False,1276.92,True
193,MCH6109,Sampath Ltd,4814.0,Telecom,Individual,Ludhiana,Punjab,2026-01-15 23:34:00,6737069990,True,Active,399.08,False,False,False,1213.17,False
3629,MCH6112,LUTHRA-GROVER,5942.0,Books & Stationery,Partnership,Jaipur,Rajasthan,2024-06-22 00:00:00,,False,Active,1366.0,False,False,False,1167.225,False
4146,MCH6113_1,"Shen0y, Kapadia and Pradhan",5942.0,Books & Stationery,Individual,Amritsar,Punjab,2025-05-21 01:21:00,OAOW4206990585455,True,Active,8727.62,False,False,False,1167.225,True
3734,MCH6113_2,  Tara-Kala  ,5699.0,Apparel,Private Limited,Amritsar,Punjab,,,False,Active,915.2,False,False,False,1252.4299999999998,True
3186,MCH6114,"  Khurana, Chowdhury and Chaudhary  ",,Mobile Recharge,Private Limited,Chennai,Tamil Nadu,,XXXX2122,True,Active,1212.0,False,False,True,1108.585,False
115,MCH6115,Padmanabhan-Chahal,,Retail,Private Limited,Mumbai,Maharashtra,2024-03-01 00:00:00,XXXX5769,True,Inactive,266.65,False,False,True,1126.42,False
1535,MCH6116,KEER-SHUKLA,4131.0,Transportation,Individual,Delhi,Delhi,2025-02-18 00:00:00,5115475557,True,Active,3651.0,False,False,False,1225.12,False
996,MCH6118,"radhakrishnan, lala and devi",5311.0,Department Store,Sole Proprietor,Delhi,Delhi,2024-01-06 00:00:00,6215610983,True,Active,11547.0,False,False,False,1356.755,False
4076,MCH6119_1,"Hans, Gokhale and Shanker",5999.0,Misc Retail,Partnership,Mumbai,Maharashtra,2024-01-28 00:00:00,,False,Closed,1753.67,False,False,False,1276.92,True
3101,MCH6119_2,HayerLtd,5912.0,Pharmacy,Individual,Amritsar,Punjab,2025-12-11 00:00:00,,False,Active,1262.04,False,False,False,1300.55,True
3036,MCH6121_1,Madan PLC,5311.0,Retail,Private Limited,Bengaluru,Karnataka,2023-09-07 00:00:00,2257947989,True,Active,1208.86,False,False,False,1126.42,True
1018,MCH6121_2,"more, sandhu and dugar",,Apparel,Private Limited,Jalandhar,Punjab,2023-07-26 00:00:00,8169816022,True,Active,,True,False,True,1252.4299999999998,True
4940,MCH6122_1,RAI LTD,4131.0,Transportation,Private Limited,Jalandhar,Punjab,2024-02-11 00:00:00,JNKS9651802205909,True,Inactive,2198.19,False,False,False,1225.12,True
1458,MCH6122_2,Som-Seth,4131.0,Transportation,Individual,Amritsar,Punjab,2023-09-15 17:43:52,,False,Active,1086.57,False,False,False,1225.12,True
344,MCH6131,"Dhar, Dada and Bakshi",,Apparel,Partnership,Bengaluru,Karnataka,2024-03-10 19:58:24,4600930161,True,Active,1921.0,False,False,True,1252.4299999999998,False
3777,MCH6137_1,"Saxena, Aggarwa1 and Sem",5812.0,Restaurant,Individual,Hyderabad,Telangana,,3824594690,True,Active,421.31,False,False,False,1327.31,True
1290,MCH6137_2,"  Sidhu, Ahuja and Kumar  ",5812.0,Restaurant,Partnership,Bengaluru,Karnataka,,0510702134,True,Active,1574.67,False,False,False,1327.31,True
5875,MCH6143_1,BARAL PLC,5411.0,Grocery,Partnership,Kolkata,West Bengal,2024-12-05 02:07:44,7112045329,True,Active,1054.97,False,False,False,1233.545,True
1242,MCH6143_2,"MURTHY, KALA AND MANGAT",5812.0,Restaurant,Individual,Hyderabad,Telangana,2023-03-26 16:00:36,3144502115,True,Active,,True,False,False,1327.31,True
641,MCH6144,Ravi-Dhingra,5912.0,Pharmacy,Private Limited,Hyderabad,Telangana,2023-04-28 00:00:00,,False,Active,2686.0,False,False,False,1300.55,False
2699,MCH6146,Handa LLC,5912.0,Pharmacy,Individual,Amritsar,Punjab,2023-01-01 00:00:00,BIZN7645519547179,True,Active,,True,False,False,1300.55,False
3778,MCH6147,Singhal-Murthy,4131.0,Transportation,Partnership,Mumbai,Maharashtra,2023-01-06 00:00:00,,False,Active,,True,False,False,1225.12,False
4812,MCH6148_1,GANESAN-JOHAL,4814.0,Mobile Recharge,Partnership,Mumbai,Maharashtra,2023-10-08 00:00:00,XXXX8688,True,Active,778.99,False,False,False,1108.585,True
3492,MCH6148_2,KEER AND SONS,4814.0,Mobile Recharge,Private Limited,Kolkata,West Bengal,2024-10-08 00:00:00,,False,Active,2790.1,False,False,False,1108.585,True
1700,MCH6148_3,"Sem, Aggarwa1 and Uppa1",5311.0,Department Store,Sole Proprietor,Lucknow,Uttar Pradesh,2025-11-29 06:29:00,8892638195,True,Inactive,3148.18,False,False,False,1356.755,True
2214,MCH6150_1,"  Chada, Vala and Merchant  ",4814.0,Mobile Recharge,Private Limited,Hyderabad,Telangana,2024-10-10 00:00:00,6593744761,True,Inactive,616.0,False,False,False,1108.585,True
5452,MCH6150_2,Nagarajan-Peri,,Mobile Recharge,Sole Proprietor,Delhi,Delhi,2024-04-19 00:00:00,XXXX0784,True,Active,414.2,False,False,True,1108.585,True
1358,MCH6152_1,Dasgupta-Das,5942.0,Books & Stationery,Private Limited,Jaipur,Rajasthan,2024-10-26 00:00:00,XXXX8744,True,Active,344.11,False,False,False,1167.225,True
1706,MCH6152_2,"Hayer, Jha and Tata",5411.0,Grocery,Private Limited,Lucknow,Uttar Pradesh,2025-06-23 08:59:29,6225747550,True,Active,2396.0,False,False,False,1233.545,True
1464,MCH6152_3,Mukhopadhyay PLC,5942.0,Books & Stationery,Individual,Jaipur,Rajasthan,2025-12-20 00:00:00,OXKW4550087815999,True,Active,1642.16,False,False,False,1167.225,True
653,MCH6155_1,Kari-Basu,5699.0,Apparel,Sole Proprietor,Hyderabad,Telangana,2023-06-20 00:00:00,,False,Active,,True,False,False,1252.4299999999998,True
907,MCH6155_2,"Mukhopadhyay, Doshi and Gopal",5411.0,Grocery,Sole Proprietor,Jalandhar,Punjab,2025-10-03 00:00:00,XXXX5418,True,Active,,True,False,False,1233.545,True
3564,MCH6155_3,"Varghese, Mahal and Nadkarni",5812.0,Restaurant,Private Limited,Jaipur,Rajasthan,2024-07-20 05:18:20,MGRT6859674527943,True,Active,,False,False,False,1327.31,True
5385,MCH6158,"Dhingra, Ratti and Palla",4131.0,Transportation,Sole Proprietor,Amritsar,Punjab,2023-04-26 00:00:00,VDGT0468038681462,True,Active,1443.6,False,False,False,1225.12,False
3154,MCH6161_1,More PLC,5311.0,Retail,Partnership,Jaipur,Rajasthan,2024-04-15 02:52:06,,False,Active,849.42,False,False,False,1126.42,True
1077,MCH6161_2,Sura-Wadhwa,,Telecom,Individual,Bengaluru,Karnataka,2025-04-22 00:00:00,QWHT6526941757258,True,Active,490.18,False,False,True,1213.17,True
2983,MCH6162,"Naik, Kade and Singh",4131.0,Transportation,Partnership,Amritsar,Punjab,2025-03-21 00:00:00,XXXX4537,True,Active,2176.24,False,False,False,1225.12,False
501,MCH6163_1,Mani Ltd,5942.0,Books & Stationery,Partnership,Hyderabad,Telangana,2025-10-30 00:00:00,RJUA0543412555773,True,Active,2298.3,False,False,False,1167.225,True
2835,MCH6163_2,Raju and Sons,4131.0,Transportation,Individual,Ludhiana,Punjab,2025-02-06 00:00:00,XTAO1446983636380,True,Active,1659.71,False,False,False,1225.12,True
601,MCH6164,"Bir, Patil and Chahal",,Pharmacy,Sole Proprietor,Mumbai,Maharashtra,2023-01-03 18:39:00,4503250362,True,Active,1451.0,False,False,True,1300.55,False
414,MCH6165_1,"chandran, dey and dalal",,Apparel,Private Limited,Delhi,Delhi,2025-08-29 16:50:00,CFEB4939576870397,True,Active,1513.56,False,False,True,1252.4299999999998,True
403,MCH6165_2,"Luthra, Bala and Khurana",,Hotel,Individual,Lucknow,Uttar Pradesh,2025-01-29 00:00:00,XXXX9557,True,Active,1785.07,False,False,True,1161.77,True
661,MCH6165_3,Sibal-Bora,7011.0,Hotel,Sole Proprietor,Jaipur,Rajasthan,2024-06-17 04:49:02,XXXX5672,True,Active,,True,False,False,1161.77,True
6162,MCH6167,"Chawla, Andra and Varty",4814.0,Telecom,Partnership,Hyderabad,Telangana,2023-05-08 00:00:00,6258351219,True,Active,2407.62,False,False,False,1213.17,False
5466,MCH6168,"raj, sharma and panchal",4131.0,Transportation,Private Limited,Ludhiana,Punjab,2025-08-19 00:00:00,,False,Active,1123.84,False,False,False,1225.12,False
1483,MCH6170,Gh0se-Mann,5999.0,Misc Retail,Private Limited,Lucknow,Uttar Pradesh,2023-09-05 00:00:00,5980501724,True,Active,1120.12,False,False,False,1276.92,False
2961,MCH6171,  Naik and Sons  ,5812.0,Restaurant,Individual,Amritsar,Punjab,2023-08-09 00:00:00,,False,Closed,4084.17,False,False,False,1327.31,False
5190,MCH6172,Raja Inc,5812.0,Restaurant,Sole Proprietor,Hyderabad,Telangana,2024-11-09 00:00:00,,False,Active,1050.0,False,False,False,1327.31,False
2015,MCH6176,"TANDON, BADAL AND NATARAJAN",4131.0,Travel,Private Limited,Hyderabad,Telangana,2025-12-10 00:00:00,XXXX9488,True,Active,2925.84,False,False,False,1012.28,False
4079,MCH6180,Thakur and Sons,5699.0,Apparel,Private Limited,Lucknow,Uttar Pradesh,2025-05-24 02:59:23,MWYN7782824521830,True,Active,699.96,False,False,False,1252.4299999999998,False
5526,MCH6183_1,DUTT PLC,7011.0,Hotel,Sole Proprietor,Kolkata,West Bengal,2026-02-23 00:00:00,,False,Active,,True,False,False,1161.77,True
1517,MCH6183_2,"Goel, Swaminathan and Padmanabhan",5411.0,Grocery,Private Limited,Amritsar,Punjab,2025-06-03 00:00:00,4104440790,True,Active,817.0,False,False,False,1233.545,True
5536,MCH6183_3,Nayar and Sons,4131.0,Transportation,Individual,Jalandhar,Punjab,2023-06-07 00:00:00,XXXX7204,True,Active,2423.0,False,False,False,1225.12,True
1489,MCH6184,Peri-R0ut,4131.0,Transportation,Sole Proprietor,Mumbai,Maharashtra,,XXXX1239,True,Active,1637.73,False,False,False,1225.12,False
3612,MCH6187,"Shanker, Sastry and Rattan",4131.0,Travel,Individual,Delhi,Delhi,2025-11-17 00:00:00,,False,Active,327.19,False,False,False,1012.28,False
4528,MCH6188_1,Balay LLC,7011.0,Hotel,Partnership,Pune,Maharashtra,2023-04-30 10:37:50,7260180361,True,Active,3749.0,False,False,False,1161.77,True
488,MCH6188_2,"Batta, Choudhary and Bhalla",4131.0,Transportation,Private Limited,Kolkata,West Bengal,2026-01-09 00:00:00,3109651401,True,Active,163.0,False,False,False,1225.12,True
4786,MCH6190,Pal Ltd,5699.0,Apparel,Private Limited,Ludhiana,Punjab,2023-03-01 00:00:00,,False,Active,376.59,False,False,False,1252.4299999999998,False
1453,MCH6197_1,"Koshy, Shah and Ratta",4131.0,Transportation,Partnership,Bengaluru,Karnataka,2024-03-20 00:00:00,AGMV2642641861544,True,Active,1491.79,False,False,False,1225.12,True
890,MCH6197_2,VIRK-VERMA,4131.0,Transportation,Partnership,Hyderabad,Telangana,,,False,Active,661.04,False,False,False,1225.12,True
2990,MCH6198,Rana-Sabharwal,5311.0,Retail,Individual,Mumbai,Maharashtra,,,False,Active,410.5,False,False,False,1126.42,False
3530,MCH6200_1,"Kapadia, Bail and Badal",4131.0,Travel,Private Limited,Chennai,Tamil Nadu,2023-12-09 00:00:00,,False,Active,1183.13,False,False,False,1012.28,True
622,MCH6200_2,"Sen, Walla and Bath",5999.0,Misc Retail,Private Limited,Delhi,Delhi,2024-01-29 20:38:00,,False,Active,,False,False,False,1276.92,True
2087,MCH6205_1,"Manne, Zachariah and Arora",5311.0,Department Store,Private Limited,Mumbai,Maharashtra,2025-06-23 00:00:00,4034175727,True,Active,756.0,False,False,False,1356.755,True
2055,MCH6205_2,  Munshi Inc  ,4814.0,Telecom,Sole Proprietor,Ludhiana,Punjab,2026-01-01 00:00:00,JWPM8696907638772,True,Active,230.73,False,False,False,1213.17,True
894,MCH6206_1,"chander, bawa and setty",7011.0,Hotel,Sole Proprietor,Lucknow,Uttar Pradesh,2025-08-12 05:06:00,,False,Active,1545.95,False,False,False,1161.77,True
144,MCH6206_2,"Johal, Verma and Sane",5812.0,Restaurant,Private Limited,Jalandhar,Punjab,2024-04-26 14:53:55,,False,Active,,True,False,False,1327.31,True
390,MCH6206_3,"  Sanghvi, Dugar and Rajagopal  ",4814.0,Mobile Recharge,Individual,Chennai,Tamil Nadu,2025-03-31 00:00:00,5473942096,True,Active,683.76,False,False,False,1108.585,True
919,MCH6207,"Ganesan, Bajwa and Reddy",5912.0,Pharmacy,Partnership,Jaipur,Rajasthan,2023-03-21 00:00:00,1318873894,True,Active,391.96,False,False,False,1300.55,False
1332,MCH6208,Tak-Parmar,4814.0,Telecom,Private Limited,Lucknow,Uttar Pradesh,2024-03-16 00:00:00,XXXX8227,True,Suspended,,False,True,False,1213.17,False
3006,MCH6210,Sem Group,5812.0,Restaurant,Private Limited,Amritsar,Punjab,2024-01-03 02:42:08,,False,Active,2370.64,False,False,False,1327.31,False
3602,MCH6213,Sangha LLC,,Misc Retail,Private Limited,Delhi,Delhi,2025-03-12 12:46:00,,False,Active,722.0,False,False,True,1276.92,False
372,MCH6216_1,Agarwal Group,5812.0,Restaurant,Private Limited,Amritsar,Punjab,2024-03-28 00:00:00,XXXX1409,True,Active,1210.0,False,False,False,1327.31,True
4451,MCH6216_2,"Bhatti, Dass and Deshpande",5411.0,Grocery,Individual,Ludhiana,Punjab,2024-08-09 01:01:00,XXXX5234,True,Active,1325.06,False,False,False,1233.545,True
416,MCH6218,chad-bhakta,5411.0,Grocery,Sole Proprietor,Chennai,Tamil Nadu,2023-12-23 00:00:00,TDSR2442651102267,True,Active,218.0,False,False,False,1233.545,False
441,MCH6219,"Morar, Walla and Behl",5912.0,Pharmacy,Partnership,Delhi,Delhi,2024-06-24 00:00:00,,False,Active,4347.57,False,False,False,1300.55,False
3849,MCH6221_1,Dey-Maharaj,5912.0,Pharmacy,Private Limited,Ludhiana,Punjab,2026-01-22 00:00:00,8909550882,True,Inactive,,True,False,False,1300.55,True
4933,MCH6221_2,Shukla and Sons,4131.0,Transportation,Sole Proprietor,Chennai,Tamil Nadu,2025-01-25 13:39:54,,False,Active,1793.34,False,False,False,1225.12,True
2496,MCH6223,Ramanathan-Dhingra,4131.0,Travel,Individual,Lucknow,Uttar Pradesh,2023-10-03 00:00:00,4296850394,True,Active,306.0,False,False,False,1012.28,False
5153,MCH6224_1,"Khatri, Swaminathan and Loke",4131.0,Transportation,Sole Proprietor,Amritsar,Punjab,2024-12-02 00:00:00,CTJV7649423556703,True,Active,561.32,False,False,False,1225.12,True
4226,MCH6224_2,La1-Anand,5912.0,Pharmacy,Private Limited,Delhi,Delhi,2025-07-28 00:00:00,3453251138,True,Active,3823.0,False,False,False,1300.55,True
5891,MCH6225,"LOYAL, MANDER AND AGRAWAL",5411.0,Grocery,Sole Proprietor,Kolkata,West Bengal,2023-12-17 00:00:00,,False,Active,859.91,False,False,False,1233.545,False
926,MCH6228,"Kar, Agarwal and Karpe",5812.0,Restaurant,Private Limited,Bengaluru,Karnataka,2024-08-05 00:00:00,,False,Active,1145.75,False,False,False,1327.31,False
2772,MCH6231,"CHAND, JOHAL AND CHAWLA",5812.0,Restaurant,Private Limited,Jalandhar,Punjab,2023-06-26 00:00:00,1062018479,True,Active,919.0,False,False,False,1327.31,False
2935,MCH6233_1,"Arora, Agarwal and Padmanabhan",5942.0,Books & Stationery,Sole Proprietor,Amritsar,Punjab,2024-05-03 00:00:00,,False,Active,1090.35,False,False,False,1167.225,True
4606,MCH6233_2,Vohra Ltd,5942.0,Books & Stationery,Partnership,Delhi,Delhi,2026-02-26 00:00:00,,False,Active,2389.79,False,False,False,1167.225,True
2939,MCH6239_1,"MAJUMDAR, LANKA AND SEHGAL",5942.0,Books & Stationery,Partnership,Amritsar,Punjab,2024-01-21 00:00:00,,False,Active,1181.24,False,False,False,1167.225,True
4097,MCH6239_2,Varkey-More,5699.0,Apparel,Private Limited,Lucknow,Uttar Pradesh,2025-08-20 00:00:00,,False,Active,849.3,False,False,False,1252.4299999999998,True
428,MCH6240_1,"Dutta, Aggarwal and Devan",5812.0,Restaurant,Sole Proprietor,Amritsar,Punjab,2025-09-04 19:02:29,,False,Active,905.07,False,False,False,1327.31,True
2823,MCH6240_2,mutti plc,5999.0,Misc Retail,Partnership,Delhi,Delhi,2025-11-08 00:00:00,,False,Active,1461.1,False,False,False,1276.92,True
4986,MCH6242,  Som Inc  ,5311.0,Department Store,Sole Proprietor,Jaipur,Rajasthan,2023-06-27 04:59:14,ELTM3518126936690,True,Active,,True,False,False,1356.755,False
2962,MCH6244_1,maharaj ltd,7011.0,Hotel,Individual,Jaipur,Rajasthan,2023-07-29 00:00:00,,False,Suspended,,True,True,False,1161.77,True
4354,MCH6244_2,Memon and Sons,5311.0,Retail,Individual,Mumbai,Maharashtra,2025-11-24 00:00:00,,False,Inactive,,True,False,False,1126.42,True
3050,MCH6246_1,kota inc,5699.0,Apparel,Private Limited,Mumbai,Maharashtra,2023-09-17 00:00:00,NSCU9760012397000,True,Active,1586.1,False,False,False,1252.4299999999998,True
2184,MCH6246_2,  Zachariah Group  ,5699.0,Apparel,Individual,Chennai,Tamil Nadu,2025-06-16 00:00:00,,False,Active,1510.7,False,False,False,1252.4299999999998,True
4320,MCH6247,Dhar-Ram,4814.0,Mobile Recharge,Individual,Jaipur,Rajasthan,2026-01-14 00:00:00,,False,Active,468.52,False,False,False,1108.585,False
4046,MCH6251,"Sodhi, Handa and Venkatesh",5411.0,Grocery,Sole Proprietor,Lucknow,Uttar Pradesh,2025-09-18 00:00:00,2729847488,True,Suspended,291.55,False,True,False,1233.545,False
4972,MCH6254,MURTHY GROUP,4814.0,Telecom,Partnership,Amritsar,Punjab,2025-05-07 23:34:00,7655418410,True,Inactive,,False,False,False,1213.17,False
3436,MCH6255,"GUPTA, KIBE AND AURORA",7011.0,Hotel,Partnership,Lucknow,Uttar Pradesh,2023-10-31 04:07:14,5876602681,True,Active,3182.0,False,False,False,1161.77,False
3625,MCH6256_1,MANDA INC,5912.0,Pharmacy,Partnership,Ludhiana,Punjab,2024-09-27 22:23:00,,False,Active,574.96,False,False,False,1300.55,True
5600,MCH6256_2,Rana-Walia,5812.0,Restaurant,Sole Proprietor,Ludhiana,Punjab,2025-02-27 00:00:00,XXXX5533,True,Inactive,330.34,False,False,False,1327.31,True
4535,MCH6257_1,"Ba1i, Ahuja and Natarajan",4131.0,Transportation,Individual,Delhi,Delhi,2025-11-27 00:00:00,,False,Inactive,1050.0,False,False,False,1225.12,True
4508,MCH6257_2,"Parsa, Rana and Raja",5812.0,Restaurant,Partnership,Bengaluru,Karnataka,2023-03-28 20:34:00,0948269604,True,Active,2744.98,False,False,False,1327.31,True
2229,MCH6258,"Mitra, Nori and Venkataraman",,Pharmacy,Private Limited,Hyderabad,Telangana,2025-10-02 18:46:00,,False,Active,353.34,False,False,True,1300.55,False
4333,MCH6260,MITTAL PLC,5912.0,Pharmacy,Private Limited,Lucknow,Uttar Pradesh,2025-01-27 15:46:00,XXXX9807,True,Active,,False,False,False,1300.55,False
3275,MCH6262,Saran Ltd,5311.0,Department Store,Partnership,Mumbai,Maharashtra,2025-08-04 12:06:38,XXXX7596,True,Inactive,6560.0,False,False,False,1356.755,False
586,MCH6263,"Bahri, Bajaj and Mander",5942.0,Books & Stationery,Individual,Chennai,Tamil Nadu,2025-09-10 00:00:00,,False,Inactive,667.85,False,False,False,1167.225,False
2642,MCH6267,Mandal-Badal,4814.0,Mobile Recharge,Partnership,Mumbai,Maharashtra,2024-12-10 00:00:00,,False,Active,,False,False,False,1108.585,False
4865,MCH6268_1,"Pillay, Borah and Roy",5812.0,Restaurant,Sole Proprietor,Amritsar,Punjab,2024-07-08 00:00:00,2204602404,True,Active,1108.0,False,False,False,1327.31,True
3842,MCH6268_2,"yogi, sachar and mammen",5411.0,Grocery,Sole Proprietor,Jalandhar,Punjab,2025-11-05 00:00:00,XXXX1380,True,Active,1773.0,False,False,False,1233.545,True
1159,MCH6273,"  Dubey, Narula and Jhaveri  ",5311.0,Department Store,Private Limited,Pune,Maharashtra,2025-05-06 00:00:00,,False,Active,754.63,False,False,False,1356.755,False
4110,MCH6274,Mall Inc,7011.0,Hotel,Partnership,Amritsar,Punjab,2025-06-21 00:00:00,XXXX1310,True,Active,1700.39,False,False,False,1161.77,False
2567,MCH6275,Tank PLC,4814.0,Mobile Recharge,Sole Proprietor,Chennai,Tamil Nadu,2024-08-26 00:00:00,XXXX8300,True,Active,781.0,False,False,False,1108.585,False
3496,MCH6277_1,"MANGAT, KAUR AND GUHA",7011.0,Hotel,Partnership,Delhi,Delhi,2024-04-07 03:31:48,,False,Active,1786.0,False,False,False,1161.77,True
4979,MCH6277_2,"PARMER, BERA AND NORI",,Transportation,Partnership,Mumbai,Maharashtra,2024-04-02 00:00:00,,False,Active,514.01,False,False,True,1225.12,True
5379,MCH6278,"Keer, Sha and Sama",5912.0,Pharmacy,Partnership,Kolkata,West Bengal,2025-08-23 00:00:00,2867105387,True,Active,8713.68,False,False,False,1300.55,False
4056,MCH6280,Khanna-Kanda,5699.0,Apparel,Sole Proprietor,Pune,Maharashtra,,1584508627,True,Active,243.27,False,False,False,1252.4299999999998,False
2671,MCH6282_1,"Chacko, Chakrabarti and Suresh",5411.0,Grocery,Private Limited,Jaipur,Rajasthan,2024-06-16 00:00:00,XXXX6827,True,Active,1078.0,False,False,False,1233.545,True
2127,MCH6282_2,Madan-Din,7011.0,Hotel,Partnership,Amritsar,Punjab,2026-01-20 00:00:00,,False,Active,955.08,False,False,False,1161.77,True
460,MCH6284_1,Grewal-Kulkarni,,Hotel,Private Limited,Chennai,Tamil Nadu,2025-02-07 00:00:00,,False,Active,1068.79,False,False,True,1161.77,True
1133,MCH6284_2,Ta1war Ltd,7011.0,Hotel,Partnership,Amritsar,Punjab,2025-11-27 00:00:00,6681997576,True,Active,,True,False,False,1161.77,True
4655,MCH6285,Kumer-Mane,7011.0,Hotel,Private Limited,Bengaluru,Karnataka,2024-10-01 00:00:00,,False,Active,567.98,False,False,False,1161.77,False
2560,MCH6290,Chaudhry-Agarwal,5999.0,Misc Retail,Partnership,Ludhiana,Punjab,2023-09-01 00:00:00,,False,Inactive,5757.0,False,False,False,1276.92,False
547,MCH6291_1,"Bal, Divan and Natt",7011.0,Hotel,Private Limited,Amritsar,Punjab,2023-01-18 00:00:00,9816350407,True,Active,908.0,False,False,False,1161.77,True
2047,MCH6291_2,Sheth-Anne,5311.0,Retail,Partnership,Delhi,Delhi,2025-10-15 00:00:00,5416820526,True,Suspended,,True,True,False,1126.42,True
2982,MCH6293,Bora-Nigam,5311.0,Department Store,Partnership,Jalandhar,Punjab,,,False,Active,,True,False,False,1356.755,False
1873,MCH6296,"Goyal, Vora and Loke",5411.0,Grocery,Private Limited,Lucknow,Uttar Pradesh,,,False,Active,538.0,False,False,False,1233.545,False
443,MCH6299,Pathak-Mukherjee,5999.0,Misc Retail,Individual,Delhi,Delhi,2025-02-02 00:00:00,,False,Active,256.83,False,False,False,1276.92,False
5597,MCH6300,Kumar PLC,5699.0,Apparel,Partnership,Jaipur,Rajasthan,2025-04-17 00:00:00,,False,Active,1647.52,False,False,False,1252.4299999999998,False
5033,MCH6301,"Apte, Vohra and Gade",4814.0,Telecom,Partnership,Jalandhar,Punjab,2023-03-30 00:00:00,,False,Active,2355.49,False,False,False,1213.17,False
952,MCH6302,Gour-Rattan,4131.0,Transportation,Individual,Hyderabad,Telangana,2024-09-29 00:00:00,HNZM4152862016158,True,Active,966.01,False,False,False,1225.12,False
2509,MCH6305,"Chakraborty,HansandSahota",4131.0,Transportation,Individual,Mumbai,Maharashtra,2025-10-20 00:00:00,,False,Active,1075.82,False,False,False,1225.12,False
1507,MCH6306,"RAMESH, VISWANATHAN AND KALITA",4131.0,Transportation,Private Limited,Chennai,Tamil Nadu,2026-01-05 00:00:00,XXXX8991,True,Active,302.6,False,False,False,1225.12,False
5708,MCH6308_1,Panchal PLC,5999.0,Misc Retail,Partnership,Jaipur,Rajasthan,,,False,Active,3549.84,False,False,False,1276.92,True
3100,MCH6308_2,  Seshadri LLC  ,5699.0,Apparel,Private Limited,Delhi,Delhi,2025-10-03 00:00:00,,False,Active,422.55,False,False,False,1252.4299999999998,True
5182,MCH6313,Ramanathan PLC,,Grocery,Sole Proprietor,Mumbai,Maharashtra,,THOM0066375833437,True,Active,3430.73,False,False,True,1233.545,False
4220,MCH6314_1,"kuruvilla, lalla and mallick",5699.0,Apparel,Private Limited,Lucknow,Uttar Pradesh,2026-05-01 15:15:00,,False,Active,697.89,False,False,False,1252.4299999999998,True
1151,MCH6314_2,Tella-Sachdeva,4131.0,Transportation,Sole Proprietor,Lucknow,Uttar Pradesh,2023-01-22 00:00:00,,False,Active,2661.98,False,False,False,1225.12,True
4049,MCH6315_1,"Pal, Zacharia and Narayan",7011.0,Hotel,Sole Proprietor,Mumbai,Maharashtra,2023-04-01 00:00:00,5478307805,True,Active,529.2,False,False,False,1161.77,True
202,MCH6315_2,PRABHAKAR-SOMAN,5942.0,Books & Stationery,Partnership,Mumbai,Maharashtra,,XXXX3336,True,Inactive,341.33,False,False,False,1167.225,True
5736,MCH6321,Chander Ltd,5999.0,Misc Retail,Private Limited,Jaipur,Rajasthan,,,False,Active,380.1,False,False,False,1276.92,False
3090,MCH6325_1,Mannan-Rattan,5311.0,Department Store,Private Limited,Kolkata,West Bengal,2023-12-29 06:16:05,XXXX9688,True,Active,1405.47,False,False,False,1356.755,True
961,MCH6325_2,"Sathe, Seth and Varghese",5311.0,Department Store,Partnership,Delhi,Delhi,2025-04-03 00:00:00,,False,Inactive,422.65,False,False,False,1356.755,True
41,MCH6326,"Barad,MurtyandTella",5942.0,Books & Stationery,Private Limited,Chennai,Tamil Nadu,2024-06-22 18:08:00,LQXK9607455160094,True,Active,,True,False,False,1167.225,False
1828,MCH6328,"  Ray, Pandit and Bala  ",4814.0,Mobile Recharge,Private Limited,Chennai,Tamil Nadu,2025-11-27 00:31:00,GCWI4729638964155,True,Active,644.89,False,False,False,1108.585,False
92,MCH6329,Srinivas-Banerjee,,Pharmacy,Individual,Kolkata,West Bengal,2024-05-12 00:00:00,XXXX2718,True,Active,199.46,False,False,True,1300.55,False
6143,MCH6331_1,"varughese, sandhu and issac",,Books & Stationery,Individual,Hyderabad,Telangana,2025-09-01 00:00:00,,False,Active,868.0,False,False,True,1167.225,True
532,MCH6331_2,Wagle-Sinha,5912.0,Pharmacy,Sole Proprietor,Bengaluru,Karnataka,2024-10-05 06:43:00,IOKV1240109633121,True,Active,2605.3,False,False,False,1300.55,True
939,MCH6332_1,Shuk1a-Hayre,5311.0,Department Store,Sole Proprietor,Lucknow,Uttar Pradesh,2026-12-01 17:50:00,,False,Active,788.91,False,False,False,1356.755,True
4392,MCH6332_2,Varkey-Jha,5699.0,Apparel,Sole Proprietor,Amritsar,Punjab,2025-10-13 15:26:59,,False,Active,,True,False,False,1252.4299999999998,True
1367,MCH6333,"kumer, butala and sawhney",5699.0,Apparel,Individual,Chennai,Tamil Nadu,2024-09-08 02:04:48,HRFV9386173143650,True,Active,831.77,False,False,False,1252.4299999999998,False
2506,MCH6336,"Kunda, Kumar and Gulati",,Transportation,Private Limited,Chennai,Tamil Nadu,2024-03-16 16:19:00,XXXX8337,True,Active,772.78,False,False,True,1225.12,False
2636,MCH6337,Chander LLC,5912.0,Pharmacy,Individual,Kolkata,West Bengal,2025-12-28 22:16:00,,False,Active,1428.08,False,False,False,1300.55,False
6076,MCH6338,Dutta PLC,5311.0,Department Store,Individual,Kolkata,West Bengal,2024-06-29 00:00:00,,False,Active,1835.5,False,False,False,1356.755,False
2653,MCH6343_1,bains plc,4814.0,Telecom,Partnership,Mumbai,Maharashtra,2024-07-10 00:00:00,,False,Active,4598.19,False,False,False,1213.17,True
4232,MCH6343_2,Prabhakar Ltd,5411.0,Grocery,Sole Proprietor,Ludhiana,Punjab,2025-11-13 00:00:00,,False,Inactive,8227.32,False,False,False,1233.545,True
4841,MCH6345,Mani Group,5999.0,Misc Retail,Partnership,Ludhiana,Punjab,,,False,Active,1339.21,False,False,False,1276.92,False
3991,MCH6351,Mahal-Padmanabhan,5812.0,Restaurant,Partnership,Bengaluru,Karnataka,2025-03-30 00:00:00,IXWO1858083433710,True,Active,3129.06,False,False,False,1327.31,False
2838,MCH6352_1,Brar-Kale,5699.0,Apparel,Partnership,Chennai,Tamil Nadu,2023-10-08 20:03:14,,False,Active,2366.79,False,False,False,1252.4299999999998,True
1816,MCH6352_2,ChadhaGroup,,Grocery,Private Limited,Chennai,Tamil Nadu,2024-05-19 14:55:03,QWFC2198127321151,True,Suspended,419.41,False,True,True,1233.545,True
632,MCH6354,"Gulati, Khosla and Peri",5812.0,Restaurant,Partnership,Lucknow,Uttar Pradesh,2025-08-14 00:00:00,,False,Active,122.8,False,False,False,1327.31,False
2131,MCH6355,Dutt PLC,5699.0,Apparel,Private Limited,Bengaluru,Karnataka,2025-04-01 04:52:41,4977061313,True,Active,495.94,False,False,False,1252.4299999999998,False
5772,MCH6356,"pandit, wagle and kata",7011.0,Hotel,Private Limited,Amritsar,Punjab,2024-08-03 09:31:28,XXXX6397,True,Inactive,499.8,False,False,False,1161.77,False
2656,MCH6359,  Pai-Dada  ,,Travel,Individual,Jaipur,Rajasthan,2025-05-27 00:00:00,XFLS9466066220965,True,Active,484.0,False,False,True,1012.28,False
3621,MCH6360_1,"  Desai, Shroff and Goel  ",7011.0,Hotel,Private Limited,Jalandhar,Punjab,2025-11-11 00:00:00,7990572488,True,Inactive,635.23,False,False,False,1161.77,True
2829,MCH6360_2,"Garg, Char and Sharaf",5912.0,Pharmacy,Sole Proprietor,Mumbai,Maharashtra,2024-02-14 01:39:00,DELE6172573272913,True,Active,242.87,False,False,False,1300.55,True
5986,MCH6360_3,Sur Ltd,4814.0,Telecom,Partnership,Pune,Maharashtra,2024-01-13 00:00:00,,False,Active,2499.76,False,False,False,1213.17,True
1759,MCH6361,"Saran, Dhar and Chaudhry",7011.0,Hotel,Sole Proprietor,Delhi,Delhi,2023-04-18 22:29:15,9705258117,True,Active,701.89,False,False,False,1161.77,False
2064,MCH6365_1,Bora-Sood,5311.0,Department Store,Individual,Pune,Maharashtra,2025-06-28 00:00:00,,False,Active,,True,False,False,1356.755,True
4316,MCH6365_2,Raghavan LLC,4131.0,Transportation,Partnership,Hyderabad,Telangana,2023-10-28 00:00:00,,False,Active,2729.02,False,False,False,1225.12,True
3536,MCH6366,"hora, edwin and zacharia",4814.0,Mobile Recharge,Sole Proprietor,Ludhiana,Punjab,2025-03-29 00:00:00,8367872742,True,Active,780.59,False,False,False,1108.585,False
3795,MCH6369,"Chaudhry, Batra and Rama",4131.0,Transportation,Partnership,Jalandhar,Punjab,2024-04-15 00:00:00,3514628122,True,Inactive,612.29,False,False,False,1225.12,False
5052,MCH6370,"Dass, Hegde and Viswanathan",5812.0,Restaurant,Partnership,Jaipur,Rajasthan,2023-03-24 18:53:14,PUYW3534134349316,True,Active,2201.27,False,False,False,1327.31,False
3658,MCH6372_1,G0da and S0ns,5699.0,Apparel,Individual,Chennai,Tamil Nadu,2024-05-14 00:00:00,WEUJ5834386997769,True,Active,515.6,False,False,False,1252.4299999999998,True
6018,MCH6372_2,"MEMON, MASTER AND OAK",5311.0,Department Store,Partnership,Amritsar,Punjab,2024-02-16 01:17:00,,False,Active,,True,False,False,1356.755,True
5434,MCH6376_1,"  Buch, Raj and Karan  ",5699.0,Apparel,Partnership,Hyderabad,Telangana,2024-01-08 06:57:35,IBFA8815501065293,True,Active,1366.82,False,False,False,1252.4299999999998,True
4521,MCH6376_2,"Naik, Dhillon and Sama",5942.0,Books & Stationery,Partnership,Jalandhar,Punjab,2024-01-20 00:00:00,KHDL5323426037616,True,Active,2593.39,False,False,False,1167.225,True
6172,MCH6377_1,BalasubramanianLLC,5912.0,Pharmacy,Individual,Mumbai,Maharashtra,2025-12-06 00:00:00,LULW1753905866525,True,Active,1259.93,False,False,False,1300.55,True
575,MCH6377_2,"Sharma, Bedi and Pandya",5812.0,Restaurant,Partnership,Hyderabad,Telangana,2023-10-03 00:00:00,,False,Suspended,531.47,False,True,False,1327.31,True
6035,MCH6379,CHANA-MAHAJAN,5942.0,Books & Stationery,Private Limited,Bengaluru,Karnataka,2025-08-08 17:00:00,XXXX7525,True,Active,2923.98,False,False,False,1167.225,False
4251,MCH6380,Naik-Kalla,5999.0,Misc Retail,Individual,Pune,Maharashtra,2026-01-02 06:05:56,6290942991,True,Suspended,,True,True,False,1276.92,False
1884,MCH6383_1,Char PLC,4814.0,Mobile Recharge,Sole Proprietor,Bengaluru,Karnataka,2023-10-28 04:05:00,,False,Active,266.0,False,False,False,1108.585,True
536,MCH6383_2,Shere-Mander,,Transportation,Private Limited,Delhi,Delhi,2024-05-20 00:00:00,,False,Suspended,1196.32,False,True,True,1225.12,True
5026,MCH6384,"Rave1, Mane and Madan",5912.0,Pharmacy,Partnership,Delhi,Delhi,2023-04-26 06:56:00,8497490345,True,Active,334.08,False,False,False,1300.55,False
771,MCH6386,Mahajan Inc,5311.0,Retail,Individual,Amritsar,Punjab,2025-02-03 00:00:00,,False,Active,,False,False,False,1126.42,False
394,MCH6388_1,pillai-subramaniam,5699.0,Apparel,Sole Proprietor,Jalandhar,Punjab,2023-04-28 10:55:00,XXXX3833,True,Inactive,2418.46,False,False,False,1252.4299999999998,True
2069,MCH6388_2,  Raval-Cherian  ,,Restaurant,Partnership,Mumbai,Maharashtra,2023-11-15 00:49:17,,False,Active,2297.8,False,False,True,1327.31,True
3614,MCH6390,barman plc,,Pharmacy,Individual,Kolkata,West Bengal,2023-11-24 00:00:00,XXXX9714,True,Active,,True,False,True,1300.55,False
3980,MCH6391_1,"BHATTI, KEER AND GUPTA",4814.0,Telecom,Individual,Mumbai,Maharashtra,2025-08-22 10:17:00,,False,Active,684.0,False,False,False,1213.17,True
6023,MCH6391_2,"SAXENA, SARMA AND MENON",5411.0,Grocery,Individual,Hyderabad,Telangana,2023-05-31 16:32:17,,False,Active,337.0,False,False,False,1233.545,True
1501,MCH6392_1,Golla-Pau,,Misc Retail,Private Limited,Delhi,Delhi,2025-01-04 07:52:24,TXWK8189724291317,True,Active,471.06,False,False,True,1276.92,True
5284,MCH6392_2,NAZARETH PLC,7011.0,Hotel,Individual,Hyderabad,Telangana,2023-05-06 00:00:00,2855125611,True,Active,3645.82,False,False,False,1161.77,True
1708,MCH6392_3,Thaman Ltd,7011.0,Hotel,Partnership,Kolkata,West Bengal,2023-08-03 00:00:00,1989029067,True,Active,691.37,False,False,False,1161.77,True
5036,MCH6394,YogiInc,5699.0,Apparel,Private Limited,Kolkata,West Bengal,2023-10-20 00:00:00,,False,Active,1717.76,False,False,False,1252.4299999999998,False
4334,MCH6396_1,Ganesan-Lad,5311.0,Department Store,Private Limited,Jaipur,Rajasthan,2023-03-16 23:22:53,1072029777,True,Suspended,3700.61,False,True,False,1356.755,True
2978,MCH6396_2,Mani-Puri,5999.0,Misc Retail,Individual,Lucknow,Uttar Pradesh,2025-04-21 00:00:00,XXXX7558,True,Active,4113.97,False,False,False,1276.92,True
4394,MCH6397_1,"CHACKO, GANGULY AND GALA",4814.0,Mobile Recharge,Sole Proprietor,Delhi,Delhi,2023-06-18 10:02:06,KTQR3750781117068,True,Active,,False,False,False,1108.585,True
25,MCH6397_2,"SURI, AGRAWAL AND NATARAJAN",5942.0,Books & Stationery,Partnership,Delhi,Delhi,2024-08-19 00:00:00,,False,Active,547.0,False,False,False,1167.225,True
6158,MCH6397_3,  Tella-Lad  ,5912.0,Pharmacy,Private Limited,Lucknow,Uttar Pradesh,2025-10-10 00:00:00,,False,Active,872.0,False,False,False,1300.55,True
3787,MCH6400,Sem-Keer,5411.0,Grocery,Partnership,Ludhiana,Punjab,2025-12-21 00:00:00,4217077300,True,Active,13683.2,False,False,False,1233.545,False
2876,MCH6401_1,ramachandran-borah,4814.0,Telecom,Private Limited,Bengaluru,Karnataka,2023-07-16 14:03:46,BIIV8391883916775,True,Active,371.0,False,False,False,1213.17,True
4723,MCH6401_2,"Shenoy, Doctor and Gola",5912.0,Pharmacy,Individual,Mumbai,Maharashtra,2025-02-09 13:26:39,,False,Suspended,690.47,False,True,False,1300.55,True
65,MCH6403,"Sahni, Kapur and Ganesh",,Apparel,Private Limited,Chennai,Tamil Nadu,2024-05-30 00:00:00,,False,Active,344.49,False,False,True,1252.4299999999998,False
1099,MCH6404,Tailor Group,5999.0,Misc Retail,Private Limited,Jaipur,Rajasthan,2026-02-04 15:32:58,,False,Suspended,792.4,False,True,False,1276.92,False
879,MCH6405,Jaggi Ltd,5411.0,Grocery,Partnership,Delhi,Delhi,2024-01-26 06:23:00,XXXX6470,True,Active,4074.0,False,False,False,1233.545,False
773,MCH6408,Gade and Sons,5942.0,Books & Stationery,Sole Proprietor,Chennai,Tamil Nadu,2024-06-11 00:00:00,,False,Active,4374.58,False,False,False,1167.225,False
3875,MCH6409,Wason and Sons,5699.0,Apparel,Private Limited,Bengaluru,Karnataka,2024-10-07 00:00:00,TVOP0202048560476,True,Suspended,1111.14,False,True,False,1252.4299999999998,False
5146,MCH6410,Dua-Kara,5699.0,Apparel,Individual,Delhi,Delhi,,,False,Active,1003.3,False,False,False,1252.4299999999998,False
2336,MCH6418,  Doctor Ltd  ,7011.0,Hotel,Sole Proprietor,Jalandhar,Punjab,,,False,Active,1362.45,False,False,False,1161.77,False
1241,MCH6419,"Bhalla, Dubey and Salvi",,Pharmacy,Sole Proprietor,Jaipur,Rajasthan,2024-01-15 01:23:00,,False,Active,3881.01,False,False,True,1300.55,False
3331,MCH6420,Wadhwa and Sons,5912.0,Pharmacy,Partnership,Bengaluru,Karnataka,,0724197412,True,Active,160.44,False,False,False,1300.55,False
2167,MCH6421,WadhwaLtd,5699.0,Apparel,Sole Proprietor,Bengaluru,Karnataka,2024-01-30 21:37:00,,False,Active,1782.12,False,False,False,1252.4299999999998,False
5244,MCH6422_1,"Bhatnagar, Bora and Venkataraman",5912.0,Pharmacy,Sole Proprietor,Pune,Maharashtra,2025-11-05 11:45:00,,False,Active,1587.75,False,False,False,1300.55,True
6164,MCH6422_2,Dayal-Kapur,7011.0,Hotel,Individual,Lucknow,Uttar Pradesh,2023-11-17 00:00:00,XXXX3524,True,Inactive,869.0,False,False,False,1161.77,True
934,MCH6425,Pall-Kanda,5942.0,Books & Stationery,Sole Proprietor,Delhi,Delhi,,,False,Active,,True,False,False,1167.225,False
1322,MCH6427,Bose Inc,5999.0,Misc Retail,Private Limited,Ludhiana,Punjab,2025-07-02 00:00:00,UHFS8061607261976,True,Closed,1949.7,False,False,False,1276.92,False
1056,MCH6429,Doshi Group,5699.0,Apparel,Sole Proprietor,Amritsar,Punjab,2025-10-15 00:00:00,YIYE8202990184325,True,Active,369.26,False,False,False,1252.4299999999998,False
5725,MCH6430,prakash group,4814.0,Telecom,Individual,Hyderabad,Telangana,2025-08-05 00:00:00,,False,Suspended,5278.71,False,True,False,1213.17,False
3262,MCH6431,"batra, pant and devan",7011.0,Hotel,Partnership,Bengaluru,Karnataka,2026-01-31 00:00:00,XXXX1013,True,Inactive,1564.0,False,False,False,1161.77,False
2264,MCH6433,Bhattacharyya Ltd,4814.0,Telecom,Partnership,Bengaluru,Karnataka,2024-12-31 00:00:00,,False,Inactive,1248.03,False,False,False,1213.17,False
2314,MCH6440_1,"Rajagopalan,ParsaandRana",5311.0,Department Store,Partnership,Kolkata,West Bengal,,XXXX7920,True,Active,,False,False,False,1356.755,True
1463,MCH6440_2,Taneja-Mahajan,5311.0,Department Store,Individual,Jalandhar,Punjab,2025-04-17 00:00:00,2419488462,True,Active,6682.66,False,False,False,1356.755,True
596,MCH6441_1,Bhatia and Sons,7011.0,Hotel,Partnership,Lucknow,Uttar Pradesh,2025-12-20 07:37:00,,False,Active,995.16,False,False,False,1161.77,True
5035,MCH6441_2,Boase Group,5942.0,Books & Stationery,Sole Proprietor,Amritsar,Punjab,2024-10-18 00:00:00,XXXX1328,True,Active,4755.4,False,False,False,1167.225,True
1724,MCH6441_3,"Konda, Swaminathan and Patel",4814.0,Mobile Recharge,Individual,Lucknow,Uttar Pradesh,2025-01-30 00:00:00,6182390542,True,Active,,True,False,False,1108.585,True
5804,MCH6445,Shere and Sons,5912.0,Pharmacy,Individual,Ludhiana,Punjab,2025-01-28 00:00:00,,False,Active,766.0,False,False,False,1300.55,False
2964,MCH6446_1,CONTRACTOR LLC,5311.0,Department Store,Individual,Jaipur,Rajasthan,2024-09-23 11:13:22,,False,Active,1356.41,False,False,False,1356.755,True
2041,MCH6446_2,upadhyay-upadhyay,5812.0,Restaurant,Partnership,Jalandhar,Punjab,2024-05-12 15:55:00,,False,Active,,True,False,False,1327.31,True
2880,MCH6447_1,Kant-Tella,7011.0,Hotel,Partnership,Delhi,Delhi,2026-01-22 00:00:00,,False,Active,994.25,False,False,False,1161.77,True
5751,MCH6447_2,"Mody, Dara and Ray",5812.0,Restaurant,Individual,Kolkata,West Bengal,2023-05-19 00:00:00,XXXX4551,True,Active,860.24,False,False,False,1327.31,True
1808,MCH6448_1,"  Kara, Mahal and Borah  ",5699.0,Apparel,Individual,Chennai,Tamil Nadu,2025-02-02 01:23:00,2311602120,True,Suspended,2308.59,False,True,False,1252.4299999999998,True
232,MCH6448_2,  Pal LLC  ,4814.0,Telecom,Partnership,Mumbai,Maharashtra,2024-09-07 00:00:00,XXXX5021,True,Active,1680.84,False,False,False,1213.17,True
564,MCH6449,Chakraborty-Hans,5812.0,Restaurant,Sole Proprietor,Hyderabad,Telangana,2024-03-01 00:00:00,XXXX5646,True,Active,1506.6,False,False,False,1327.31,False
4391,MCH6450_1,bobal ltd,5699.0,Apparel,Individual,Lucknow,Uttar Pradesh,2025-06-25 00:00:00,UETF4584172674537,True,Suspended,3737.71,False,True,False,1252.4299999999998,True
211,MCH6450_2,"Goel, Madan and Gola",5942.0,Books & Stationery,Individual,Chennai,Tamil Nadu,2025-10-15 00:00:00,,False,Suspended,855.0,False,True,False,1167.225,True
3568,MCH6450_3,Mishra PLC,5411.0,Grocery,Individual,Chennai,Tamil Nadu,2024-04-02 01:49:04,,False,Inactive,,False,False,False,1233.545,True
52,MCH6451_1,Chandran Group,5311.0,Department Store,Individual,Jalandhar,Punjab,2025-10-07 00:00:00,5694147499,True,Inactive,165.95,False,False,False,1356.755,True
6177,MCH6451_2,Cheema Ltd,4814.0,Telecom,Partnership,Mumbai,Maharashtra,,,False,Active,,False,False,False,1213.17,True
2593,MCH6454,Nagi-Ch0udhury,5699.0,Apparel,Private Limited,Bengaluru,Karnataka,2024-03-28 00:00:00,XXXX1525,True,Inactive,3116.0,False,False,False,1252.4299999999998,False
5444,MCH6455,Luthra-Wable,5999.0,Misc Retail,Partnership,Mumbai,Maharashtra,2023-09-04 00:00:00,7955476293,True,Active,1528.51,False,False,False,1276.92,False
5516,MCH6460,Deol-Narayanan,5311.0,Retail,Partnership,Mumbai,Maharashtra,2026-01-19 08:20:00,XXXX8283,True,Active,878.73,False,False,False,1126.42,False
2331,MCH6462,"Vaidya, Kunda and Bhavsar",5311.0,Retail,Private Limited,Lucknow,Uttar Pradesh,2025-12-19 00:00:00,5665285252,True,Active,1652.23,False,False,False,1126.42,False
2677,MCH6464,Date LLC,5699.0,Apparel,Private Limited,Bengaluru,Karnataka,2025-12-03 00:00:00,XXXX4137,True,Active,3772.0,False,False,False,1252.4299999999998,False
5003,MCH6465_1,Chadha-Char,5912.0,Pharmacy,Partnership,Kolkata,West Bengal,2023-04-22 17:00:00,5666974983,True,Active,749.37,False,False,False,1300.55,True
1887,MCH6465_2,Mody Ltd,5699.0,Apparel,Sole Proprietor,Chennai,Tamil Nadu,2025-03-01 00:00:00,,False,Inactive,307.0,False,False,False,1252.4299999999998,True
4348,MCH6466,Randhawa LLC,5311.0,Retail,Individual,Pune,Maharashtra,2024-06-03 00:00:00,WUJF6073785687916,True,Active,3082.9,False,False,False,1126.42,False
1306,MCH6468,Golla-Murty,4131.0,Transportation,Partnership,Hyderabad,Telangana,2024-06-20 00:00:00,,False,Active,,False,False,False,1225.12,False
4427,MCH6469,"Bahl, Barad and Dhillon",5311.0,Department Store,Private Limited,Chennai,Tamil Nadu,2025-02-10 00:00:00,,False,Active,,True,False,False,1356.755,False
3581,MCH6473,  Tata Group  ,5812.0,Restaurant,Private Limited,Lucknow,Uttar Pradesh,2023-04-09 00:00:00,3128582685,True,Suspended,2924.69,False,True,False,1327.31,False
2608,MCH6474_1,Bakshi Ltd,5912.0,Pharmacy,Private Limited,Lucknow,Uttar Pradesh,2025-09-06 00:00:00,UIQO0757463991116,True,Active,3871.85,False,False,False,1300.55,True
2057,MCH6474_2,Dewan-Khatri,,Transportation,Partnership,Lucknow,Uttar Pradesh,2023-02-09 22:28:51,,False,Active,,True,False,True,1225.12,True
2871,MCH6474_3,Soni-Raja,5999.0,Misc Retail,Individual,Amritsar,Punjab,2024-01-29 07:23:52,,False,Active,696.57,False,False,False,1276.92,True
1701,MCH6477,Gopal-Dewan,5699.0,Apparel,Sole Proprietor,Mumbai,Maharashtra,2025-12-20 00:00:00,GNKM1008209861483,True,Active,1828.26,False,False,False,1252.4299999999998,False
2944,MCH6480,Sundaram and S0ns,5699.0,Apparel,Partnership,Mumbai,Maharashtra,2023-11-13 01:40:00,XXXX8936,True,Active,680.72,False,False,False,1252.4299999999998,False
1004,MCH6481_1,Kalita Inc,4131.0,Transportation,Private Limited,Mumbai,Maharashtra,2024-11-29 00:00:00,BFCN8370004846639,True,Active,1389.63,False,False,False,1225.12,True
1152,MCH6481_2,"Virk, Shan and Chopra",5812.0,Restaurant,Individual,Pune,Maharashtra,2024-08-07 14:41:31,3425983900,True,Active,2726.92,False,False,False,1327.31,True
2969,MCH6482,Mitra-Agate,5311.0,Department Store,Individual,Amritsar,Punjab,2024-04-06 00:00:00,,False,Inactive,1340.0,False,False,False,1356.755,False
5422,MCH6488,"cheema, dubey and kala",,Apparel,Private Limited,Mumbai,Maharashtra,2024-11-14 00:00:00,,False,Active,1180.07,False,False,True,1252.4299999999998,False
5243,MCH6492,PERI LLC,5912.0,Pharmacy,Individual,Mumbai,Maharashtra,2025-08-20 09:18:03,,False,Active,3574.25,False,False,False,1300.55,False
3631,MCH6493,"SUBRAMANIAM, PRASHAD AND PARMER",,Transportation,Sole Proprietor,Mumbai,Maharashtra,2025-04-13 00:00:00,XXXX8820,True,Inactive,,False,False,True,1225.12,False
4642,MCH6498_1,"Banik, Nadig and Mann",5812.0,Restaurant,Individual,Ludhiana,Punjab,2024-10-30 00:59:00,,False,Active,1076.6,False,False,False,1327.31,True
1373,MCH6498_2,Peri-Saran,,Misc Retail,Private Limited,Kolkata,West Bengal,2025-01-08 22:53:50,XXXX0646,True,Active,7077.96,False,False,True,1276.92,True
2933,MCH6498_3,Sankaran-Gupta,,Grocery,Partnership,Hyderabad,Telangana,2023-10-29 00:00:00,LBQV8100985155327,True,Inactive,992.12,False,False,True,1233.545,True
4357,MCH6501,Ka1a-Garg,,Apparel,Sole Proprietor,Ludhiana,Punjab,2023-05-07 00:00:00,5422601773,True,Active,471.98,False,False,True,1252.4299999999998,False
5565,MCH6502,Mall PLC,5999.0,Misc Retail,Sole Proprietor,Chennai,Tamil Nadu,2025-05-10 03:33:00,,False,Inactive,1695.37,False,False,False,1276.92,False
4195,MCH6504,"wagle, choudhry and patla",5942.0,Books & Stationery,Private Limited,Jalandhar,Punjab,2025-11-14 00:00:00,,False,Active,1748.0,False,False,False,1167.225,False
2060,MCH6507_1,"Ba1akrishnan, Shr0ff and Tank",4131.0,Transportation,Individual,Ludhiana,Punjab,2024-10-28 12:41:00,XEKQ6062690527278,True,Active,1269.14,False,False,False,1225.12,True
161,MCH6507_2,Kadakia PLC,5812.0,Restaurant,Partnership,Chennai,Tamil Nadu,2023-05-01 00:00:00,XXXX3350,True,Active,740.55,False,False,False,1327.31,True
3181,MCH6508_1,Kalla-Ramachandran,5699.0,Apparel,Sole Proprietor,Lucknow,Uttar Pradesh,2024-02-04 12:15:51,,False,Active,321.73,False,False,False,1252.4299999999998,True
4369,MCH6508_2,Varty Inc,5912.0,Pharmacy,Individual,Jalandhar,Punjab,2025-09-18 00:00:00,,False,Active,3434.37,False,False,False,1300.55,True
6123,MCH6511,"Doctor, Sur and Badal",5411.0,Grocery,Sole Proprietor,Pune,Maharashtra,2024-07-27 20:57:52,XXXX9778,True,Active,778.51,False,False,False,1233.545,False
1737,MCH6512,"Sagar, Deep and Rao",,Mobile Recharge,Sole Proprietor,Hyderabad,Telangana,2025-01-11 00:00:00,1702999144,True,Active,,False,False,True,1108.585,False
4563,MCH6513_1,Ch0pra-Kannan,5699.0,Apparel,Sole Proprietor,Pune,Maharashtra,2024-12-11 00:00:00,XXXX5329,True,Active,240.8,False,False,False,1252.4299999999998,True
2084,MCH6513_2,"Krishna, Deshpande and Kar",5311.0,Department Store,Individual,Mumbai,Maharashtra,2025-08-13 00:00:00,XXXX3471,True,Active,2622.03,False,False,False,1356.755,True
6034,MCH6514,Lalla-Palan,5812.0,Restaurant,Individual,Kolkata,West Bengal,2025-03-26 09:22:56,XXXX0164,True,Active,,False,False,False,1327.31,False
4207,MCH6517,"Vig, Sen and Kumar",5699.0,Apparel,Sole Proprietor,Delhi,Delhi,2023-05-05 00:00:00,,False,Active,1024.93,False,False,False,1252.4299999999998,False
1927,MCH6519_1,"  Dhar, Morar and Malhotra  ",5699.0,Apparel,Private Limited,Pune,Maharashtra,2023-05-15 00:27:02,XXXX0332,True,Active,445.06,False,False,False,1252.4299999999998,True
258,MCH6519_2,Mane-Madan,5699.0,Apparel,Partnership,Ludhiana,Punjab,2024-12-25 00:00:00,,False,Active,978.4,False,False,False,1252.4299999999998,True
3561,MCH6520,Manda-Shah,5912.0,Pharmacy,Individual,Kolkata,West Bengal,2024-01-08 00:55:00,,False,Active,1457.02,False,False,False,1300.55,False
3456,MCH6523,Ramanathan-Wali,5999.0,Misc Retail,Private Limited,Bengaluru,Karnataka,2024-08-27 00:00:00,CTGF7705622759501,True,Active,2272.75,False,False,False,1276.92,False
6196,MCH6524,  Chaudry-Lall  ,7011.0,Hotel,Sole Proprietor,Delhi,Delhi,2023-12-25 00:00:00,RGKG5701905439053,True,Inactive,,False,False,False,1161.77,False
3264,MCH6527_1,"Lalla, Bhandari and Mane",5411.0,Grocery,Sole Proprietor,Pune,Maharashtra,2025-07-09 00:00:00,AWSX7915320511081,True,Active,,True,False,False,1233.545,True
2848,MCH6527_2,"Menon, Subramanian and Pai",7011.0,Hotel,Individual,Ludhiana,Punjab,,,False,Active,1220.94,False,False,False,1161.77,True
5479,MCH6530_1,  Muni-Rout  ,5699.0,Apparel,Individual,Pune,Maharashtra,2023-10-15 00:00:00,3811526471,True,Active,938.29,False,False,False,1252.4299999999998,True
6198,MCH6530_2,Yogi-D’Alia,4131.0,Transportation,Private Limited,Jaipur,Rajasthan,2024-06-16 00:00:00,,False,Inactive,828.59,False,False,False,1225.12,True
4037,MCH6535,Nagy and Sons,5411.0,Grocery,Sole Proprietor,Hyderabad,Telangana,2023-11-24 00:00:00,,False,Active,291.26,False,False,False,1233.545,False
3593,MCH6541,"Mahal, Panchal and Doshi",5912.0,Pharmacy,Individual,Mumbai,Maharashtra,2024-06-12 16:15:10,XXXX5174,True,Active,307.0,False,False,False,1300.55,False
1529,MCH6542,  Saraf-Dhingra  ,5311.0,Retail,Sole Proprietor,Mumbai,Maharashtra,2023-12-16 00:00:00,UBFA1146451633512,True,Active,321.72,False,False,False,1126.42,False
6081,MCH6543_1,Goswami-Ray,5699.0,Apparel,Partnership,Chennai,Tamil Nadu,2025-04-04 00:00:00,XXXX9238,True,Active,2501.19,False,False,False,1252.4299999999998,True
2754,MCH6543_2,Nagi-Pradhan,5411.0,Grocery,Private Limited,Mumbai,Maharashtra,2025-07-17 01:33:23,,False,Active,2785.85,False,False,False,1233.545,True
1142,MCH6545_1,"Chanda, Mittal and Venkatesh",5912.0,Pharmacy,Individual,Kolkata,West Bengal,,0281511993,True,Active,909.37,False,False,False,1300.55,True
4420,MCH6545_2,  Garg PLC  ,5699.0,Apparel,Partnership,Ludhiana,Punjab,2024-02-20 00:00:00,,False,Active,1653.52,False,False,False,1252.4299999999998,True
2902,MCH6547,"Gupta,DewanandNadig",5942.0,Books & Stationery,Individual,Hyderabad,Telangana,2023-05-27 00:00:00,,False,Inactive,974.14,False,False,False,1167.225,False
1129,MCH6548_1,"Kaur, Puri and Agate",4814.0,Telecom,Partnership,Hyderabad,Telangana,2023-09-24 18:14:00,0487365346,True,Active,1154.74,False,False,False,1213.17,True
3802,MCH6548_2,"Nayak, Kannan and Chatterjee",5999.0,Misc Retail,Private Limited,Jaipur,Rajasthan,2025-07-28 00:00:00,,False,Active,2065.28,False,False,False,1276.92,True
1639,MCH6551_1,Kala LLC,4131.0,Transportation,Private Limited,Jaipur,Rajasthan,2025-09-11 00:00:00,,False,Active,,False,False,False,1225.12,True
4088,MCH6551_2,Oza LLC,7011.0,Hotel,Private Limited,Lucknow,Uttar Pradesh,2023-07-11 00:00:00,,False,Active,578.45,False,False,False,1161.77,True
6140,MCH6554,vora llc,7011.0,Hotel,Individual,Bengaluru,Karnataka,2024-10-06 15:25:00,,False,Inactive,3625.66,False,False,False,1161.77,False
6136,MCH6555,Tata-Bajwa,5311.0,Retail,Partnership,Lucknow,Uttar Pradesh,2023-12-24 00:00:00,,False,Inactive,3890.0,False,False,False,1126.42,False
4820,MCH6556_1,"Andra, Chaudhary and Kunda",4814.0,Telecom,Partnership,Bengaluru,Karnataka,2023-12-31 00:00:00,IBEQ5874818667293,True,Inactive,327.82,False,False,False,1213.17,True
2613,MCH6556_2,Chana-Barad,5999.0,Misc Retail,Private Limited,Jalandhar,Punjab,2024-06-09 00:00:00,XXXX3130,True,Active,1172.0,False,False,False,1276.92,True
3285,MCH6556_3,"gala, kale and manne",5699.0,Apparel,Partnership,Delhi,Delhi,2025-08-22 00:00:00,,False,Active,760.0,False,False,False,1252.4299999999998,True
3267,MCH6559_1,"Master, Dutta and Dash",5999.0,Misc Retail,Individual,Ludhiana,Punjab,2024-05-12 00:00:00,,False,Active,521.0,False,False,False,1276.92,True
4905,MCH6559_2,Patla Ltd,7011.0,Hotel,Sole Proprietor,Bengaluru,Karnataka,2025-12-18 00:00:00,,False,Active,922.45,False,False,False,1161.77,True
5256,MCH6560,"Pandit, Jayaraman and Chokshi",4814.0,Mobile Recharge,Individual,Hyderabad,Telangana,2023-05-29 00:00:00,3945566171,True,Active,11930.97,False,False,False,1108.585,False
4875,MCH6562,Kant Inc,7011.0,Hotel,Sole Proprietor,Chennai,Tamil Nadu,2024-10-14 00:00:00,XXXX2723,True,Active,2590.35,False,False,False,1161.77,False
3125,MCH6563,naik plc,4131.0,Travel,Individual,Jalandhar,Punjab,2025-04-04 00:38:00,,False,Active,1376.0,False,False,False,1012.28,False
2353,MCH6565,Parmer-Datta,4814.0,Mobile Recharge,Sole Proprietor,Hyderabad,Telangana,2023-07-28 00:00:00,XXXX1044,True,Active,2464.68,False,False,False,1108.585,False
412,MCH6566_1,"  Kala, Talwar and Keer  ",5311.0,Department Store,Private Limited,Chennai,Tamil Nadu,2024-02-15 00:00:00,2935227590,True,Active,,True,False,False,1356.755,True
5137,MCH6566_2,"Purohit, Chacko and Kadakia",4814.0,Mobile Recharge,Private Limited,Chennai,Tamil Nadu,2024-03-10 00:00:00,YAOU8203503390794,True,Closed,1923.82,False,False,False,1108.585,True
3720,MCH6568,MINHAS PLC,7011.0,Hotel,Sole Proprietor,Amritsar,Punjab,2024-04-10 18:11:31,8442730412,True,Active,1486.0,False,False,False,1161.77,False
6004,MCH6570,Venkataraman Ltd,5912.0,Pharmacy,Private Limited,Delhi,Delhi,2024-01-23 00:00:00,,False,Active,332.15,False,False,False,1300.55,False
2704,MCH6572_1,  Naidu PLC  ,5311.0,Department Store,Private Limited,Pune,Maharashtra,2025-03-17 00:00:00,HNFH7484368794581,True,Active,402.0,False,False,False,1356.755,True
3060,MCH6572_2,"Sawhney, Bala and Krish",7011.0,Hotel,Individual,Hyderabad,Telangana,2024-08-06 05:53:00,XXXX3772,True,Inactive,874.21,False,False,False,1161.77,True
1334,MCH6574,"Thaman, Gupta and Barad",4814.0,Mobile Recharge,Private Limited,Pune,Maharashtra,2024-03-03 13:31:25,2887690427,True,Active,1371.71,False,False,False,1108.585,False
5926,MCH6575_1,"Nagarajan, Rout and Suri",,Hotel,Individual,Bengaluru,Karnataka,2025-01-09 00:00:00,,False,Active,,True,False,True,1161.77,True
4160,MCH6575_2,Sanghvi PLC,5942.0,Books & Stationery,Individual,Lucknow,Uttar Pradesh,2025-02-15 00:00:00,JZFS4748636238917,True,Active,819.0,False,False,False,1167.225,True
5550,MCH6577,D’Alia Inc,5699.0,Apparel,Partnership,Bengaluru,Karnataka,2023-05-08 16:50:00,,False,Active,1979.76,False,False,False,1252.4299999999998,False
4185,MCH6578_1,LAL-SACHDEVA,4131.0,Transportation,Partnership,Jalandhar,Punjab,2026-04-01 13:25:00,2444694216,True,Active,1965.27,False,False,False,1225.12,True
2384,MCH6578_2,"Varty, Mutti and Banik",,Books & Stationery,Sole Proprietor,Lucknow,Uttar Pradesh,2025-01-21 04:22:00,,False,Suspended,1771.19,False,True,True,1167.225,True
3188,MCH6582_1,MUKHOPADHYAY PLC,4814.0,Telecom,Individual,Ludhiana,Punjab,,,False,Active,572.51,False,False,False,1213.17,True
5929,MCH6582_2,SAGAR GROUP,5912.0,Pharmacy,Partnership,Kolkata,West Bengal,2023-06-09 00:00:00,,False,Active,1999.0,False,False,False,1300.55,True
551,MCH6583_1,"Iyengar, Puri and Tiwari",5311.0,Department Store,Partnership,Jalandhar,Punjab,2025-07-20 00:00:00,OTYU4679169024065,True,Inactive,4193.64,False,False,False,1356.755,True
5364,MCH6583_2,Raval-Badal,5912.0,Pharmacy,Individual,Kolkata,West Bengal,2025-11-07 00:00:00,6285750236,True,Active,2083.0,False,False,False,1300.55,True
6058,MCH6585_1,Bansal Ltd,5411.0,Grocery,Private Limited,Mumbai,Maharashtra,2025-01-25 10:52:00,WOEP4190245385925,True,Inactive,729.86,False,False,False,1233.545,True
3307,MCH6585_2,KARA-NATH,5699.0,Apparel,Private Limited,Kolkata,West Bengal,2024-12-29 01:18:00,0436756334,True,Inactive,2202.59,False,False,False,1252.4299999999998,True
3740,MCH6586,Pandya PLC,5999.0,Misc Retail,Individual,Bengaluru,Karnataka,2024-04-29 00:00:00,ADLW1268933500473,True,Active,520.0,False,False,False,1276.92,False
2518,MCH6590,HandaInc,5699.0,Apparel,Individual,Kolkata,West Bengal,2024-04-07 00:00:00,IRLC4441881574347,True,Active,2071.46,False,False,False,1252.4299999999998,False
6056,MCH6593_1,"Bajaj, Kha1sa and Wab1e",5699.0,Apparel,Partnership,Mumbai,Maharashtra,2024-10-27 13:25:29,XXXX6331,True,Active,,True,False,False,1252.4299999999998,True
4403,MCH6593_2,Sharma-Ahuja,5411.0,Grocery,Sole Proprietor,Jalandhar,Punjab,2025-06-27 17:43:12,RJHM5836701029342,True,Active,3094.86,False,False,False,1233.545,True
1189,MCH6593_3,"Thakur, V0hra and Kar",5411.0,Grocery,Private Limited,Hyderabad,Telangana,2025-05-26 00:00:00,,False,Active,5861.0,False,False,False,1233.545,True
647,MCH6594,Varkey-Bhatti,5411.0,Grocery,Partnership,Pune,Maharashtra,2025-01-24 23:13:22,7425361686,True,Active,1271.0,False,False,False,1233.545,False
5724,MCH6595,More-Sharma,7011.0,Hotel,Sole Proprietor,Jalandhar,Punjab,2023-11-12 00:00:00,,False,Active,308.54,False,False,False,1161.77,False
2856,MCH6598_1,"Banik, Halder and Sabharwal",7011.0,Hotel,Individual,Mumbai,Maharashtra,2025-06-02 00:00:00,XXXX2729,True,Inactive,230.53,False,False,False,1161.77,True
4802,MCH6598_2,Rajagopalan Inc,5812.0,Restaurant,Individual,Hyderabad,Telangana,2023-04-27 00:00:00,,False,Active,2194.0,False,False,False,1327.31,True
1669,MCH6598_3,"Sachar, Thakkar and Sachar",5699.0,Apparel,Private Limited,Amritsar,Punjab,2024-01-26 00:00:00,FGUE5705085368360,True,Active,421.0,False,False,False,1252.4299999999998,True
554,MCH6600,raju inc,7011.0,Hotel,Individual,Bengaluru,Karnataka,2025-04-18 00:00:00,IHUG8298515768880,True,Active,484.58,False,False,False,1161.77,False
4886,MCH6602,Thakkar Ltd,4131.0,Travel,Partnership,Mumbai,Maharashtra,2023-01-03 08:43:35,XXXX6968,True,Active,483.25,False,False,False,1012.28,False
2013,MCH6603,  Atwal PLC  ,7011.0,Hotel,Sole Proprietor,Jaipur,Rajasthan,2024-08-20 00:00:00,GWCP5106034968553,True,Active,694.88,False,False,False,1161.77,False
3594,MCH6607,Bedi-Bhandari,5812.0,Restaurant,Sole Proprietor,Ludhiana,Punjab,2023-12-30 00:00:00,,False,Active,1203.0,False,False,False,1327.31,False
5210,MCH6608,"puri, dar and mann",,Grocery,Private Limited,Delhi,Delhi,2024-02-10 07:57:42,,False,Active,,True,False,True,1233.545,False
2668,MCH6611,Mand PLC,5411.0,Grocery,Private Limited,Chennai,Tamil Nadu,2023-01-01 00:00:00,,False,Active,,True,False,False,1233.545,False
2033,MCH6612,sule-pillay,5812.0,Restaurant,Partnership,Pune,Maharashtra,2025-09-09 00:00:00,ATSN3885757440400,True,Active,2010.07,False,False,False,1327.31,False
4899,MCH6615,PILLAY GROUP,5942.0,Books & Stationery,Individual,Hyderabad,Telangana,2025-09-12 23:50:08,3204013146,True,Suspended,,True,True,False,1167.225,False
5433,MCH6617_1,"Aurora, Bhakta and Bawa",5311.0,Department Store,Private Limited,Pune,Maharashtra,2023-11-30 00:00:00,,False,Active,324.91,False,False,False,1356.755,True
5006,MCH6617_2,Buch Group,5699.0,Apparel,Sole Proprietor,Hyderabad,Telangana,2024-09-01 00:00:00,,False,Active,1759.15,False,False,False,1252.4299999999998,True
4877,MCH6623,Kakar and Sons,5912.0,Pharmacy,Individual,Pune,Maharashtra,,8474818927,True,Active,1424.35,False,False,False,1300.55,False
3921,MCH6626,Zacharia-Kapadia,5912.0,Pharmacy,Private Limited,Lucknow,Uttar Pradesh,2024-07-25 00:00:00,,False,Inactive,2864.89,False,False,False,1300.55,False
3230,MCH6628,Thakur-Kunda,,Mobile Recharge,Private Limited,Delhi,Delhi,2025-05-13 14:37:00,XXXX4289,True,Active,1718.0,False,False,True,1108.585,False
3549,MCH6630,"  Kalla, Vyas and Lanka  ",5942.0,Books & Stationery,Sole Proprietor,Jaipur,Rajasthan,,,False,Active,257.87,False,False,False,1167.225,False
110,MCH6632,"  Om, Mall and Sandhu  ",,Transportation,Partnership,Lucknow,Uttar Pradesh,2023-07-28 00:00:00,XXXX3092,True,Inactive,996.13,False,False,True,1225.12,False
4240,MCH6634_1,"BOBAL, RANDHAWA AND GUHA",,Misc Retail,Sole Proprietor,Delhi,Delhi,2024-07-17 00:00:00,4957341463,True,Active,3780.75,False,False,True,1276.92,True
2115,MCH6634_2,Dave-Sundaram,5999.0,Misc Retail,Private Limited,Ludhiana,Punjab,2024-12-10 00:00:00,,False,Inactive,1276.14,False,False,False,1276.92,True
777,MCH6635,Sehgal Inc,5812.0,Restaurant,Private Limited,Bengaluru,Karnataka,,,False,Active,1810.23,False,False,False,1327.31,False
758,MCH6637,Sagar Group,5311.0,Retail,Sole Proprietor,Jaipur,Rajasthan,2023-08-16 00:00:00,,False,Active,,True,False,False,1126.42,False
805,MCH6639,Sandal Group,5812.0,Restaurant,Sole Proprietor,Amritsar,Punjab,2024-05-29 07:36:20,7230745501,True,Active,3334.16,False,False,False,1327.31,False
1578,MCH6641,Sunder-Taneja,5411.0,Grocery,Individual,Kolkata,West Bengal,2025-12-24 23:48:00,,False,Active,126.11,False,False,False,1233.545,False
1331,MCH6643,"BALA, PALLA AND SRINIVAS",5942.0,Books & Stationery,Private Limited,Jalandhar,Punjab,2023-06-13 10:35:36,3868687292,True,Active,1698.35,False,False,False,1167.225,False
3691,MCH6645_1,buch llc,4131.0,Transportation,Private Limited,Amritsar,Punjab,2024-09-25 00:00:00,,False,Active,102.32,False,False,False,1225.12,True
5198,MCH6645_2,Kalla Ltd,,Apparel,Partnership,Amritsar,Punjab,2023-01-29 13:22:00,CBQP9610741406951,True,Active,329.87,False,False,True,1252.4299999999998,True
3058,MCH6650_1,Kuruvi11a-G01a,5942.0,Books & Stationery,Private Limited,Bengaluru,Karnataka,2024-07-16 00:00:00,XXXX4971,True,Inactive,2725.71,False,False,False,1167.225,True
1965,MCH6650_2,Reddy LLC,,Grocery,Sole Proprietor,Pune,Maharashtra,2024-02-28 00:00:00,XXXX5775,True,Active,3251.25,False,False,True,1233.545,True
426,MCH6651_1,"CHOUDHRY, SARMA AND SESHADRI",7011.0,Hotel,Sole Proprietor,Delhi,Delhi,2024-10-05 13:55:27,SMUJ2866206053187,True,Active,2606.0,False,False,False,1161.77,True
143,MCH6651_2,"Mahajan, Vig and Balakrishnan",5411.0,Grocery,Partnership,Delhi,Delhi,2023-02-17 00:00:00,ZZEW6214809734757,True,Active,1407.45,False,False,False,1233.545,True
3223,MCH6654_1,Cheema-Dara,7011.0,Hotel,Partnership,Mumbai,Maharashtra,2023-12-26 12:35:00,ETTT3125962256169,True,Active,581.25,False,False,False,1161.77,True
5339,MCH6654_2,Tella Group,5812.0,Restaurant,Sole Proprietor,Hyderabad,Telangana,,,False,Active,1438.0,False,False,False,1327.31,True
1654,MCH6656,uppal llc,5812.0,Restaurant,Individual,Ludhiana,Punjab,2023-10-11 00:00:00,XXXX4591,True,Active,488.8,False,False,False,1327.31,False
2779,MCH6657,Atwal-Sarraf,5411.0,Grocery,Partnership,Hyderabad,Telangana,,,False,Active,804.0,False,False,False,1233.545,False
5230,MCH6660_1,BISWAS GROUP,4131.0,Transportation,Sole Proprietor,Chennai,Tamil Nadu,2025-03-18 22:30:52,,False,Active,204.05,False,False,False,1225.12,True
206,MCH6660_2,N0ri Gr0up,4814.0,Telecom,Sole Proprietor,Chennai,Tamil Nadu,2023-05-26 00:00:00,XXXX4499,True,Active,3030.0,False,False,False,1213.17,True
5919,MCH6662,Din-Gour,5999.0,Misc Retail,Individual,Pune,Maharashtra,2024-02-26 00:00:00,XXXX2767,True,Active,3959.93,False,False,False,1276.92,False
2561,MCH6665,WadhwaInc,5311.0,Department Store,Private Limited,Delhi,Delhi,2025-07-05 00:00:00,,False,Active,1714.72,False,False,False,1356.755,False
5858,MCH6666_1,"atwal, sahni and baral",5311.0,Retail,Private Limited,Mumbai,Maharashtra,2025-03-03 00:00:00,,False,Inactive,2735.37,False,False,False,1126.42,True
5105,MCH6666_2,  Baral Inc  ,5699.0,Apparel,Individual,Bengaluru,Karnataka,2025-12-22 00:00:00,DXHD9016941179950,True,Active,381.87,False,False,False,1252.4299999999998,True
4624,MCH6667,Konda-Jain,5912.0,Pharmacy,Sole Proprietor,Hyderabad,Telangana,2024-10-16 00:00:00,,False,Active,2831.62,False,False,False,1300.55,False
1836,MCH6670,SAWHNEY INC,5411.0,Grocery,Individual,Bengaluru,Karnataka,2026-01-17 00:00:00,XXXX5717,True,Active,,True,False,False,1233.545,False
318,MCH6671,Chandran-Dada,5699.0,Apparel,Partnership,Amritsar,Punjab,2023-04-12 00:00:00,6648722960,True,Active,2579.5,False,False,False,1252.4299999999998,False
792,MCH6672_1,"Mittal, Bajwa and Guha",5812.0,Restaurant,Individual,Delhi,Delhi,2023-08-09 00:00:00,XXXX4811,True,Active,3663.66,False,False,False,1327.31,True
972,MCH6672_2,nagarajan inc,5812.0,Restaurant,Partnership,Lucknow,Uttar Pradesh,2024-10-11 00:00:00,,False,Active,9245.49,False,False,False,1327.31,True
2666,MCH6675,Vora and Sons,,Apparel,Partnership,Ludhiana,Punjab,2025-07-31 00:00:00,XXXX5119,True,Active,769.28,False,False,True,1252.4299999999998,False
5382,MCH6676,Balakrishnan-Baral,4131.0,Transportation,Partnership,Chennai,Tamil Nadu,2025-08-02 10:17:51,,False,Active,1126.87,False,False,False,1225.12,False
1853,MCH6677,"DESHMUKH, CHOUDHRY AND LAD",5912.0,Pharmacy,Private Limited,Jalandhar,Punjab,2024-12-05 00:00:00,,False,Inactive,2949.0,False,False,False,1300.55,False
2513,MCH6680,Vaidya-Agrawal,5999.0,Misc Retail,Partnership,Delhi,Delhi,2025-05-28 00:00:00,,False,Active,,False,False,False,1276.92,False
3711,MCH6681,Baria PLC,4131.0,Transportation,Individual,Delhi,Delhi,2026-02-17 00:00:00,0443076547,True,Inactive,1343.0,False,False,False,1225.12,False
3785,MCH6683_1,Konda-Nagar,4814.0,Telecom,Individual,Ludhiana,Punjab,2025-09-20 10:19:00,,False,Active,4740.89,False,False,False,1213.17,True
3257,MCH6683_2,Pai Inc,5411.0,Grocery,Individual,Chennai,Tamil Nadu,2025-11-29 00:42:00,XSXE7944444672498,True,Active,,True,False,False,1233.545,True
5320,MCH6692_1,Kamdar Inc,5999.0,Misc Retail,Private Limited,Lucknow,Uttar Pradesh,2023-09-02 00:00:00,,False,Active,116.28,False,False,False,1276.92,True
260,MCH6692_2,"  Mohan, Ravi and Sinha  ",7011.0,Hotel,Partnership,Jalandhar,Punjab,2023-05-10 00:00:00,UFCM4399349836488,True,Active,641.51,False,False,False,1161.77,True
4199,MCH6692_3,  Parekh Group  ,5942.0,Books & Stationery,Partnership,Amritsar,Punjab,2023-12-23 00:00:00,XXXX5642,True,Active,3070.0,False,False,False,1167.225,True
2767,MCH6697_1,ANDRA-SENGUPTA,5411.0,Grocery,Partnership,Bengaluru,Karnataka,2025-10-09 00:00:00,,False,Inactive,1006.44,False,False,False,1233.545,True
1246,MCH6697_2,"Chanda, Chakraborty and Mand",4814.0,Telecom,Individual,Pune,Maharashtra,2025-09-29 15:02:00,4744924569,True,Active,706.35,False,False,False,1213.17,True
4844,MCH6700,RAVI LTD,4814.0,Telecom,Partnership,Pune,Maharashtra,,,False,Active,219.11,False,False,False,1213.17,False
250,MCH6707_1,Chandra Group,4814.0,Mobile Recharge,Private Limited,Ludhiana,Punjab,2024-02-10 21:32:02,,False,Active,648.63,False,False,False,1108.585,True
5741,MCH6707_2,Kari Ltd,,Books & Stationery,Sole Proprietor,Bengaluru,Karnataka,2025-06-21 00:00:00,8891593046,True,Active,1949.47,False,False,True,1167.225,True
4534,MCH6708_1,Soman and Sons,5912.0,Pharmacy,Private Limited,Ludhiana,Punjab,2025-06-03 00:00:00,9694442119,True,Active,957.0,False,False,False,1300.55,True
1403,MCH6708_2,Wali LLC,7011.0,Hotel,Sole Proprietor,Amritsar,Punjab,2023-04-09 00:00:00,1946521583,True,Active,469.66,False,False,False,1161.77,True
2995,MCH6711,Loyal-Srinivasan,5411.0,Grocery,Partnership,Hyderabad,Telangana,2025-06-15 00:00:00,XXXX4153,True,Inactive,931.24,False,False,False,1233.545,False
5488,MCH6716,Shan PLC,5699.0,Apparel,Partnership,Amritsar,Punjab,2025-09-07 00:00:00,XXXX2064,True,Active,1208.93,False,False,False,1252.4299999999998,False
1769,MCH6718,Chaudry-Ramachandran,4814.0,Mobile Recharge,Individual,Lucknow,Uttar Pradesh,2024-07-19 00:00:00,XXXX5658,True,Active,1635.83,False,False,False,1108.585,False
1699,MCH6720,"dhingra, shukla and edwin",5912.0,Pharmacy,Partnership,Amritsar,Punjab,2025-08-07 00:00:00,XXXX5057,True,Active,638.0,False,False,False,1300.55,False
3108,MCH6721_1,Pradhan-Taneja,5411.0,Grocery,Individual,Bengaluru,Karnataka,,XXXX4118,True,Active,433.36,False,False,False,1233.545,True
5688,MCH6721_2,"Saran, Varughese and Savant",5912.0,Pharmacy,Individual,Ludhiana,Punjab,2025-11-11 00:00:00,EEDF3505931890281,True,Active,1696.94,False,False,False,1300.55,True
1443,MCH6722_1,bhagat llc,5999.0,Misc Retail,Sole Proprietor,Mumbai,Maharashtra,2023-05-13 00:00:00,,False,Active,211.13,False,False,False,1276.92,True
3983,MCH6722_2,Khalsa-Kapadia,5912.0,Pharmacy,Partnership,Bengaluru,Karnataka,2023-03-06 00:00:00,4686133127,True,Active,2042.78,False,False,False,1300.55,True
687,MCH6726,Boase-Chatterjee,7011.0,Hotel,Individual,Chennai,Tamil Nadu,2024-04-10 07:16:24,,False,Suspended,1583.09,False,True,False,1161.77,False
3066,MCH6729_1,  Khatri and Sons  ,,Pharmacy,Partnership,Chennai,Tamil Nadu,2023-07-01 00:00:00,TABO6915851442100,True,Active,,False,False,True,1300.55,True
1648,MCH6729_2,Sharma and Sons,5311.0,Retail,Partnership,Amritsar,Punjab,2023-01-27 00:00:00,,False,Active,442.47,False,False,False,1126.42,True
3556,MCH6730,"Babu, Sarma and Setty",5912.0,Pharmacy,Partnership,Lucknow,Uttar Pradesh,2023-10-28 00:00:00,XXXX4738,True,Active,1118.53,False,False,False,1300.55,False
4536,MCH6731_1,dhar llc,5311.0,Department Store,Private Limited,Kolkata,West Bengal,2023-03-11 18:37:00,,False,Active,1373.69,False,False,False,1356.755,True
2948,MCH6731_2,ThakurPLC,5812.0,Restaurant,Individual,Hyderabad,Telangana,2025-10-25 00:00:00,,False,Active,305.3,False,False,False,1327.31,True
3914,MCH6731_3,Wagle-Pau,5812.0,Restaurant,Private Limited,Amritsar,Punjab,2025-09-26 23:01:57,,False,Active,2980.89,False,False,False,1327.31,True
592,MCH6737,Kohli Inc,5942.0,Books & Stationery,Partnership,Ludhiana,Punjab,2023-07-06 00:00:00,7394942754,True,Active,675.29,False,False,False,1167.225,False
5906,MCH6738_1,  Bhavsar LLC  ,5699.0,Apparel,Individual,Lucknow,Uttar Pradesh,2024-05-29 00:00:00,,False,Active,,False,False,False,1252.4299999999998,True
272,MCH6738_2,"Jain, Kothari and Subramanian",4814.0,Telecom,Individual,Delhi,Delhi,2025-12-06 23:26:23,MCPW5267667383117,True,Inactive,1846.61,False,False,False,1213.17,True
1650,MCH6741,PARIKH-BHATT,7011.0,Hotel,Partnership,Delhi,Delhi,2025-06-20 00:00:00,,False,Inactive,664.53,False,False,False,1161.77,False
3363,MCH6742_1,"Garde, Chaudhry and Mistry",7011.0,Hotel,Sole Proprietor,Jalandhar,Punjab,2024-05-03 00:00:00,,False,Active,646.0,False,False,False,1161.77,True
5081,MCH6742_2,Mammen Gr0up,4814.0,Mobile Recharge,Private Limited,Kolkata,West Bengal,2024-03-20 00:00:00,XXXX8463,True,Active,6284.1,False,False,False,1108.585,True
3238,MCH6743_1,Manne-Prasad,5999.0,Misc Retail,Individual,Amritsar,Punjab,2025-07-14 00:03:11,XXXX4125,True,Inactive,,False,False,False,1276.92,True
1431,MCH6743_2,"mistry, acharya and rau",,Misc Retail,Private Limited,Kolkata,West Bengal,2025-07-25 00:00:00,XXXX9521,True,Active,,True,False,True,1276.92,True
3429,MCH6743_3,Patla Inc,4814.0,Mobile Recharge,Private Limited,Mumbai,Maharashtra,2026-02-20 00:00:00,EOKT5528330953242,True,Active,,False,False,False,1108.585,True
2105,MCH6743_4,Zacharia Inc,5411.0,Grocery,Individual,Delhi,Delhi,2024-03-31 03:21:00,XXXX6034,True,Active,1075.68,False,False,False,1233.545,True
4696,MCH6744,GREWAL INC,5999.0,Misc Retail,Private Limited,Hyderabad,Telangana,2023-12-01 00:00:00,,False,Active,1886.71,False,False,False,1276.92,False
1222,MCH6745,Chaudry PLC,7011.0,Hotel,Individual,Lucknow,Uttar Pradesh,2023-05-16 00:00:00,,False,Inactive,2605.91,False,False,False,1161.77,False
3555,MCH6746,"Tank, Chanda and Kothari",5411.0,Grocery,Private Limited,Ludhiana,Punjab,2024-02-04 00:00:00,2882499145,True,Active,2445.51,False,False,False,1233.545,False
2035,MCH6748,Sathe Inc,5411.0,Grocery,Sole Proprietor,Kolkata,West Bengal,2023-05-07 00:00:00,,False,Inactive,1451.17,False,False,False,1233.545,False
1275,MCH6751,Jhaveri-Rege,5942.0,Books & Stationery,Private Limited,Jalandhar,Punjab,2023-07-30 00:00:00,,False,Active,1649.91,False,False,False,1167.225,False
1694,MCH6755,Subramaniam Inc,7011.0,Hotel,Partnership,Delhi,Delhi,2024-03-23 00:00:00,,False,Active,1535.05,False,False,False,1161.77,False
467,MCH6756,Mangal PLC,5812.0,Restaurant,Individual,Kolkata,West Bengal,2024-12-21 00:00:00,XXXX7752,True,Active,689.85,False,False,False,1327.31,False
2764,MCH6757,Brar-Saha,5942.0,Books & Stationery,Sole Proprietor,Ludhiana,Punjab,2024-05-09 00:00:00,NTTY4243627390116,True,Active,602.25,False,False,False,1167.225,False
4043,MCH6758,"Kaul, Vyas and Bobal",5912.0,Pharmacy,Sole Proprietor,Jaipur,Rajasthan,,OLOU3337406191926,True,Active,1560.09,False,False,False,1300.55,False
755,MCH6764,rama-vora,4131.0,Transportation,Partnership,Hyderabad,Telangana,2025-08-22 07:58:18,XXXX1624,True,Active,892.82,False,False,False,1225.12,False
253,MCH6765_1,Handa PLC,5912.0,Pharmacy,Individual,Kolkata,West Bengal,2023-10-30 00:00:00,,False,Active,,True,False,False,1300.55,True
3014,MCH6765_2,KONDA-MANDAL,4814.0,Telecom,Sole Proprietor,Mumbai,Maharashtra,2025-01-23 00:00:00,,False,Active,,False,False,False,1213.17,True
5135,MCH6765_3,Sengupta-Keer,5912.0,Pharmacy,Individual,Delhi,Delhi,2025-11-17 00:00:00,XXXX7076,True,Active,1250.47,False,False,False,1300.55,True
750,MCH6770,CHAUDHARI-DEWAN,5942.0,Books & Stationery,Sole Proprietor,Jaipur,Rajasthan,,,False,Active,1139.41,False,False,False,1167.225,False
2929,MCH6772,"Sarin,KaleandBava",5411.0,Grocery,Individual,Amritsar,Punjab,2024-03-12 00:00:00,4810020944,True,Inactive,893.58,False,False,False,1233.545,False
2640,MCH6773,"parmar, sahota and rajagopalan",5999.0,Misc Retail,Sole Proprietor,Pune,Maharashtra,2024-02-23 00:00:00,GSZT9943608461358,True,Active,3042.0,False,False,False,1276.92,False
5353,MCH6774,PARSA LTD,5699.0,Apparel,Private Limited,Amritsar,Punjab,2023-01-17 00:00:00,,False,Active,2007.14,False,False,False,1252.4299999999998,False
3013,MCH6775,La11 Gr0up,5999.0,Misc Retail,Private Limited,Chennai,Tamil Nadu,,WEWN8816151774902,True,Inactive,196.61,False,False,False,1276.92,False
2479,MCH6776_1,"Bhat, Hans and Maharaj",5812.0,Restaurant,Individual,Ludhiana,Punjab,2024-09-17 21:52:50,XXXX5302,True,Inactive,699.0,False,False,False,1327.31,True
3687,MCH6776_2,  Hari-Tak  ,4131.0,Transportation,Sole Proprietor,Jalandhar,Punjab,2025-05-25 00:00:00,MRFF6144887569600,True,Inactive,1189.41,False,False,False,1225.12,True
1258,MCH6776_3,"Khanna, Kadakia and Hans",5942.0,Books & Stationery,Partnership,Jalandhar,Punjab,2024-12-16 14:27:00,,False,Active,7527.28,False,False,False,1167.225,True
36,MCH6777,LALL-DATE,5411.0,Grocery,Partnership,Lucknow,Uttar Pradesh,2023-12-20 14:05:11,XXXX6676,True,Active,1143.87,False,False,False,1233.545,False
1343,MCH6780,"  Bhatia, Dalal and Kapur  ",5999.0,Misc Retail,Private Limited,Jalandhar,Punjab,2025-05-24 00:31:32,,False,Active,,True,False,False,1276.92,False
1009,MCH6782_1,  Basu PLC  ,5812.0,Restaurant,Private Limited,Delhi,Delhi,2025-08-30 00:00:00,,False,Active,,True,False,False,1327.31,True
2748,MCH6782_2,JANI-BHAKTA,7011.0,Hotel,Private Limited,Delhi,Delhi,2024-10-29 00:00:00,1624647213,True,Active,289.03,False,False,False,1161.77,True
365,MCH6783_1,"Deep, Pall and Suri",5912.0,Pharmacy,Individual,Lucknow,Uttar Pradesh,2025-11-28 13:45:00,,False,Active,1131.0,False,False,False,1300.55,True
1684,MCH6783_2,Raju Group,5812.0,Restaurant,Individual,Mumbai,Maharashtra,2025-05-17 11:49:22,XXXX7297,True,Active,,False,False,False,1327.31,True
5634,MCH6785,rai llc,7011.0,Hotel,Sole Proprietor,Chennai,Tamil Nadu,2024-12-01 08:40:45,,False,Active,2498.92,False,False,False,1161.77,False
3335,MCH6789,Sanghvi-Garg,5699.0,Apparel,Individual,Kolkata,West Bengal,,XXXX2367,True,Active,8043.93,False,False,False,1252.4299999999998,False
3781,MCH6795,"Hans, Majumdar and Mangat",5999.0,Misc Retail,Individual,Hyderabad,Telangana,2023-06-05 00:00:00,,False,Active,1573.9,False,False,False,1276.92,False
2124,MCH6802,"deo, vohra and palla",5311.0,Department Store,Private Limited,Delhi,Delhi,2024-04-11 00:00:00,,False,Active,1823.92,False,False,False,1356.755,False
3009,MCH6803,  Babu-Aggarwal  ,5942.0,Books & Stationery,Partnership,Pune,Maharashtra,2025-05-24 00:00:00,KCIX8411550946242,True,Active,2653.94,False,False,False,1167.225,False
4203,MCH6804,Johal and Sons,5699.0,Apparel,Sole Proprietor,Chennai,Tamil Nadu,2025-10-13 00:00:00,9253208573,True,Inactive,4018.13,False,False,False,1252.4299999999998,False
4375,MCH6805,Dora Ltd,5311.0,Department Store,Private Limited,Mumbai,Maharashtra,2025-09-17 00:00:00,4896284694,True,Active,371.73,False,False,False,1356.755,False
1164,MCH6806_1,Badal-Bhasin,5411.0,Grocery,Individual,Hyderabad,Telangana,2025-12-05 00:00:00,,False,Active,23208.4,False,False,False,1233.545,True
3453,MCH6806_2,Virk-Batra,7011.0,Hotel,Sole Proprietor,Jaipur,Rajasthan,2024-01-04 17:25:45,1113737217,True,Active,687.46,False,False,False,1161.77,True
3386,MCH6809,  Reddy-Bhatt  ,,Apparel,Partnership,Bengaluru,Karnataka,2024-08-05 00:00:00,,False,Active,2382.0,False,False,True,1252.4299999999998,False
3715,MCH6812,"Gade, Badami and Choudhary",4814.0,Mobile Recharge,Sole Proprietor,Amritsar,Punjab,2023-12-21 00:00:00,,False,Active,,True,False,False,1108.585,False
5874,MCH6814,Gara-Seth,4814.0,Telecom,Private Limited,Jaipur,Rajasthan,2024-07-02 00:00:00,2121833537,True,Active,,True,False,False,1213.17,False
4599,MCH6815,"Borra, Talwar and Jha",4814.0,Telecom,Partnership,Jalandhar,Punjab,,0561076238,True,Active,750.82,False,False,False,1213.17,False
1633,MCH6816,Muni-Bakshi,,Books & Stationery,Private Limited,Mumbai,Maharashtra,2025-10-19 19:36:20,3427916602,True,Suspended,1412.92,False,True,True,1167.225,False
741,MCH6818_1,"Bava, Badami and Sodhi",5311.0,Department Store,Partnership,Mumbai,Maharashtra,2023-03-16 00:00:00,JOTB5244966377910,True,Active,,True,False,False,1356.755,True
1165,MCH6818_2,"Halder, Tata and Chand",7011.0,Hotel,Sole Proprietor,Kolkata,West Bengal,2025-04-20 00:00:00,,False,Active,233.0,False,False,False,1161.77,True
853,MCH6818_3,  Kaur Ltd  ,,Department Store,Individual,Ludhiana,Punjab,2024-02-23 00:00:00,,False,Active,333.34,False,False,True,1356.755,True
255,MCH6819_1,"ARYA, BASSI AND KAUR",,Misc Retail,Partnership,Amritsar,Punjab,2025-11-19 00:00:00,,False,Active,2433.05,False,False,True,1276.92,True
2832,MCH6819_2,"Krishnan, Pal and Nayar",5812.0,Restaurant,Sole Proprietor,Hyderabad,Telangana,2025-10-17 18:49:43,,False,Active,499.0,False,False,False,1327.31,True
212,MCH6822,"Sankar, Deol and Goswami",4814.0,Telecom,Sole Proprietor,Jaipur,Rajasthan,2025-03-31 00:00:00,XXXX2270,True,Closed,,True,False,False,1213.17,False
5975,MCH6824,"  Talwar, Ramesh and Hora  ",,Books & Stationery,Sole Proprietor,Bengaluru,Karnataka,2023-09-10 00:00:00,XXXX8796,True,Active,3249.65,False,False,True,1167.225,False
4646,MCH6825_1,Biswas-Nadig,5999.0,Misc Retail,Sole Proprietor,Jalandhar,Punjab,2023-12-10 10:16:00,FNXI2179536432243,True,Inactive,872.49,False,False,False,1276.92,True
3423,MCH6825_2,Viswanathan Ltd,5912.0,Pharmacy,Partnership,Mumbai,Maharashtra,2023-01-10 00:00:00,7090133493,True,Active,1083.22,False,False,False,1300.55,True
4492,MCH6827,Mangat and Sons,5912.0,Pharmacy,Sole Proprietor,Jalandhar,Punjab,,4120235225,True,Active,1859.4,False,False,False,1300.55,False
3669,MCH6828,Warrior-Bhardwaj,4814.0,Telecom,Partnership,Lucknow,Uttar Pradesh,2023-06-01 00:00:00,NTMS5038197940684,True,Active,2500.44,False,False,False,1213.17,False
1325,MCH6829,"Natarajan, Thaker and Aggarwal",5912.0,Pharmacy,Sole Proprietor,Mumbai,Maharashtra,2024-01-24 00:00:00,,False,Active,1746.05,False,False,False,1300.55,False
119,MCH6831_1,"Kothari, De and Arora",5999.0,Misc Retail,Individual,Kolkata,West Bengal,2025-11-17 16:43:00,FVLK6104664273261,True,Suspended,,False,True,False,1276.92,True
4422,MCH6831_2,Kurian and Sons,4131.0,Transportation,Private Limited,Pune,Maharashtra,2024-09-08 00:00:00,,False,Active,350.65,False,False,False,1225.12,True
1736,MCH6832,"Chaudry, Barman and Patla",5812.0,Restaurant,Sole Proprietor,Lucknow,Uttar Pradesh,2024-09-03 00:00:00,3762925357,True,Inactive,617.14,False,False,False,1327.31,False
2692,MCH6836,Gola-Rout,5999.0,Misc Retail,Sole Proprietor,Bengaluru,Karnataka,2025-12-03 00:00:00,6402935239,True,Suspended,2040.92,False,True,False,1276.92,False
543,MCH6837_1,Oommen-Thaker,,Books & Stationery,Individual,Jalandhar,Punjab,2025-11-10 16:08:00,6324216769,True,Inactive,1750.4,False,False,True,1167.225,True
5619,MCH6837_2,"  Wali, Upadhyay and Shukla  ",5411.0,Grocery,Sole Proprietor,Hyderabad,Telangana,2025-05-22 00:00:00,MLUM4465205062232,True,Inactive,,True,False,False,1233.545,True
2413,MCH6838,Wali-Nair,5912.0,Pharmacy,Private Limited,Delhi,Delhi,2023-11-12 00:00:00,3622849709,True,Active,1461.29,False,False,False,1300.55,False
4419,MCH6839_1,  Kapoor-Dubey  ,4814.0,Telecom,Partnership,Delhi,Delhi,2024-10-13 00:00:00,,False,Inactive,2336.23,False,False,False,1213.17,True
3165,MCH6839_2,Saha LLC,5411.0,Grocery,Individual,Chennai,Tamil Nadu,2025-07-20 00:00:00,XXXX2777,True,Active,1531.04,False,False,False,1233.545,True
5017,MCH6839_3,VARUGHESE LLC,5912.0,Pharmacy,Individual,Jaipur,Rajasthan,2025-05-05 00:00:00,4050131250,True,Active,1354.0,False,False,False,1300.55,True
1452,MCH6840,saini group,5411.0,Grocery,Private Limited,Bengaluru,Karnataka,2024-09-15 00:00:00,4326022170,True,Active,,True,False,False,1233.545,False
3596,MCH6843_1,Gupta Gr0up,5942.0,Books & Stationery,Sole Proprietor,Jaipur,Rajasthan,,WRES2664733004628,True,Active,825.48,False,False,False,1167.225,True
3139,MCH6843_2,TATA-BORAH,,Books & Stationery,Sole Proprietor,Mumbai,Maharashtra,2023-04-25 00:00:00,,False,Active,395.55,False,False,True,1167.225,True
3811,MCH6843_3,"Thakkar, Date and Balasubramanian",5699.0,Apparel,Individual,Mumbai,Maharashtra,2024-06-19 00:00:00,CATP2399171338860,True,Active,2750.74,False,False,False,1252.4299999999998,True
5370,MCH6844,"bedi, gill and dube",7011.0,Hotel,Partnership,Kolkata,West Bengal,2025-06-11 00:00:00,MUIE3650763763562,True,Active,713.58,False,False,False,1161.77,False
5,MCH6848,Dora LLC,5311.0,Department Store,Partnership,Chennai,Tamil Nadu,2025-09-20 22:23:18,DUSD7272281625368,True,Active,1272.49,False,False,False,1356.755,False
4774,MCH6851,Chaudhary and S0ns,4131.0,Transportation,Individual,Kolkata,West Bengal,2023-04-03 00:00:00,XXXX0557,True,Active,4509.31,False,False,False,1225.12,False
444,MCH6852,Swamy-Srinivas,4814.0,Telecom,Private Limited,Chennai,Tamil Nadu,,SOKG3294393943682,True,Active,,True,False,False,1213.17,False
4181,MCH6853,Prashad PLC,7011.0,Hotel,Private Limited,Delhi,Delhi,2024-06-13 00:00:00,KVIV4494971706487,True,Active,410.64,False,False,False,1161.77,False
1740,MCH6854,Singh-Pandya,5942.0,Books & Stationery,Partnership,Amritsar,Punjab,2023-07-22 14:48:37,,False,Active,353.0,False,False,False,1167.225,False
2143,MCH6855,"Soman, Ravel and Anand",5411.0,Grocery,Private Limited,Kolkata,West Bengal,2026-02-06 00:00:00,XXXX2710,True,Active,1385.58,False,False,False,1233.545,False
5580,MCH6856,"  Dalal, Morar and Gala  ",7011.0,Hotel,Private Limited,Chennai,Tamil Nadu,2025-11-18 11:40:38,XXXX3477,True,Active,,True,False,False,1161.77,False
4636,MCH6857,Barad and Sons,7011.0,Hotel,Partnership,Jalandhar,Punjab,2025-09-24 12:38:27,8351493566,True,Active,2452.63,False,False,False,1161.77,False
603,MCH6860,buch plc,5699.0,Apparel,Private Limited,Kolkata,West Bengal,2025-01-09 00:00:00,,False,Active,364.0,False,False,False,1252.4299999999998,False
4350,MCH6861_1,Gandhi-Shukla,,Grocery,Partnership,Kolkata,West Bengal,2024-01-09 00:00:00,,False,Active,1540.0,False,False,True,1233.545,True
6053,MCH6861_2,Venkataraman Ltd,5999.0,Misc Retail,Private Limited,Mumbai,Maharashtra,2023-07-24 17:35:00,2685186379,True,Active,810.0,False,False,False,1276.92,True
3221,MCH6862_1,"Agrawal, Butala and Ravi",5912.0,Pharmacy,Private Limited,Mumbai,Maharashtra,2025-01-25 00:00:00,,False,Active,1279.37,False,False,False,1300.55,True
5285,MCH6862_2,Misra-Dada,4814.0,Telecom,Private Limited,Kolkata,West Bengal,2025-08-12 00:00:00,XXXX0069,True,Active,736.0,False,False,False,1213.17,True
3080,MCH6863,Mani Group,5311.0,Department Store,Individual,Jaipur,Rajasthan,2024-05-30 00:00:00,EJVY0425294699404,True,Active,2985.0,False,False,False,1356.755,False
2802,MCH6865,Mander-Chakrabarti,7011.0,Hotel,Private Limited,Mumbai,Maharashtra,2023-04-20 10:35:00,,False,Active,,True,False,False,1161.77,False
1500,MCH6866_1,Gill-Shere,,Books & Stationery,Individual,Kolkata,West Bengal,2025-01-03 00:00:00,XXXX3682,True,Active,4194.0,False,False,True,1167.225,True
6192,MCH6866_2,Shroff PLC,5912.0,Pharmacy,Partnership,Ludhiana,Punjab,2023-01-16 00:00:00,4290543649,True,Active,1819.8,False,False,False,1300.55,True
2719,MCH6866_3,Thaker-Behl,5999.0,Misc Retail,Sole Proprietor,Pune,Maharashtra,2024-03-22 00:00:00,,False,Active,221.31,False,False,False,1276.92,True
2728,MCH6868,Tara Group,5311.0,Retail,Partnership,Pune,Maharashtra,2024-02-04 01:10:36,,False,Active,323.93,False,False,False,1126.42,False
2874,MCH6869,"Oak, Kalla and Chand",4131.0,Transportation,Private Limited,Pune,Maharashtra,2025-01-21 15:07:04,XXXX1495,True,Active,2412.44,False,False,False,1225.12,False
1143,MCH6870,Basak Group,4814.0,Mobile Recharge,Sole Proprietor,Pune,Maharashtra,2025-04-03 00:00:00,5001363774,True,Active,2497.95,False,False,False,1108.585,False
5423,MCH6873,Dar and Sons,5311.0,Department Store,Sole Proprietor,Jalandhar,Punjab,,XXXX7759,True,Active,75.71,False,False,False,1356.755,False
3207,MCH6875_1,Anand-Bajwa,7011.0,Hotel,Private Limited,Pune,Maharashtra,2025-06-15 00:00:00,5856572593,True,Active,1892.34,False,False,False,1161.77,True
73,MCH6875_2,BUCH LTD,5912.0,Pharmacy,Individual,Lucknow,Uttar Pradesh,2023-02-07 00:00:00,,False,Active,2704.27,False,False,False,1300.55,True
3667,MCH6877_1,Jain PLC,5699.0,Apparel,Partnership,Delhi,Delhi,2023-11-23 17:40:08,,False,Active,3249.89,False,False,False,1252.4299999999998,True
4769,MCH6877_2,Nadkarni and Sons,,Grocery,Individual,Ludhiana,Punjab,2025-10-12 00:00:00,,False,Active,1757.0,False,False,True,1233.545,True
3317,MCH6882,"Thaker, Hans and Chandra",4131.0,Transportation,Private Limited,Lucknow,Uttar Pradesh,2025-02-10 06:27:51,XXXX2452,True,Inactive,274.11,False,False,False,1225.12,False
2729,MCH6889_1,Behl-Deep,5942.0,Books & Stationery,Partnership,Bengaluru,Karnataka,2023-12-22 00:00:00,ZYSS9298134271861,True,Active,,False,False,False,1167.225,True
6062,MCH6889_2,Vala PLC,5311.0,Department Store,Sole Proprietor,Ludhiana,Punjab,2024-07-03 00:00:00,XXXX2033,True,Active,2028.13,False,False,False,1356.755,True
109,MCH6890,Pandit-Narasimhan,7011.0,Hotel,Private Limited,Kolkata,West Bengal,2024-04-21 00:00:00,XXXX8046,True,Closed,525.87,False,False,False,1161.77,False
1406,MCH6892,Chacko-Gaba,5912.0,Pharmacy,Sole Proprietor,Bengaluru,Karnataka,2025-05-07 00:00:00,XXXX0824,True,Active,684.73,False,False,False,1300.55,False
4004,MCH6896_1,Dugar-Minhas,,Apparel,Sole Proprietor,Mumbai,Maharashtra,2025-03-17 00:00:00,XXXX5745,True,Active,,False,False,True,1252.4299999999998,True
481,MCH6896_2,Padmanabhan-Purohit,4814.0,Telecom,Private Limited,Kolkata,West Bengal,2025-09-10 00:00:00,9931095643,True,Active,1862.46,False,False,False,1213.17,True
1798,MCH6903_1,Gu1ati-Thaker,5812.0,Restaurant,Partnership,Chennai,Tamil Nadu,2023-07-07 00:00:00,,False,Active,,False,False,False,1327.31,True
3776,MCH6903_2,Lata-Raja,4131.0,Transportation,Sole Proprietor,Pune,Maharashtra,2023-06-08 00:00:00,XXXX0937,True,Active,2296.0,False,False,False,1225.12,True
899,MCH6903_3,sanghvi-suresh,5912.0,Pharmacy,Sole Proprietor,Pune,Maharashtra,2024-12-01 00:00:00,XXXX6921,True,Active,3930.65,False,False,False,1300.55,True
3700,MCH6904_1,DIXIT-MALLICK,7011.0,Hotel,Sole Proprietor,Hyderabad,Telangana,2023-03-25 00:00:00,UXIZ6468526873602,True,Inactive,402.95,False,False,False,1161.77,True
3362,MCH6904_2,"dora, buch and dara",5411.0,Grocery,Individual,Lucknow,Uttar Pradesh,2026-01-27 22:18:05,3574033912,True,Active,,False,False,False,1233.545,True
855,MCH6904_3,Master-Bhat,5311.0,Department Store,Partnership,Mumbai,Maharashtra,2023-05-08 00:00:00,,False,Active,252.96,False,False,False,1356.755,True
2936,MCH6907,Dhillon-Sama,5812.0,Restaurant,Private Limited,Jalandhar,Punjab,2024-12-21 07:31:00,,False,Active,4335.88,False,False,False,1327.31,False
3893,MCH6917,"Deshmukh, Parmar and Lad",4814.0,Mobile Recharge,Sole Proprietor,Jaipur,Rajasthan,2023-07-29 00:00:00,KZXC7074900980989,True,Active,1543.47,False,False,False,1108.585,False
925,MCH6918,Sant Ltd,4131.0,Transportation,Private Limited,Chennai,Tamil Nadu,2023-01-15 00:00:00,,False,Active,472.0,False,False,False,1225.12,False
538,MCH6919,Mander Ltd,5999.0,Misc Retail,Partnership,Jalandhar,Punjab,2024-02-05 02:08:00,6597659461,True,Active,2549.85,False,False,False,1276.92,False
718,MCH6920,"Bhagat, Nadkarni and Dyal",5311.0,Department Store,Individual,Kolkata,West Bengal,2026-01-01 00:00:00,JTIZ3629800274600,True,Active,410.54,False,False,False,1356.755,False
3222,MCH6922_1,"bassi, dara and dutt",5699.0,Apparel,Private Limited,Bengaluru,Karnataka,2023-04-01 00:00:00,XXXX6999,True,Active,1736.93,False,False,False,1252.4299999999998,True
5510,MCH6922_2,"Walia, Mukherjee and Sodhi",5912.0,Pharmacy,Private Limited,Mumbai,Maharashtra,,FUTM3546823667854,True,Inactive,371.0,False,False,False,1300.55,True
235,MCH6923,"kumar, hayre and grover",5942.0,Books & Stationery,Partnership,Lucknow,Uttar Pradesh,2024-03-12 00:00:00,RIOW5493044350343,True,Inactive,937.24,False,False,False,1167.225,False
3926,MCH6926,Bhattacharyya and S0ns,,Pharmacy,Private Limited,Jaipur,Rajasthan,2025-08-28 10:51:00,,False,Active,3997.27,False,False,True,1300.55,False
4214,MCH6928_1,"Mutti, Palla and Zacharia",4814.0,Telecom,Partnership,Kolkata,West Bengal,2023-11-12 00:00:00,1804027882,True,Active,2042.85,False,False,False,1213.17,True
2997,MCH6928_2,Tata-Wagle,5912.0,Pharmacy,Partnership,Bengaluru,Karnataka,2023-12-31 04:58:57,RIXU6958241048195,True,Active,1008.0,False,False,False,1300.55,True
6115,MCH6930_1,Dave and Sons,,Apparel,Private Limited,Delhi,Delhi,2025-01-17 00:00:00,3789755588,True,Active,,False,False,True,1252.4299999999998,True
4639,MCH6930_2,dhingra plc,4131.0,Transportation,Sole Proprietor,Kolkata,West Bengal,2025-12-26 00:00:00,0573344250,True,Active,,False,False,False,1225.12,True
6065,MCH6935,"Sagar,BadalandJha",5912.0,Pharmacy,Private Limited,Delhi,Delhi,2025-11-06 00:00:00,,False,Active,319.7,False,False,False,1300.55,False
440,MCH6939_1,"Memon, Gole and Pingle",5812.0,Restaurant,Private Limited,Lucknow,Uttar Pradesh,2023-09-13 00:00:00,VYGQ0383354923460,True,Inactive,1508.63,False,False,False,1327.31,True
861,MCH6939_2,Sampath Ltd,5999.0,Misc Retail,Sole Proprietor,Lucknow,Uttar Pradesh,2025-01-07 11:23:00,XXXX8052,True,Active,2962.51,False,False,False,1276.92,True
1382,MCH6940,Koshy Inc,4131.0,Transportation,Private Limited,Chennai,Tamil Nadu,2024-06-25 00:00:00,,False,Active,5556.5,False,False,False,1225.12,False
3446,MCH6943,  Vyas Group  ,5699.0,Apparel,Individual,Amritsar,Punjab,2023-04-11 00:00:00,KIUE4469872424797,True,Active,,True,False,False,1252.4299999999998,False
5813,MCH6944_1,Amb1e-Duga1,4131.0,Transportation,Individual,Mumbai,Maharashtra,2023-02-22 00:00:00,YQIS3275286791151,True,Active,1017.42,False,False,False,1225.12,True
1561,MCH6944_2,"Ghosh, Hayre and Seth",5699.0,Apparel,Individual,Jaipur,Rajasthan,2024-06-29 00:00:00,,False,Inactive,,False,False,False,1252.4299999999998,True
13,MCH6945,Barad LLC,5311.0,Retail,Partnership,Ludhiana,Punjab,2025-09-13 06:55:00,,False,Active,3350.77,False,False,False,1126.42,False
5646,MCH6947_1,"DESAI, DARA AND DANI",,Telecom,Individual,Bengaluru,Karnataka,2023-10-13 16:09:00,,False,Active,947.15,False,False,True,1213.17,True
1730,MCH6947_2,Sen LLC,5912.0,Pharmacy,Individual,Hyderabad,Telangana,2025-05-29 00:00:00,0155753762,True,Active,820.37,False,False,False,1300.55,True
886,MCH6948,"Kala,LokeandSinghal",4814.0,Mobile Recharge,Individual,Bengaluru,Karnataka,2025-07-16 00:00:00,,False,Active,,True,False,False,1108.585,False
3396,MCH6949,"Dada, Suri and Chhabra",7011.0,Hotel,Sole Proprietor,Pune,Maharashtra,2024-01-26 00:00:00,2829880140,True,Active,333.77,False,False,False,1161.77,False
5901,MCH6950,"Bal, Swaminathan and Desai",5912.0,Pharmacy,Partnership,Jaipur,Rajasthan,2025-10-04 00:08:00,XXXX4795,True,Active,1101.05,False,False,False,1300.55,False
2630,MCH6953,Khurana-Prabhakar,,Books & Stationery,Partnership,Hyderabad,Telangana,2024-10-03 00:00:00,,False,Active,,True,False,True,1167.225,False
1584,MCH6959,"Agrawal, Bhatt and Babu",7011.0,Hotel,Partnership,Lucknow,Uttar Pradesh,2024-05-24 03:34:51,,False,Active,611.31,False,False,False,1161.77,False
611,MCH6960,DAS-DHAWAN,,Restaurant,Partnership,Jaipur,Rajasthan,2023-01-22 00:00:00,,False,Active,1832.0,False,False,True,1327.31,False
4144,MCH6965,Lala Group,5912.0,Pharmacy,Private Limited,Pune,Maharashtra,2023-08-26 00:00:00,,False,Active,256.0,False,False,False,1300.55,False
688,MCH6966,"Wali, Mand and Prabhakar",5942.0,Books & Stationery,Partnership,Amritsar,Punjab,2023-10-16 00:00:00,,False,Active,2789.87,False,False,False,1167.225,False
140,MCH6970_1,CHOPRA-LOKE,5311.0,Department Store,Partnership,Jaipur,Rajasthan,2025-02-13 00:00:00,,False,Active,564.18,False,False,False,1356.755,True
1636,MCH6970_2,  Mani-Sankaran  ,5411.0,Grocery,Partnership,Delhi,Delhi,2024-09-25 00:00:00,8930276730,True,Active,511.17,False,False,False,1233.545,True
2444,MCH6972,Badal-Kamdar,7011.0,Hotel,Private Limited,Pune,Maharashtra,2023-12-20 14:49:48,,False,Active,1516.57,False,False,False,1161.77,False
5753,MCH6974,Ramaswamy Ltd,5311.0,Department Store,Individual,Delhi,Delhi,2026-01-01 00:00:00,XXXX1883,True,Active,1499.0,False,False,False,1356.755,False
5780,MCH6977,SATHE-JHA,5942.0,Books & Stationery,Individual,Lucknow,Uttar Pradesh,2023-08-06 00:00:00,XXXX2950,True,Active,,True,False,False,1167.225,False
173,MCH6979_1,Nadig Ltd,,Pharmacy,Sole Proprietor,Chennai,Tamil Nadu,2023-05-18 00:42:04,SYHI9438066539953,True,Inactive,640.32,False,False,True,1300.55,True
883,MCH6979_2,Tiwari and Sons,5999.0,Misc Retail,Sole Proprietor,Mumbai,Maharashtra,,XXXX1209,True,Active,2312.0,False,False,False,1276.92,True
4522,MCH6980,sarna-rajagopal,5999.0,Misc Retail,Partnership,Jalandhar,Punjab,2024-02-13 12:55:41,,False,Active,5229.33,False,False,False,1276.92,False
5129,MCH6982_1,"Baral, Ramachandran and Keer",5942.0,Books & Stationery,Partnership,Lucknow,Uttar Pradesh,2025-09-13 00:00:00,IVWY4612352669313,True,Inactive,5234.31,False,False,False,1167.225,True
1232,MCH6982_2,Manda and Sons,4814.0,Mobile Recharge,Partnership,Delhi,Delhi,2024-01-30 20:46:00,UKBI1493589511002,True,Inactive,,True,False,False,1108.585,True
5273,MCH6983,Barman-Chand,5311.0,Department Store,Partnership,Delhi,Delhi,2024-10-07 12:44:43,,False,Active,3713.18,False,False,False,1356.755,False
2532,MCH6984,wadhwa llc,5411.0,Grocery,Individual,Pune,Maharashtra,2025-01-23 00:00:00,3976512741,True,Active,542.76,False,False,False,1233.545,False
3144,MCH6985,Devi-Radhakrishnan,5942.0,Books & Stationery,Individual,Jalandhar,Punjab,2023-01-20 03:57:02,VEKB0627444661101,True,Active,694.07,False,False,False,1167.225,False
4855,MCH6986_1,"  Joshi, Chacko and Sawhney  ",5411.0,Grocery,Individual,Mumbai,Maharashtra,2025-11-05 00:00:00,3156013270,True,Active,606.88,False,False,False,1233.545,True
1459,MCH6986_2,  Shetty Group  ,4814.0,Telecom,Private Limited,Bengaluru,Karnataka,2024-09-13 00:00:00,,False,Active,547.81,False,False,False,1213.17,True
561,MCH6989,Raju LLC,5699.0,Apparel,Individual,Jaipur,Rajasthan,2023-11-03 00:00:00,4351608402,True,Inactive,1427.8,False,False,False,1252.4299999999998,False
4594,MCH6990,Apte-Choudhary,4131.0,Transportation,Partnership,Bengaluru,Karnataka,2023-05-05 00:00:00,,False,Active,3342.47,False,False,False,1225.12,False
4956,MCH6991,dani ltd,,Transportation,Partnership,Bengaluru,Karnataka,2025-07-16 00:00:00,5759081808,True,Active,,True,False,True,1225.12,False
5770,MCH6992,"Srivastava, Sha and Natarajan",5812.0,Restaurant,Partnership,Amritsar,Punjab,2026-01-21 00:00:00,5921074250,True,Active,893.0,False,False,False,1327.31,False
3554,MCH6998,Jani-Nayak,5311.0,Department Store,Individual,Delhi,Delhi,2026-01-27 00:00:00,,False,Active,3349.13,False,False,False,1356.755,False
973,MCH6999_1,Solanki PLC,7011.0,Hotel,Partnership,Chennai,Tamil Nadu,2024-02-26 00:00:00,,False,Active,926.71,False,False,False,1161.77,True
78,MCH6999_2,srinivasan-agate,5812.0,Restaurant,Partnership,Hyderabad,Telangana,2023-02-22 17:51:00,,False,Active,1015.19,False,False,False,1327.31,True
6159,MCH7001,Das LLC,4814.0,Telecom,Private Limited,Kolkata,West Bengal,2025-09-02 00:00:00,,False,Active,3255.38,False,False,False,1213.17,False
1606,MCH7003_1,"Dutt, Sachdeva and Sridhar",5999.0,Misc Retail,Individual,Lucknow,Uttar Pradesh,2025-04-30 00:00:00,7336401497,True,Inactive,418.71,False,False,False,1276.92,True
12,MCH7003_2,"Koshy, Samra and Chana",5942.0,Books & Stationery,Private Limited,Jalandhar,Punjab,2024-06-29 00:00:00,XXXX7569,True,Inactive,776.99,False,False,False,1167.225,True
5171,MCH7007,Sastry-Soni,7011.0,Hotel,Sole Proprietor,Chennai,Tamil Nadu,2024-11-01 00:00:00,XXXX4092,True,Inactive,,True,False,False,1161.77,False
5179,MCH7010,kuruvilla-shanker,5411.0,Grocery,Sole Proprietor,Delhi,Delhi,2023-07-22 00:00:00,,False,Suspended,524.4,False,True,False,1233.545,False
5401,MCH7013_1,"Batra,NarangandGala",5912.0,Pharmacy,Sole Proprietor,Delhi,Delhi,2025-03-02 00:00:00,XXXX0133,True,Active,2875.47,False,False,False,1300.55,True
3818,MCH7013_2,"Menon, Bahri and Pal",,Hotel,Partnership,Lucknow,Uttar Pradesh,2024-02-23 00:00:00,YKID8300912408123,True,Active,419.34,False,False,True,1161.77,True
5586,MCH7016,Ratti PLC,4131.0,Travel,Partnership,Lucknow,Uttar Pradesh,2025-10-18 02:35:27,HWTR3220006102269,True,Active,319.94,False,False,False,1012.28,False
5015,MCH7017_1,DeepGroup,,Hotel,Individual,Delhi,Delhi,,,False,Active,1258.92,False,False,True,1161.77,True
4071,MCH7017_2,"Roy, Khosla and Oak",,Misc Retail,Sole Proprietor,Lucknow,Uttar Pradesh,2025-09-14 00:00:00,XXXX0409,True,Active,952.71,False,False,True,1276.92,True
1683,MCH7020,Dalal LLC,5311.0,Department Store,Partnership,Chennai,Tamil Nadu,2023-10-01 13:17:54,,False,Active,1105.4,False,False,False,1356.755,False
292,MCH7021,"dewan, banerjee and purohit",7011.0,Hotel,Sole Proprietor,Bengaluru,Karnataka,2024-07-01 00:00:00,XXXX8572,True,Active,969.81,False,False,False,1161.77,False
1253,MCH7023_1,Mannan-Mallick,5999.0,Misc Retail,Individual,Hyderabad,Telangana,,BQNS1502974429250,True,Active,1891.27,False,False,False,1276.92,True
5167,MCH7023_2,Walla-Raj,5311.0,Department Store,Individual,Delhi,Delhi,2023-03-16 11:15:32,,False,Active,1307.24,False,False,False,1356.755,True
1717,MCH7024,gandhi-kunda,5942.0,Books & Stationery,Private Limited,Lucknow,Uttar Pradesh,2024-04-22 00:00:00,,False,Active,184.56,False,False,False,1167.225,False
2916,MCH7025,"Shanker, Bandi and Bala",5999.0,Misc Retail,Individual,Bengaluru,Karnataka,2025-01-26 00:00:00,XXXX6482,True,Active,4575.03,False,False,False,1276.92,False
3308,MCH7026,Ganesan-Manda,7011.0,Hotel,Sole Proprietor,Mumbai,Maharashtra,2025-09-30 00:00:00,6953234378,True,Active,1364.0,False,False,False,1161.77,False
787,MCH7027,"Vyas, Ghose and Narasimhan",5311.0,Department Store,Sole Proprietor,Hyderabad,Telangana,2023-04-05 00:00:00,GJGE7959201596190,True,Active,860.0,False,False,False,1356.755,False
2185,MCH7028_1,Jain-Merchant,5912.0,Pharmacy,Partnership,Lucknow,Uttar Pradesh,2025-10-16 00:00:00,,False,Active,542.31,False,False,False,1300.55,True
2073,MCH7028_2,"Mohanty, Ray and Prabhu",5942.0,Books & Stationery,Individual,Hyderabad,Telangana,2024-03-22 00:00:00,,False,Active,174.0,False,False,False,1167.225,True
4783,MCH7029_1,  Purohit Ltd  ,4814.0,Mobile Recharge,Partnership,Bengaluru,Karnataka,2025-03-28 00:44:27,7715883452,True,Inactive,1186.22,False,False,False,1108.585,True
4054,MCH7029_2,"Vasa, Zachariah and Narula",5812.0,Restaurant,Private Limited,Kolkata,West Bengal,2025-01-15 00:00:00,6099382833,True,Active,2526.83,False,False,False,1327.31,True
1089,MCH7030,Shan Ltd,5311.0,Department Store,Individual,Ludhiana,Punjab,,,False,Suspended,466.83,False,True,False,1356.755,False
5577,MCH7031,Chander Inc,4814.0,Telecom,Private Limited,Pune,Maharashtra,2025-09-28 00:00:00,XXXX5142,True,Active,1538.5,False,False,False,1213.17,False
4569,MCH7032,"Mangat, Naik and Kakar",7011.0,Hotel,Private Limited,Amritsar,Punjab,2023-01-09 00:00:00,,False,Active,,False,False,False,1161.77,False
788,MCH7033,Mani and Sons,5699.0,Apparel,Partnership,Mumbai,Maharashtra,2023-07-06 00:00:00,,False,Active,2767.54,False,False,False,1252.4299999999998,False
4062,MCH7034_1,BHAVSAR LLC,5999.0,Misc Retail,Partnership,Delhi,Delhi,2025-06-11 00:00:00,,False,Active,251.0,False,False,False,1276.92,True
3135,MCH7034_2,Deol LLC,5942.0,Books & Stationery,Individual,Pune,Maharashtra,2026-01-27 00:00:00,,False,Active,856.21,False,False,False,1167.225,True
4024,MCH7034_3,Kohli Inc,,Grocery,Partnership,Bengaluru,Karnataka,2023-03-27 00:00:00,2103247749,True,Active,4369.0,False,False,True,1233.545,True
3213,MCH7038,Mannan-Singh,5942.0,Books & Stationery,Individual,Bengaluru,Karnataka,2025-05-25 00:00:00,KOWX5085991997722,True,Closed,620.0,False,False,False,1167.225,False
5287,MCH7040,Bhasin-Lala,5942.0,Books & Stationery,Individual,Mumbai,Maharashtra,2025-10-11 00:00:00,FTZP5237157996499,True,Suspended,2406.66,False,True,False,1167.225,False
4336,MCH7042_1,BARAD-RAMAN,4814.0,Telecom,Sole Proprietor,Chennai,Tamil Nadu,2023-01-07 00:00:00,XXXX5012,True,Active,986.23,False,False,False,1213.17,True
3507,MCH7042_2,  Halder-Kalla  ,,Misc Retail,Private Limited,Pune,Maharashtra,2023-09-26 00:00:00,,False,Active,1230.3,False,False,True,1276.92,True
1530,MCH7044_1,"Anne, Som and Ganesan",7011.0,Hotel,Individual,Jalandhar,Punjab,2025-08-08 00:00:00,XCXH2265403585911,True,Active,,False,False,False,1161.77,True
3791,MCH7044_2,Chanda-Gaba,5812.0,Restaurant,Private Limited,Bengaluru,Karnataka,2023-06-04 10:26:47,SOPQ0539518853543,True,Active,402.62,False,False,False,1327.31,True
2072,MCH7047,BATTA-BHAVSAR,4814.0,Mobile Recharge,Individual,Lucknow,Uttar Pradesh,,DJKB0646172113081,True,Active,691.03,False,False,False,1108.585,False
5348,MCH7048,Manda Inc,5942.0,Books & Stationery,Sole Proprietor,Kolkata,West Bengal,2024-02-17 04:08:00,1555117689,True,Active,776.0,False,False,False,1167.225,False
418,MCH7050,CHAND AND SONS,5912.0,Pharmacy,Private Limited,Bengaluru,Karnataka,2025-02-04 15:33:07,XXXX7630,True,Active,781.34,False,False,False,1300.55,False
2665,MCH7051,  Ramachandran-Rajan  ,5812.0,Restaurant,Partnership,Mumbai,Maharashtra,2023-12-26 00:00:00,XXXX3526,True,Active,1183.53,False,False,False,1327.31,False
3524,MCH7057,"Lad, Kala and Bhagat",4814.0,Telecom,Partnership,Jaipur,Rajasthan,2026-10-02 15:50:00,,False,Active,1333.8,False,False,False,1213.17,False
3506,MCH7058_1,"Barad,PalandBoase",5311.0,Department Store,Individual,Kolkata,West Bengal,2025-06-12 04:07:00,XXXX2802,True,Active,1284.51,False,False,False,1356.755,True
2291,MCH7058_2,"Biswas, Arya and Chaudhary",5812.0,Restaurant,Sole Proprietor,Hyderabad,Telangana,2023-04-09 00:00:00,,False,Active,822.57,False,False,False,1327.31,True
2782,MCH7058_3,Chatterjee PLC,,Apparel,Individual,Jalandhar,Punjab,,,False,Active,587.63,False,False,True,1252.4299999999998,True
4255,MCH7060,"Nayak, Parmer and Anand",,Pharmacy,Private Limited,Kolkata,West Bengal,2023-05-26 00:00:00,,False,Active,1299.1,False,False,True,1300.55,False
5101,MCH7061,Grover and Sons,7011.0,Hotel,Individual,Jaipur,Rajasthan,2023-06-12 22:13:21,,False,Active,462.72,False,False,False,1161.77,False
1468,MCH7062_1,"Karpe, Sekhon and Memon",5999.0,Misc Retail,Partnership,Chennai,Tamil Nadu,2024-07-18 00:00:00,ERAF1958847105569,True,Closed,2267.0,False,False,False,1276.92,True
1531,MCH7062_2,"upadhyay, sethi and tella",5812.0,Restaurant,Partnership,Amritsar,Punjab,2024-06-03 00:00:00,,False,Active,84.66,False,False,False,1327.31,True
960,MCH7063_1,"Garg, Bawa and Hans",4814.0,Telecom,Private Limited,Lucknow,Uttar Pradesh,2025-12-28 00:00:00,,False,Active,2717.9,False,False,False,1213.17,True
1200,MCH7063_2,"THAKER, GROVER AND MOHANTY",,Misc Retail,Individual,Delhi,Delhi,2024-01-19 00:00:00,,False,Inactive,,False,False,True,1276.92,True
3350,MCH7074_1,CHAKRABARTI-RAMA,4131.0,Travel,Individual,Pune,Maharashtra,2025-06-08 00:00:00,3727290380,True,Active,843.0,False,False,False,1012.28,True
1289,MCH7074_2,Lalla-Iyengar,,Pharmacy,Individual,Jalandhar,Punjab,2026-01-10 00:00:00,9351816139,True,Active,732.21,False,False,True,1300.55,True
5733,MCH7074_3,tripathi-nayar,,Transportation,Individual,Kolkata,West Bengal,2023-09-15 21:13:08,XXXX6196,True,Inactive,3455.86,False,False,True,1225.12,True
5418,MCH7074_4,Yogi Group,5999.0,Misc Retail,Individual,Bengaluru,Karnataka,2024-04-19 00:00:00,XXXX7029,True,Active,3900.0,False,False,False,1276.92,True
1113,MCH7075,D’Alia Group,7011.0,Hotel,Partnership,Chennai,Tamil Nadu,2024-05-03 20:19:30,1415999033,True,Inactive,1262.21,False,False,False,1161.77,False
2674,MCH7076,  Bava-Shroff  ,5999.0,Misc Retail,Sole Proprietor,Chennai,Tamil Nadu,2025-09-03 01:54:16,,False,Active,875.99,False,False,False,1276.92,False
2186,MCH7077_1,BASU LLC,7011.0,Hotel,Individual,Lucknow,Uttar Pradesh,2025-08-18 00:00:00,5226667486,True,Inactive,484.0,False,False,False,1161.77,True
3134,MCH7077_2,raman and sons,5942.0,Books & Stationery,Partnership,Chennai,Tamil Nadu,2023-07-12 00:00:00,YGME2321336279700,True,Active,359.0,False,False,False,1167.225,True
676,MCH7078,"Vasa, Gade and Viswanathan",5699.0,Apparel,Individual,Mumbai,Maharashtra,2025-08-17 00:00:00,XXXX5209,True,Active,660.73,False,False,False,1252.4299999999998,False
1435,MCH7087,Prashad LLC,5311.0,Department Store,Partnership,Chennai,Tamil Nadu,2023-05-29 00:00:00,,False,Active,955.0,False,False,False,1356.755,False
3244,MCH7088,Prabhu-Agarwal,5311.0,Department Store,Sole Proprietor,Mumbai,Maharashtra,2025-11-30 13:55:45,1353265918,True,Closed,5426.05,False,False,False,1356.755,False
1570,MCH7089,"Reddy, Dua and Trivedi",5912.0,Pharmacy,Private Limited,Kolkata,West Bengal,2023-08-03 14:43:57,LAWF4141310421548,True,Inactive,819.59,False,False,False,1300.55,False
2360,MCH7093,Pai-Pau,7011.0,Hotel,Individual,Mumbai,Maharashtra,2025-03-19 11:49:49,,False,Suspended,1636.89,False,True,False,1161.77,False
1514,MCH7094_1,"D’Alia, Talwar and Mukherjee",5942.0,Books & Stationery,Individual,Amritsar,Punjab,2023-02-02 00:00:00,,False,Active,577.91,False,False,False,1167.225,True
1848,MCH7094_2,Narasimhan and Sons,5411.0,Grocery,Partnership,Lucknow,Uttar Pradesh,2023-03-04 07:40:00,5172263250,True,Active,,True,False,False,1233.545,True
3354,MCH7095_1,Deshmukh-Sarna,5999.0,Misc Retail,Individual,Bengaluru,Karnataka,2023-06-10 00:00:00,,False,Active,560.73,False,False,False,1276.92,True
2281,MCH7095_2,"Sachdev, Sunder and Dalal",,Books & Stationery,Partnership,Mumbai,Maharashtra,2025-07-20 08:14:05,6394590196,True,Active,3937.6,False,False,True,1167.225,True
433,MCH7095_3,SONI-DUBEY,5812.0,Restaurant,Individual,Mumbai,Maharashtra,2025-05-01 00:00:00,,False,Active,589.1,False,False,False,1327.31,True
1988,MCH7096_1,Mukhopadhyay-Din,5812.0,Restaurant,Private Limited,Delhi,Delhi,2023-09-21 00:00:00,8048297168,True,Active,616.51,False,False,False,1327.31,True
429,MCH7096_2,  Saxena-Kara  ,5942.0,Books & Stationery,Partnership,Jaipur,Rajasthan,2025-01-25 02:10:00,,False,Active,1167.73,False,False,False,1167.225,True
4493,MCH7098_1,"Bora, Char and Dube",7011.0,Hotel,Private Limited,Bengaluru,Karnataka,2024-09-24 00:00:00,,False,Active,2947.0,False,False,False,1161.77,True
458,MCH7098_2,Patla PLC,4131.0,Transportation,Individual,Jaipur,Rajasthan,2024-11-14 15:07:19,,False,Active,926.0,False,False,False,1225.12,True
3400,MCH7100,  Sanghvi-Pandit  ,5699.0,Apparel,Individual,Pune,Maharashtra,2024-07-09 00:00:00,,False,Active,,True,False,False,1252.4299999999998,False
2984,MCH7104,Kothari LLC,4814.0,Mobile Recharge,Partnership,Jalandhar,Punjab,2023-07-12 00:00:00,XXXX8714,True,Active,810.17,False,False,False,1108.585,False
875,MCH7105_1,"Banerjee, Kurian and Bhatt",5699.0,Apparel,Sole Proprietor,Amritsar,Punjab,2025-03-24 02:31:11,EDVM3800952600806,True,Active,265.52,False,False,False,1252.4299999999998,True
5935,MCH7105_2,Mann-Oommen,4814.0,Telecom,Private Limited,Chennai,Tamil Nadu,2025-11-09 10:45:31,,False,Active,461.62,False,False,False,1213.17,True
3909,MCH7105_3,"PALAN, DOCTOR AND ARORA",5942.0,Books & Stationery,Sole Proprietor,Hyderabad,Telangana,2025-04-18 00:00:00,1349306323,True,Active,969.67,False,False,False,1167.225,True
5934,MCH7105_4,Saini PLC,5812.0,Restaurant,Partnership,Kolkata,West Bengal,2023-09-17 00:00:00,,False,Active,717.73,False,False,False,1327.31,True
2618,MCH7106_1,Master and Sons,5812.0,Restaurant,Partnership,Lucknow,Uttar Pradesh,2023-01-27 00:00:00,6057584489,True,Active,1328.09,False,False,False,1327.31,True
2980,MCH7106_2,mody-mitter,5699.0,Apparel,Individual,Bengaluru,Karnataka,2023-06-11 00:00:00,ZNDK0366125245871,True,Active,574.51,False,False,False,1252.4299999999998,True
623,MCH7108,Krishnan Group,5411.0,Grocery,Sole Proprietor,Delhi,Delhi,2023-05-14 00:00:00,,False,Active,567.27,False,False,False,1233.545,False
3432,MCH7111,Kohli-Zachariah,5411.0,Grocery,Partnership,Ludhiana,Punjab,2025-08-04 00:00:00,XXXX9398,True,Active,585.6,False,False,False,1233.545,False
1932,MCH7113,"Jain,BhattiandSha",5942.0,Books & Stationery,Partnership,Chennai,Tamil Nadu,2025-07-30 15:17:22,XXXX9585,True,Suspended,1921.99,False,True,False,1167.225,False
3114,MCH7118,Chaudhry Ltd,5311.0,Retail,Sole Proprietor,Hyderabad,Telangana,2025-05-15 00:00:00,XXXX9631,True,Active,6144.18,False,False,False,1126.42,False
2421,MCH7121,"narasimhan, anand and gaba",5999.0,Misc Retail,Private Limited,Pune,Maharashtra,2025-07-25 21:18:00,,False,Active,2139.0,False,False,False,1276.92,False
5690,MCH7126_1,Deol Ltd,5999.0,Misc Retail,Partnership,Delhi,Delhi,2025-06-25 00:00:00,,False,Active,495.33,False,False,False,1276.92,True
2752,MCH7126_2,"Shankar, Dave and Mahajan",4131.0,Transportation,Individual,Pune,Maharashtra,2025-05-29 00:00:00,XXXX9486,True,Active,2564.94,False,False,False,1225.12,True
1998,MCH7127_1,"Chhabra, Dayal and Sood",5699.0,Apparel,Individual,Amritsar,Punjab,2024-06-05 00:00:00,7467986775,True,Active,1738.0,False,False,False,1252.4299999999998,True
516,MCH7127_2,"Thakur, Hayre and Kalla",5912.0,Pharmacy,Individual,Chennai,Tamil Nadu,2023-07-15 00:00:00,,False,Active,1116.33,False,False,False,1300.55,True
4074,MCH7128,Agarwal Group,5912.0,Pharmacy,Private Limited,Jalandhar,Punjab,2023-06-06 20:54:00,,False,Active,6405.9,False,False,False,1300.55,False
1098,MCH7133,DinInc,5411.0,Grocery,Private Limited,Pune,Maharashtra,2023-05-05 02:26:09,,False,Inactive,,False,False,False,1233.545,False
132,MCH7137_1,Krishna-Palan,4814.0,Telecom,Partnership,Ludhiana,Punjab,2025-09-29 00:00:00,GJTY8331565779502,True,Active,,False,False,False,1213.17,True
4593,MCH7137_2,Nanda-Nazareth,4814.0,Telecom,Private Limited,Pune,Maharashtra,2025-02-09 00:00:00,,False,Active,1165.18,False,False,False,1213.17,True
4444,MCH7138,Shere-Shankar,5411.0,Grocery,Sole Proprietor,Chennai,Tamil Nadu,2024-03-07 10:53:23,CDLC2524893044250,True,Active,1960.27,False,False,False,1233.545,False
3311,MCH7144,"char, kapadia and palla",5999.0,Misc Retail,Private Limited,Mumbai,Maharashtra,2025-03-23 00:00:00,8545782179,True,Inactive,4555.85,False,False,False,1276.92,False
3399,MCH7145,Ratti and Sons,,Grocery,Sole Proprietor,Pune,Maharashtra,2025-07-01 00:00:00,9050093816,True,Active,1161.56,False,False,True,1233.545,False
6075,MCH7146_1,Bali PLC,4814.0,Mobile Recharge,Private Limited,Hyderabad,Telangana,2025-02-14 00:00:00,6264736894,True,Active,8255.11,False,False,False,1108.585,True
903,MCH7146_2,"Brar, Chadha and Choudhary",5311.0,Department Store,Partnership,Hyderabad,Telangana,2024-05-09 00:00:00,,False,Active,573.35,False,False,False,1356.755,True
3995,MCH7149_1,  Keer-Dua  ,4131.0,Transportation,Private Limited,Delhi,Delhi,2026-10-02 17:58:00,,False,Suspended,,True,True,False,1225.12,True
2966,MCH7149_2,  Shanker-Kala  ,5942.0,Books & Stationery,Sole Proprietor,Amritsar,Punjab,2023-07-09 09:54:42,,False,Active,1819.0,False,False,False,1167.225,True
2610,MCH7152_1,"Bedi, Patil and Rana",5311.0,Retail,Private Limited,Chennai,Tamil Nadu,2026-01-02 00:00:00,2453620033,True,Inactive,1076.99,False,False,False,1126.42,True
2740,MCH7152_2,dewan-garde,4131.0,Travel,Sole Proprietor,Delhi,Delhi,2024-01-14 22:30:00,,False,Active,628.75,False,False,False,1012.28,True
4442,MCH7154,"Raj, Ram and Chokshi",5812.0,Restaurant,Private Limited,Chennai,Tamil Nadu,2023-05-11 12:39:00,,False,Active,242.8,False,False,False,1327.31,False
4724,MCH7156_1,Lata-Som,5812.0,Restaurant,Private Limited,Bengaluru,Karnataka,2023-02-24 00:00:00,,False,Active,739.29,False,False,False,1327.31,True
6057,MCH7156_2,"Sathe, Patla and Tailor",,Department Store,Individual,Jaipur,Rajasthan,2023-04-07 00:00:00,3942092126,True,Active,2168.89,False,False,True,1356.755,True
859,MCH7157,Bir Inc,,Mobile Recharge,Private Limited,Lucknow,Uttar Pradesh,2023-04-16 00:00:00,,False,Active,906.12,False,False,True,1108.585,False
2865,MCH7162_1,panchal-ratti,5411.0,Grocery,Private Limited,Delhi,Delhi,2023-11-03 00:12:00,RYQU3238280392506,True,Active,1176.97,False,False,False,1233.545,True
1899,MCH7162_2,Ranganathan-Chakraborty,5699.0,Apparel,Private Limited,Pune,Maharashtra,2025-02-17 00:00:00,LGPC8265918729531,True,Active,1830.64,False,False,False,1252.4299999999998,True
1721,MCH7162_3,"SANKAR, MUNI AND MANDAL",,Books & Stationery,Sole Proprietor,Jalandhar,Punjab,2023-01-14 06:07:30,TTSV7753870906383,True,Active,4267.24,False,False,True,1167.225,True
3840,MCH7163,"Chowdhury, Goyal and Pradhan",4131.0,Transportation,Sole Proprietor,Pune,Maharashtra,2023-08-11 00:00:00,5098805593,True,Active,,True,False,False,1225.12,False
3801,MCH7164_1,lata-parmar,,Restaurant,Individual,Chennai,Tamil Nadu,2023-11-18 00:00:00,8876915291,True,Active,,False,False,True,1327.31,True
3440,MCH7164_2,"Tata, Sachdeva and Palan",4131.0,Transportation,Individual,Jalandhar,Punjab,2023-08-10 05:30:25,FKFD7859864387581,True,Active,519.18,False,False,False,1225.12,True
3212,MCH7165,Kulkarni-Ramanathan,4814.0,Telecom,Private Limited,Amritsar,Punjab,2025-01-28 00:00:00,8142627827,True,Active,284.68,False,False,False,1213.17,False
3248,MCH7167,"Bir, Kunda and Manne",5942.0,Books & Stationery,Partnership,Hyderabad,Telangana,2023-05-26 00:00:00,DXXE7335968012539,True,Active,397.0,False,False,False,1167.225,False
5037,MCH7172,Chandran-Palla,5311.0,Department Store,Partnership,Pune,Maharashtra,2025-09-23 00:00:00,XXXX0145,True,Active,1177.65,False,False,False,1356.755,False
1323,MCH7176,"SACHAR, WALI AND SAHA",4131.0,Travel,Individual,Kolkata,West Bengal,2026-02-13 00:00:00,7683191787,True,Active,980.72,False,False,False,1012.28,False
4544,MCH7178,Devan and Sons,5411.0,Grocery,Sole Proprietor,Kolkata,West Bengal,2023-11-11 00:00:00,,False,Closed,758.21,False,False,False,1233.545,False
4219,MCH7181,"Dar, Dada and Kala",4131.0,Transportation,Partnership,Kolkata,West Bengal,2023-04-14 00:00:00,XXXX4833,True,Active,859.59,False,False,False,1225.12,False
5264,MCH7184,Dara Inc,,Grocery,Sole Proprietor,Mumbai,Maharashtra,2023-08-31 00:00:00,,False,Active,1095.25,False,False,True,1233.545,False
533,MCH7185_1,agarwal plc,7011.0,Hotel,Individual,Pune,Maharashtra,2025-08-26 00:00:00,,False,Active,1255.08,False,False,False,1161.77,True
2225,MCH7185_2,Krishnamurthy PLC,5942.0,Books & Stationery,Sole Proprietor,Jaipur,Rajasthan,2023-03-06 00:00:00,XXXX2381,True,Closed,1581.12,False,False,False,1167.225,True
2867,MCH7185_3,Prasad Ltd,5311.0,Department Store,Individual,Mumbai,Maharashtra,2023-06-04 18:29:01,XXXX4284,True,Active,,True,False,False,1356.755,True
5699,MCH7187,Sandhu Inc,5812.0,Restaurant,Individual,Amritsar,Punjab,,0356861723,True,Active,4006.56,False,False,False,1327.31,False
4481,MCH7190,Som-Kibe,5699.0,Apparel,Private Limited,Lucknow,Uttar Pradesh,2023-04-09 07:24:49,,False,Active,2254.41,False,False,False,1252.4299999999998,False
6121,MCH7191,Bhargava Ltd,5942.0,Books & Stationery,Sole Proprietor,Hyderabad,Telangana,2023-07-26 00:00:00,XXXX5061,True,Closed,528.97,False,False,False,1167.225,False
6163,MCH7192_1,Nanda and Sons,,Hotel,Private Limited,Bengaluru,Karnataka,2025-01-02 00:51:00,4205108918,True,Active,650.92,False,False,True,1161.77,True
3699,MCH7192_2,Subramaniam and S0ns,5942.0,Books & Stationery,Private Limited,Delhi,Delhi,2025-09-20 00:00:00,,False,Active,2702.97,False,False,False,1167.225,True
3361,MCH7194,Shan and S0ns,4131.0,Transportation,Individual,Ludhiana,Punjab,,,False,Active,983.19,False,False,False,1225.12,False
1562,MCH7195,Som and Sons,5999.0,Misc Retail,Sole Proprietor,Chennai,Tamil Nadu,2024-10-15 14:41:16,,False,Active,1440.74,False,False,False,1276.92,False
5345,MCH7196_1,Kunda-Bakshi,5311.0,Retail,Private Limited,Kolkata,West Bengal,2026-02-08 00:00:00,,False,Suspended,859.44,False,True,False,1126.42,True
196,MCH7196_2,Kurian-Trivedi,4814.0,Telecom,Partnership,Jaipur,Rajasthan,2023-06-09 00:00:00,,False,Active,1000.33,False,False,False,1213.17,True
1462,MCH7197,Raval-Chadha,5812.0,Restaurant,Individual,Mumbai,Maharashtra,2023-09-25 00:19:22,,False,Active,218.4,False,False,False,1327.31,False
5487,MCH7198_1,Dar-Sani,7011.0,Hotel,Private Limited,Hyderabad,Telangana,2023-06-27 13:24:21,HWWD0144016589581,True,Active,1840.43,False,False,False,1161.77,True
1362,MCH7198_2,Rama and Sons,5912.0,Pharmacy,Partnership,Jaipur,Rajasthan,2023-02-15 00:00:00,6060043689,True,Active,1594.96,False,False,False,1300.55,True
2896,MCH7198_3,"Thakkar, Mistry and Sinha",,Books & Stationery,Sole Proprietor,Pune,Maharashtra,2023-02-21 00:00:00,,False,Active,3029.62,False,False,True,1167.225,True
690,MCH7199,MANDA AND SONS,5942.0,Books & Stationery,Sole Proprietor,Delhi,Delhi,2026-10-02 11:11:00,,False,Active,1077.86,False,False,False,1167.225,False
6202,MCH7200,Madan PLC,5699.0,Apparel,Individual,Delhi,Delhi,2025-02-03 00:00:00,4050915455,True,Active,190.57,False,False,False,1252.4299999999998,False
1888,MCH7201,"patil, mahajan and issac",5999.0,Misc Retail,Private Limited,Mumbai,Maharashtra,2025-03-16 00:00:00,0796859598,True,Active,282.54,False,False,False,1276.92,False
2007,MCH7202,UPPAL PLC,4131.0,Transportation,Individual,Jaipur,Rajasthan,2023-03-01 00:00:00,INKB4884883910397,True,Inactive,,True,False,False,1225.12,False
4736,MCH7203,Sani-Memon,,Retail,Sole Proprietor,Amritsar,Punjab,2023-03-25 00:00:00,OFZD1453201567778,True,Active,,True,False,True,1126.42,False
3591,MCH7204,Thaman Ltd,,Books & Stationery,Individual,Jalandhar,Punjab,2023-09-05 00:00:00,,False,Active,937.0,False,False,True,1167.225,False
4800,MCH7205,Dara PLC,5912.0,Pharmacy,Sole Proprietor,Ludhiana,Punjab,2023-09-26 00:00:00,,False,Active,1778.94,False,False,False,1300.55,False
1145,MCH7206,srivastava and sons,5411.0,Grocery,Private Limited,Lucknow,Uttar Pradesh,2025-08-18 00:00:00,1550287427,True,Active,1434.41,False,False,False,1233.545,False
2647,MCH7211_1,"Apte, Vasa and Batta",5942.0,Books & Stationery,Sole Proprietor,Mumbai,Maharashtra,2024-11-18 13:48:32,,False,Active,1841.0,False,False,False,1167.225,True
4034,MCH7211_2,Nagar-Bhagat,5699.0,Apparel,Partnership,Bengaluru,Karnataka,2024-01-16 09:01:52,,False,Active,585.46,False,False,False,1252.4299999999998,True
1413,MCH7215,"Kau1, Pur0hit and Ar0ra",5311.0,Retail,Private Limited,Hyderabad,Telangana,2023-07-10 00:00:00,8944621322,True,Active,2403.84,False,False,False,1126.42,False
4739,MCH7216,PILLAI AND SONS,4814.0,Mobile Recharge,Individual,Amritsar,Punjab,2025-12-02 23:50:00,,False,Active,356.0,False,False,False,1108.585,False
339,MCH7218,Varghese-Arya,7011.0,Hotel,Private Limited,Lucknow,Uttar Pradesh,2025-12-25 00:00:00,VAFX9362941506530,True,Active,2725.82,False,False,False,1161.77,False
99,MCH7219,Dhawan-Saha,7011.0,Hotel,Individual,Delhi,Delhi,2026-01-06 00:00:00,HJFW5603026154965,True,Inactive,2354.94,False,False,False,1161.77,False
5626,MCH7220,Rege-Sharaf,5812.0,Restaurant,Private Limited,Amritsar,Punjab,2023-12-15 00:00:00,RRUP8952328372225,True,Active,978.47,False,False,False,1327.31,False
726,MCH7222,  Verma and Sons  ,4814.0,Telecom,Individual,Delhi,Delhi,2023-07-11 00:00:00,,False,Inactive,,True,False,False,1213.17,False
4252,MCH7225,APTE-WADHWA,5812.0,Restaurant,Individual,Jalandhar,Punjab,2025-03-07 07:20:55,XXXX2773,True,Active,,True,False,False,1327.31,False
5308,MCH7226,"Peri, Barad and Panchal",5942.0,Books & Stationery,Sole Proprietor,Delhi,Delhi,2024-11-30 00:00:00,VDWB1270434840968,True,Active,4237.0,False,False,False,1167.225,False
3981,MCH7228,SwaminathanLtd,,Telecom,Partnership,Ludhiana,Punjab,2024-03-13 00:00:00,XXXX9584,True,Active,,False,False,True,1213.17,False
1116,MCH7229,"Salvi, Kale and Sunder",4814.0,Mobile Recharge,Private Limited,Pune,Maharashtra,2025-12-23 00:00:00,,False,Active,606.62,False,False,False,1108.585,False
2416,MCH7233_1,Arora LLC,5699.0,Apparel,Individual,Ludhiana,Punjab,2025-10-11 00:00:00,1141889916,True,Active,2703.6,False,False,False,1252.4299999999998,True
2429,MCH7233_2,Kamdar-Bhakta,5411.0,Grocery,Private Limited,Kolkata,West Bengal,2024-03-08 21:38:06,,False,Active,,False,False,False,1233.545,True
6139,MCH7236_1,bhasin llc,5699.0,Apparel,Partnership,Jalandhar,Punjab,2025-01-31 00:00:00,XXXX8980,True,Active,1228.0,False,False,False,1252.4299999999998,True
3523,MCH7236_2,"Ramanathan, Varkey and Iyengar",5812.0,Restaurant,Partnership,Ludhiana,Punjab,2024-01-17 20:37:00,8807064129,True,Active,843.44,False,False,False,1327.31,True
2409,MCH7237,Reddy-Majumdar,,Restaurant,Partnership,Delhi,Delhi,2024-12-13 00:00:00,,False,Active,987.48,False,False,True,1327.31,False
75,MCH7239_1,Tata-Hayer,7011.0,Hotel,Individual,Chennai,Tamil Nadu,2025-06-09 00:00:00,MPZF9929757844428,True,Active,1929.61,False,False,False,1161.77,True
1687,MCH7239_2,"Trivedi, Ramesh and Prabhakar",,Apparel,Sole Proprietor,Lucknow,Uttar Pradesh,2026-02-23 22:14:44,,False,Active,,True,False,True,1252.4299999999998,True
2049,MCH7244,Nadig-Kata,,Transportation,Partnership,Bengaluru,Karnataka,2024-08-02 04:15:28,1173278568,True,Active,1686.67,False,False,True,1225.12,False
3065,MCH7246,LATA LTD,5699.0,Apparel,Partnership,Chennai,Tamil Nadu,2024-03-17 08:45:00,XXXX2358,True,Active,1315.04,False,False,False,1252.4299999999998,False
4681,MCH7248,Rajagopalan Group,7011.0,Hotel,Partnership,Hyderabad,Telangana,2024-05-22 00:00:00,,False,Active,859.24,False,False,False,1161.77,False
5425,MCH7249,  Prakash Group  ,5812.0,Restaurant,Sole Proprietor,Mumbai,Maharashtra,2024-11-30 17:32:21,4410967035,True,Active,1855.0,False,False,False,1327.31,False
1938,MCH7252,"  Krishnamurthy, Pandit and Mukherjee  ",5942.0,Books & Stationery,Sole Proprietor,Hyderabad,Telangana,2025-08-01 00:00:00,0285621980,True,Active,1234.51,False,False,False,1167.225,False
566,MCH7256,Arora-Raman,4131.0,Transportation,Sole Proprietor,Lucknow,Uttar Pradesh,2026-02-14 00:00:00,,False,Active,449.65,False,False,False,1225.12,False
5590,MCH7257,"  Nagi, Gera and Bedi  ",5999.0,Misc Retail,Sole Proprietor,Jaipur,Rajasthan,2023-10-29 03:03:00,,False,Active,786.7,False,False,False,1276.92,False
464,MCH7258,"om, swaminathan and ray",5699.0,Apparel,Private Limited,Jaipur,Rajasthan,2024-07-16 08:10:14,ARZZ7929473227025,True,Inactive,472.89,False,False,False,1252.4299999999998,False
1183,MCH7260,Kunda Inc,7011.0,Hotel,Private Limited,Jalandhar,Punjab,2024-06-20 00:00:00,,False,Active,391.11,False,False,False,1161.77,False
3449,MCH7262,Loke LLC,4814.0,Telecom,Partnership,Mumbai,Maharashtra,2023-12-13 00:00:00,XXXX0516,True,Active,3675.05,False,False,False,1213.17,False
1689,MCH7266,Sule PLC,5812.0,Restaurant,Partnership,Jaipur,Rajasthan,2025-08-30 12:28:51,XXXX3283,True,Active,,False,False,False,1327.31,False
3992,MCH7268,Mand-Char,5912.0,Pharmacy,Private Limited,Mumbai,Maharashtra,2025-06-20 02:06:05,,False,Active,1359.5,False,False,False,1300.55,False
111,MCH7269,La11-Raman,4814.0,Telecom,Private Limited,Lucknow,Uttar Pradesh,2023-10-25 09:50:57,4846136502,True,Active,1031.92,False,False,False,1213.17,False
3030,MCH7270,Subramanian LLC,7011.0,Hotel,Private Limited,Amritsar,Punjab,2025-01-15 22:39:15,,False,Active,1469.96,False,False,False,1161.77,False
5039,MCH7272_1,Bansal-Das,5912.0,Pharmacy,Sole Proprietor,Ludhiana,Punjab,2023-12-20 21:43:00,XXXX6496,True,Active,391.71,False,False,False,1300.55,True
5815,MCH7272_2,Kulkarni-Subramanian,4131.0,Travel,Sole Proprietor,Bengaluru,Karnataka,2023-12-21 09:01:15,XXXX7890,True,Closed,376.69,False,False,False,1012.28,True
4217,MCH7273_1,De-Gokhale,4131.0,Transportation,Sole Proprietor,Jalandhar,Punjab,2024-05-23 07:01:00,NXVM2607916550138,True,Active,654.26,False,False,False,1225.12,True
3588,MCH7273_2,Keer and S0ns,7011.0,Hotel,Private Limited,Chennai,Tamil Nadu,2024-08-24 09:54:21,,False,Active,3146.24,False,False,False,1161.77,True
3465,MCH7276,Talwar-Kant,4131.0,Transportation,Partnership,Jaipur,Rajasthan,2023-06-23 22:04:06,,False,Active,692.16,False,False,False,1225.12,False
1762,MCH7279,das plc,5999.0,Misc Retail,Partnership,Jaipur,Rajasthan,,WTVS1342257023005,True,Active,1157.26,False,False,False,1276.92,False
4376,MCH7280_1,Baral Ltd,5812.0,Restaurant,Individual,Jalandhar,Punjab,2025-12-18 14:28:00,,False,Active,5521.6,False,False,False,1327.31,True
2523,MCH7280_2,"Sathe, Shan and Oommen",5411.0,Grocery,Individual,Ludhiana,Punjab,2025-10-21 00:00:00,XXXX0221,True,Active,466.99,False,False,False,1233.545,True
3406,MCH7281,Kalita-Mistry,4814.0,Mobile Recharge,Private Limited,Hyderabad,Telangana,2024-11-24 00:00:00,XXXX5201,True,Active,2941.71,False,False,False,1108.585,False
2027,MCH7282,chopra llc,5411.0,Grocery,Partnership,Amritsar,Punjab,2025-12-14 09:02:00,XXXX9513,True,Active,1111.0,False,False,False,1233.545,False
5010,MCH7288_1,"Kumar, Sachdeva and Natarajan",5999.0,Misc Retail,Private Limited,Kolkata,West Bengal,2026-02-01 06:24:52,,False,Suspended,,False,True,False,1276.92,True
1101,MCH7288_2,"LALLA, SANT AND MUTTI",5411.0,Grocery,Private Limited,Delhi,Delhi,2025-10-18 00:00:00,XXXX5071,True,Active,,False,False,False,1233.545,True
1051,MCH7288_3,Sandhu Inc,5812.0,Restaurant,Partnership,Bengaluru,Karnataka,2025-02-16 00:00:00,,False,Active,1887.15,False,False,False,1327.31,True
2804,MCH7289_1,Nayar-Dara,5699.0,Apparel,Individual,Pune,Maharashtra,2025-12-28 00:00:00,AFIS6620860774027,True,Active,4510.0,False,False,False,1252.4299999999998,True
4005,MCH7289_2,Rajagopal-Contractor,,Restaurant,Private Limited,Lucknow,Uttar Pradesh,2023-04-20 01:30:24,7395909166,True,Active,1484.26,False,False,True,1327.31,True
3716,MCH7290,"Subramanian, B0rde and Ba1akrishnan",5699.0,Apparel,Individual,Lucknow,Uttar Pradesh,2023-03-17 00:00:00,IRWT0239440992204,True,Active,2695.0,False,False,False,1252.4299999999998,False
3821,MCH7294_1,"Kuruvilla, Ahluwalia and Gole",5912.0,Pharmacy,Partnership,Pune,Maharashtra,2023-06-11 00:00:00,FATQ4333129690113,True,Active,1573.98,False,False,False,1300.55,True
4919,MCH7294_2,"Singh, Ramanathan and Setty",5942.0,Books & Stationery,Private Limited,Jalandhar,Punjab,2025-04-02 00:00:00,,False,Suspended,1690.0,False,True,False,1167.225,True
1914,MCH7295,Palan-Ray,7011.0,Hotel,Partnership,Bengaluru,Karnataka,2023-02-02 10:44:00,,False,Active,1161.77,False,False,False,1161.77,False
4157,MCH7297_1,"Bhasin, Sankar and Pradhan",5812.0,Restaurant,Private Limited,Delhi,Delhi,2025-05-03 21:06:30,,False,Active,,False,False,False,1327.31,True
6042,MCH7297_2,Kala-Sibal,5311.0,Department Store,Partnership,Chennai,Tamil Nadu,2024-09-02 00:00:00,UMLP7890709268939,True,Active,2004.49,False,False,False,1356.755,True
3422,MCH7298,"SANGHA, SANGHA AND KULKARNI",5411.0,Grocery,Individual,Delhi,Delhi,2024-01-28 17:48:18,VEZZ6158628097451,True,Active,1661.92,False,False,False,1233.545,False
4914,MCH7302,Murthy and Sons,5411.0,Grocery,Partnership,Bengaluru,Karnataka,2025-01-23 00:00:00,,False,Active,3381.11,False,False,False,1233.545,False
203,MCH7305,Iyer-Nagi,5699.0,Apparel,Individual,Mumbai,Maharashtra,2023-08-23 00:00:00,,False,Active,1967.89,False,False,False,1252.4299999999998,False
512,MCH7306,Devi-Narang,4131.0,Transportation,Individual,Delhi,Delhi,2024-10-20 05:44:44,XXXX6412,True,Active,539.76,False,False,False,1225.12,False
5631,MCH7309,"LOKE, CHADA AND BADAL",,Apparel,Sole Proprietor,Ludhiana,Punjab,2023-07-26 00:00:00,9268725800,True,Active,3465.02,False,False,True,1252.4299999999998,False
5170,MCH7310,Mander Group,5699.0,Apparel,Partnership,Lucknow,Uttar Pradesh,2025-09-08 05:21:18,WNOZ8918272123966,True,Closed,1987.96,False,False,False,1252.4299999999998,False
5062,MCH7311_1,Dhar PLC,5411.0,Grocery,Private Limited,Mumbai,Maharashtra,,,False,Active,148.28,False,False,False,1233.545,True
1301,MCH7311_2,Jhaveri-Hans,7011.0,Hotel,Sole Proprietor,Mumbai,Maharashtra,2025-05-12 00:00:00,RZUE2319491323812,True,Active,1009.0,False,False,False,1161.77,True
54,MCH7312,Ramakrishnan-Banerjee,5311.0,Retail,Sole Proprietor,Mumbai,Maharashtra,2024-02-24 11:03:00,CCCL8077324997121,True,Active,977.96,False,False,False,1126.42,False
5178,MCH7313_1,Comar-Din,4814.0,Telecom,Private Limited,Mumbai,Maharashtra,2026-01-18 00:00:00,8645351517,True,Active,1884.45,False,False,False,1213.17,True
2412,MCH7313_2,Sarma LLC,4131.0,Transportation,Individual,Kolkata,West Bengal,2025-07-04 00:00:00,XXXX9480,True,Suspended,1073.87,False,True,False,1225.12,True
326,MCH7314,Mahajan-B0rde,5999.0,Misc Retail,Partnership,Lucknow,Uttar Pradesh,2023-01-05 09:53:50,3772469001,True,Active,1003.0,False,False,False,1276.92,False
1087,MCH7316,TAK LTD,,Books & Stationery,Sole Proprietor,Jaipur,Rajasthan,2024-05-26 00:00:00,AICM4314076152252,True,Active,688.43,False,False,True,1167.225,False
799,MCH7318,  Keer-Rao  ,,Telecom,Partnership,Pune,Maharashtra,2023-11-27 00:00:00,RIME5549722708025,True,Active,502.45,False,False,True,1213.17,False
535,MCH7321,"  Krishna, Saraf and Pant  ",,Misc Retail,Partnership,Kolkata,West Bengal,2024-02-28 10:01:00,,False,Active,954.48,False,False,True,1276.92,False
4201,MCH7323_1,Buch PLC,7011.0,Hotel,Partnership,Amritsar,Punjab,2023-08-11 12:36:40,XXXX4242,True,Active,552.97,False,False,False,1161.77,True
541,MCH7323_2,Koshy-Comar,5311.0,Department Store,Sole Proprietor,Chennai,Tamil Nadu,2026-02-15 00:00:00,,False,Active,973.0,False,False,False,1356.755,True
1856,MCH7323_3,Mital Inc,5812.0,Restaurant,Individual,Lucknow,Uttar Pradesh,2025-03-01 00:00:00,1221388018,True,Active,1194.36,False,False,False,1327.31,True
922,MCH7324,Grover-Murty,5942.0,Books & Stationery,Partnership,Jalandhar,Punjab,2025-02-12 00:00:00,,False,Suspended,1077.62,False,True,False,1167.225,False
5971,MCH7325,Chatterjee-Manda,,Misc Retail,Individual,Kolkata,West Bengal,2023-01-04 13:43:25,8809607607,True,Active,1420.0,False,False,True,1276.92,False
5827,MCH7326,"Mandal, Behl and Bhattacharyya",7011.0,Hotel,Sole Proprietor,Chennai,Tamil Nadu,2024-10-26 07:07:51,,False,Active,1119.05,False,False,False,1161.77,False
2612,MCH7327,"Krish, Dhar and Choudhury",4814.0,Telecom,Individual,Kolkata,West Bengal,2023-05-22 13:42:22,KDMG5541225124685,True,Active,440.0,False,False,False,1213.17,False
1974,MCH7331_1,"Bakshi,PillaiandDhaliwal",5812.0,Restaurant,Sole Proprietor,Lucknow,Uttar Pradesh,,2802277765,True,Inactive,490.55,False,False,False,1327.31,True
413,MCH7331_2,Kala-Loyal,5311.0,Retail,Sole Proprietor,Hyderabad,Telangana,2024-05-20 00:00:00,6553174901,True,Active,,False,False,False,1126.42,True
938,MCH7332,"Mutti, Reddy and Guha",5311.0,Department Store,Private Limited,Kolkata,West Bengal,2025-05-04 00:00:00,XXXX9186,True,Active,1708.81,False,False,False,1356.755,False
3885,MCH7335_1,Keer-Goyal,5411.0,Grocery,Sole Proprietor,Mumbai,Maharashtra,2025-01-25 13:25:00,XXXX8870,True,Active,470.18,False,False,False,1233.545,True
4234,MCH7335_2,"  Narayan, Cheema and Chana  ",5812.0,Restaurant,Private Limited,Chennai,Tamil Nadu,2025-03-18 19:16:00,EHXK3209295259680,True,Active,699.42,False,False,False,1327.31,True
315,MCH7336,Krishnan and Sons,5812.0,Restaurant,Partnership,Jalandhar,Punjab,2024-09-03 00:09:50,2456383296,True,Active,1122.92,False,False,False,1327.31,False
89,MCH7337,NATH-NARAYAN,5699.0,Apparel,Individual,Hyderabad,Telangana,2024-07-28 00:00:00,,False,Active,3029.85,False,False,False,1252.4299999999998,False
4116,MCH7338,"Verma, Rai and Patla",,Pharmacy,Private Limited,Bengaluru,Karnataka,2024-06-05 00:00:00,XXXX7454,True,Active,2235.57,False,False,True,1300.55,False
1417,MCH7339,"PUROHIT, DHINGRA AND BARMAN",5411.0,Grocery,Individual,Chennai,Tamil Nadu,2023-08-16 22:55:00,IUQD2113343232449,True,Active,2247.46,False,False,False,1233.545,False
4753,MCH7340,Devi and Sons,,Apparel,Partnership,Kolkata,West Bengal,2024-01-09 00:00:00,1367853568,True,Active,1101.37,False,False,True,1252.4299999999998,False
1995,MCH7341,VARUGHESE INC,7011.0,Hotel,Partnership,Kolkata,West Bengal,2023-04-24 02:30:00,,False,Active,,True,False,False,1161.77,False
6171,MCH7343,Dixit Ltd,5912.0,Pharmacy,Partnership,Jaipur,Rajasthan,,XXXX6255,True,Active,3142.0,False,False,False,1300.55,False
4830,MCH7344_1,Banerjee Inc,4131.0,Transportation,Sole Proprietor,Ludhiana,Punjab,2023-09-04 00:00:00,XXXX7344,True,Suspended,1385.4,False,True,False,1225.12,True
3451,MCH7344_2,Rama-Shukla,5699.0,Apparel,Sole Proprietor,Hyderabad,Telangana,2023-10-11 00:00:00,,False,Active,1447.45,False,False,False,1252.4299999999998,True
2931,MCH7350_1,SULE LLC,5699.0,Apparel,Private Limited,Amritsar,Punjab,2024-01-31 17:29:42,XXXX7331,True,Active,,True,False,False,1252.4299999999998,True
4121,MCH7350_2,Toor-Sachar,4814.0,Telecom,Partnership,Bengaluru,Karnataka,2023-10-29 00:11:00,8049687567,True,Active,1079.19,False,False,False,1213.17,True
4819,MCH7353_1,Bhat-Munshi,5912.0,Pharmacy,Partnership,Chennai,Tamil Nadu,2023-09-08 00:00:00,,False,Active,,False,False,False,1300.55,True
4066,MCH7353_2,Gh0se LLC,,Grocery,Private Limited,Pune,Maharashtra,2025-11-01 00:00:00,,False,Inactive,1477.74,False,False,True,1233.545,True
4810,MCH7353_3,NADIG LLC,4814.0,Mobile Recharge,Individual,Hyderabad,Telangana,2025-11-12 00:00:00,XXXX4294,True,Active,1097.0,False,False,False,1108.585,True
1955,MCH7353_4,"Tara, Rajag0pa1an and Ramanathan",5311.0,Department Store,Partnership,Mumbai,Maharashtra,2024-10-16 00:00:00,6926383860,True,Active,840.14,False,False,False,1356.755,True
4603,MCH7354,"CHATTERJEE, SARNA AND HANDA",,Apparel,Sole Proprietor,Bengaluru,Karnataka,2023-10-13 16:44:55,,False,Active,728.0,False,False,True,1252.4299999999998,False
2048,MCH7355_1,"rastogi, ahluwalia and tata",5311.0,Department Store,Private Limited,Mumbai,Maharashtra,,XJBM2228557617179,True,Active,2172.0,False,False,False,1356.755,True
4501,MCH7355_2,"Raval, Goswami and Sem",4814.0,Mobile Recharge,Private Limited,Pune,Maharashtra,2023-12-29 00:00:00,,False,Active,2675.45,False,False,False,1108.585,True
1936,MCH7356,"Divan, Rastogi and Prabhu",5942.0,Books & Stationery,Partnership,Lucknow,Uttar Pradesh,2025-07-22 00:00:00,8041409071,True,Active,,True,False,False,1167.225,False
4731,MCH7357,Varkey LLC,7011.0,Hotel,Private Limited,Kolkata,West Bengal,2025-08-05 00:00:00,,False,Active,665.88,False,False,False,1161.77,False
4249,MCH7358,Basak-Patla,5999.0,Misc Retail,Sole Proprietor,Delhi,Delhi,2025-12-19 00:00:00,1781542230,True,Active,3053.41,False,False,False,1276.92,False
4718,MCH7359_1,Chacko-Dugar,5942.0,Books & Stationery,Private Limited,Mumbai,Maharashtra,,1437980069,True,Active,654.0,False,False,False,1167.225,True
2171,MCH7359_2,Rajagopalan-Rattan,5912.0,Pharmacy,Sole Proprietor,Kolkata,West Bengal,2025-03-13 00:00:00,,False,Active,,True,False,False,1300.55,True
461,MCH7360,RAJAN-SAHNI,,Mobile Recharge,Partnership,Kolkata,West Bengal,2023-11-05 00:00:00,HKWU3873449938871,True,Inactive,1218.43,False,False,True,1108.585,False
3091,MCH7362_1,kothari plc,5942.0,Books & Stationery,Private Limited,Pune,Maharashtra,2026-02-11 00:00:00,XXXX4121,True,Active,478.42,False,False,False,1167.225,True
5343,MCH7362_2,"Rege, Thaker and Sinha",5912.0,Pharmacy,Private Limited,Pune,Maharashtra,2025-01-29 00:00:00,,False,Active,1915.79,False,False,False,1300.55,True
2328,MCH7363,Babu-Acharya,5999.0,Misc Retail,Sole Proprietor,Kolkata,West Bengal,2024-03-03 08:14:06,,False,Active,1983.77,False,False,False,1276.92,False
4205,MCH7364,VIG-BALA,7011.0,Hotel,Sole Proprietor,Mumbai,Maharashtra,2024-08-29 05:57:59,XXXX1900,True,Active,1242.0,False,False,False,1161.77,False
2881,MCH7366_1,Bora-Nadkarni,5411.0,Grocery,Partnership,Bengaluru,Karnataka,2024-03-17 00:00:00,,False,Suspended,2024.0,False,True,False,1233.545,True
1729,MCH7366_2,"Shetty, Pa11 and Pi11ay",5699.0,Apparel,Partnership,Delhi,Delhi,2024-01-14 00:00:00,,False,Active,,False,False,False,1252.4299999999998,True
4084,MCH7370,Peri LLC,4131.0,Transportation,Private Limited,Kolkata,West Bengal,2023-09-28 00:00:00,0713043152,True,Active,1188.42,False,False,False,1225.12,False
4650,MCH7371_1,"  Anand, Bains and Parmer  ",5311.0,Department Store,Partnership,Lucknow,Uttar Pradesh,2023-04-13 04:10:55,3361678460,True,Active,,True,False,False,1356.755,True
1509,MCH7371_2,"Ghose, Handa and Golla",5912.0,Pharmacy,Individual,Chennai,Tamil Nadu,2025-04-08 00:00:00,DGYJ0066359514769,True,Active,456.21,False,False,False,1300.55,True
896,MCH7379_1,"Doctor, Dyal and Vaidya",5912.0,Pharmacy,Partnership,Jalandhar,Punjab,2023-03-07 00:00:00,XXXX4037,True,Active,198.46,False,False,False,1300.55,True
6052,MCH7379_2,tella-mahal,5699.0,Apparel,Partnership,Jaipur,Rajasthan,2024-03-06 00:00:00,OFAG5218783703549,True,Active,,False,False,False,1252.4299999999998,True
1360,MCH7380,"Gour, Jani and Mital",5999.0,Misc Retail,Individual,Chennai,Tamil Nadu,2024-11-06 00:00:00,,False,Closed,688.41,False,False,False,1276.92,False
4393,MCH7383_1,Mander LLC,,Misc Retail,Sole Proprietor,Hyderabad,Telangana,2025-03-25 01:21:17,,False,Active,2244.22,False,False,True,1276.92,True
1585,MCH7383_2,Mannan Ltd,5999.0,Misc Retail,Individual,Jalandhar,Punjab,,,False,Active,2867.55,False,False,False,1276.92,True
3657,MCH7383_3,"SRIVASTAVA, VENKATARAMAN AND ROY",5699.0,Apparel,Individual,Chennai,Tamil Nadu,2023-10-07 00:00:00,,False,Active,241.13,False,False,False,1252.4299999999998,True
6148,MCH7384_1,Ahuja Group,,Department Store,Individual,Delhi,Delhi,2023-05-18 02:59:53,XXXX3860,True,Active,1058.0,False,False,True,1356.755,True
2146,MCH7384_2,Seshadri-Rai,4814.0,Telecom,Sole Proprietor,Kolkata,West Bengal,2024-01-13 00:00:00,,False,Active,4458.94,False,False,False,1213.17,True
5757,MCH7386_1,Tara PLC,5912.0,Pharmacy,Private Limited,Hyderabad,Telangana,2025-12-17 00:00:00,,False,Inactive,1062.8,False,False,False,1300.55,True
5417,MCH7386_2,Thaman Group,7011.0,Hotel,Sole Proprietor,Jalandhar,Punjab,,3740809096,True,Active,3859.08,False,False,False,1161.77,True
4628,MCH7387,Lad-Comar,5812.0,Restaurant,Sole Proprietor,Jalandhar,Punjab,2025-02-25 03:44:32,DFES3088920437736,True,Active,4968.31,False,False,False,1327.31,False
5561,MCH7389,Basu-Bedi,5812.0,Restaurant,Partnership,Bengaluru,Karnataka,2023-07-04 12:28:00,XXXX3335,True,Active,,False,False,False,1327.31,False
3028,MCH7391,"Vora, Lad and Sekhon",5411.0,Grocery,Partnership,Pune,Maharashtra,2023-07-08 00:00:00,,False,Inactive,4971.16,False,False,False,1233.545,False
1066,MCH7394_1,Brahmbhatt PLC,5812.0,Restaurant,Private Limited,Delhi,Delhi,2024-07-29 00:00:00,IKKI3369443713209,True,Active,3620.77,False,False,False,1327.31,True
2626,MCH7394_2,Dhar-Saxena,5311.0,Department Store,Individual,Lucknow,Uttar Pradesh,2024-06-28 00:00:00,XXXX8622,True,Active,1562.3,False,False,False,1356.755,True
4133,MCH7395_1,Bera Group,5912.0,Pharmacy,Partnership,Jalandhar,Punjab,,,False,Active,,True,False,False,1300.55,True
4397,MCH7395_2,Bose and Sons,7011.0,Hotel,Individual,Bengaluru,Karnataka,2024-07-01 00:00:00,XXXX9489,True,Active,431.0,False,False,False,1161.77,True
1455,MCH7398,  Bhavsar and Sons  ,5311.0,Department Store,Sole Proprietor,Chennai,Tamil Nadu,2025-04-24 00:00:00,,False,Active,6060.9,False,False,False,1356.755,False
329,MCH7400_1,Chaudhari Ltd,,Misc Retail,Individual,Delhi,Delhi,2025-07-01 00:00:00,,False,Suspended,1040.56,False,True,True,1276.92,True
563,MCH7400_2,"Kunda, Ramachandran and Khurana",5942.0,Books & Stationery,Private Limited,Pune,Maharashtra,2024-02-11 00:00:00,,False,Inactive,9167.75,False,False,False,1167.225,True
190,MCH7403_1,"Naik, Badami and Raj",5311.0,Department Store,Sole Proprietor,Pune,Maharashtra,,,False,Active,1191.42,False,False,False,1356.755,True
4927,MCH7403_2,Prabhakar Group,5942.0,Books & Stationery,Sole Proprietor,Chennai,Tamil Nadu,2025-12-29 05:54:46,XXXX4472,True,Inactive,657.74,False,False,False,1167.225,True
1795,MCH7403_3,"Raval, Hari and Khurana",5942.0,Books & Stationery,Individual,Chennai,Tamil Nadu,2023-07-12 00:00:00,,False,Active,697.8,False,False,False,1167.225,True
4502,MCH7408,Bala Group,,Misc Retail,Private Limited,Hyderabad,Telangana,2026-01-13 00:00:00,CMJA0173542788867,True,Active,1032.22,False,False,True,1276.92,False
1907,MCH7411,"Bhasin, Soman and Savant",4814.0,Mobile Recharge,Sole Proprietor,Chennai,Tamil Nadu,,,False,Active,2298.88,False,False,False,1108.585,False
3366,MCH7412,Chand-Bada1,5812.0,Restaurant,Private Limited,Mumbai,Maharashtra,2025-08-15 00:00:00,,False,Inactive,539.2,False,False,False,1327.31,False
1543,MCH7413,Uppal-Chaudhry,,Department Store,Private Limited,Bengaluru,Karnataka,2024-09-13 00:00:00,3706152456,True,Active,3645.54,False,False,True,1356.755,False
4547,MCH7419,Minhas Inc,5699.0,Apparel,Individual,Bengaluru,Karnataka,2023-05-03 00:00:00,IRMQ2437668083455,True,Active,,False,False,False,1252.4299999999998,False
5291,MCH7422,Divan-Vaidya,5942.0,Books & Stationery,Individual,Jaipur,Rajasthan,2024-07-26 13:42:00,7661131218,True,Suspended,170.31,False,True,False,1167.225,False
3695,MCH7428_1,Chand Inc,5699.0,Apparel,Individual,Bengaluru,Karnataka,2025-10-11 00:00:00,XXXX8001,True,Active,1254.86,False,False,False,1252.4299999999998,True
3253,MCH7428_2,VOHRA LTD,5311.0,Department Store,Sole Proprietor,Kolkata,West Bengal,,,False,Active,1227.52,False,False,False,1356.755,True
5248,MCH7429,"Sandal, Raja and Gopal",7011.0,Hotel,Sole Proprietor,Bengaluru,Karnataka,2023-12-15 00:00:00,,False,Active,1419.21,False,False,False,1161.77,False
1110,MCH7430_1,  Arya Group  ,5699.0,Apparel,Individual,Kolkata,West Bengal,,,False,Active,1727.74,False,False,False,1252.4299999999998,True
1390,MCH7430_2,"gill, mutti and nagy",4814.0,Mobile Recharge,Sole Proprietor,Delhi,Delhi,2024-05-08 00:00:00,,False,Active,298.83,False,False,False,1108.585,True
294,MCH7430_3,Pingle-Lata,5311.0,Department Store,Individual,Lucknow,Uttar Pradesh,2024-09-07 13:29:37,XXXX3604,True,Active,2426.91,False,False,False,1356.755,True
941,MCH7430_4,"Seshadri, Kakar and Sarin",5699.0,Apparel,Sole Proprietor,Amritsar,Punjab,2024-08-07 00:00:00,BQCW3653569640830,True,Active,2698.18,False,False,False,1252.4299999999998,True
4373,MCH7431,Nagarajan and Sons,7011.0,Hotel,Sole Proprietor,Jaipur,Rajasthan,2023-01-04 00:00:00,XXXX7904,True,Active,1657.0,False,False,False,1161.77,False
404,MCH7432_1,Agate PLC,5812.0,Restaurant,Individual,Chennai,Tamil Nadu,2024-06-11 00:00:00,OKRJ7586561022456,True,Active,88.41,False,False,False,1327.31,True
2987,MCH7432_2,sidhu-aurora,5942.0,Books & Stationery,Sole Proprietor,Delhi,Delhi,,1656062042,True,Active,611.3,False,False,False,1167.225,True
4309,MCH7432_3,taneja-hari,5699.0,Apparel,Sole Proprietor,Bengaluru,Karnataka,2025-11-24 07:34:00,,False,Active,1291.31,False,False,False,1252.4299999999998,True
46,MCH7433,"Sahota, Desai and Sarma",5999.0,Misc Retail,Individual,Pune,Maharashtra,2024-02-24 00:00:00,,False,Active,867.14,False,False,False,1276.92,False
3160,MCH7435,"Puri, Biswas and Roy",5912.0,Pharmacy,Partnership,Jaipur,Rajasthan,2023-11-12 00:00:00,XXXX1625,True,Suspended,,True,True,False,1300.55,False
4671,MCH7436,Mane-Trivedi,5912.0,Pharmacy,Individual,Bengaluru,Karnataka,2024-09-14 00:00:00,,False,Active,,True,False,False,1300.55,False
2492,MCH7439,Jayaraman PLC,7011.0,Hotel,Private Limited,Kolkata,West Bengal,2024-07-04 13:32:00,,False,Active,7697.49,False,False,False,1161.77,False
4264,MCH7440,Rastogi-Manne,5699.0,Apparel,Sole Proprietor,Lucknow,Uttar Pradesh,2025-10-27 00:00:00,,False,Active,2334.42,False,False,False,1252.4299999999998,False
4460,MCH7442_1,"Tand0n, Tak and Mane",5699.0,Apparel,Partnership,Chennai,Tamil Nadu,2024-09-12 00:00:00,,False,Active,1620.41,False,False,False,1252.4299999999998,True
5136,MCH7442_2,Thakur-Rana,5999.0,Misc Retail,Partnership,Kolkata,West Bengal,2026-01-17 22:14:00,,False,Active,,True,False,False,1276.92,True
1660,MCH7443,chander-manda,4131.0,Transportation,Private Limited,Delhi,Delhi,2024-03-27 00:00:00,,False,Active,1371.0,False,False,False,1225.12,False
3919,MCH7444,Lanka-Shukla,5699.0,Apparel,Private Limited,Mumbai,Maharashtra,2023-03-13 03:58:00,7637285335,True,Active,2750.67,False,False,False,1252.4299999999998,False
4647,MCH7446,"SAMI, NARAYAN AND ROY",5942.0,Books & Stationery,Partnership,Ludhiana,Punjab,2023-02-08 00:00:00,,False,Inactive,6191.17,False,False,False,1167.225,False
6022,MCH7448,mittal inc,4814.0,Mobile Recharge,Private Limited,Hyderabad,Telangana,2024-12-07 00:00:00,9231182109,True,Closed,760.79,False,False,False,1108.585,False
3061,MCH7449,"Brahmbhatt, Nagarajan and Kaul",5311.0,Department Store,Sole Proprietor,Amritsar,Punjab,,,False,Active,397.32,False,False,False,1356.755,False
4008,MCH7452_1,Kala LLC,5311.0,Department Store,Sole Proprietor,Bengaluru,Karnataka,2025-07-07 00:00:00,4973608976,True,Active,1838.62,False,False,False,1356.755,True
3113,MCH7452_2,Vora-Gill,5999.0,Misc Retail,Private Limited,Ludhiana,Punjab,2024-12-05 11:38:47,NKBN9107928248400,True,Active,254.79,False,False,False,1276.92,True
2993,MCH7455,"MODY, BHATTACHARYYA AND PALLA",4814.0,Mobile Recharge,Individual,Delhi,Delhi,2024-04-11 22:40:38,XXXX4231,True,Active,113.99,False,False,False,1108.585,False
4039,MCH7458,"hans, som and krish",,Restaurant,Sole Proprietor,Bengaluru,Karnataka,2025-09-20 20:06:00,,False,Active,8448.66,False,False,True,1327.31,False
2770,MCH7459,"Gara, Agarwal and Anne",7011.0,Hotel,Individual,Ludhiana,Punjab,2023-04-14 20:15:00,2572840529,True,Active,2650.18,False,False,False,1161.77,False
5679,MCH7462,"MALHOTRA, SACHDEVA AND SANT",5411.0,Grocery,Sole Proprietor,Hyderabad,Telangana,2025-11-11 00:00:00,EIQX3043472487822,True,Active,1601.35,False,False,False,1233.545,False
5297,MCH7463,CHAUDRY-NATARAJAN,5912.0,Pharmacy,Partnership,Chennai,Tamil Nadu,2025-05-07 14:13:00,VIFS4477584866493,True,Active,,False,False,False,1300.55,False
4379,MCH7464,DuttaLLC,4131.0,Travel,Private Limited,Lucknow,Uttar Pradesh,2024-09-18 00:00:00,,False,Active,270.92,False,False,False,1012.28,False
4038,MCH7465,Bhatt Group,,Misc Retail,Individual,Pune,Maharashtra,2023-04-10 00:00:00,XXXX7739,True,Active,3040.67,False,False,True,1276.92,False
4596,MCH7469,Dua LLC,5812.0,Restaurant,Sole Proprietor,Pune,Maharashtra,,0464385224,True,Inactive,1848.0,False,False,False,1327.31,False
1778,MCH7470_1,"Din,GuptaandRatti",5311.0,Department Store,Partnership,Delhi,Delhi,2023-09-21 00:00:00,UMQY7730271159180,True,Inactive,684.47,False,False,False,1356.755,True
562,MCH7470_2,Venkatesh Ltd,,Apparel,Sole Proprietor,Lucknow,Uttar Pradesh,2025-04-29 13:49:33,DLXM0557851330372,True,Active,787.0,False,False,True,1252.4299999999998,True
4147,MCH7471,DASS LLC,5812.0,Restaurant,Sole Proprietor,Lucknow,Uttar Pradesh,2023-02-14 00:00:00,XXXX4634,True,Active,390.54,False,False,False,1327.31,False
5295,MCH7473_1,"Goswami, Narang and Chaudhari",5411.0,Grocery,Partnership,Hyderabad,Telangana,,,False,Active,1709.42,False,False,False,1233.545,True
4970,MCH7473_2,"Nair, Ramachandran and Mane",5311.0,Retail,Sole Proprietor,Hyderabad,Telangana,2023-09-07 00:00:00,3598989275,True,Inactive,,True,False,False,1126.42,True
988,MCH7476,  Sundaram Ltd  ,5411.0,Grocery,Sole Proprietor,Ludhiana,Punjab,2025-07-09 15:30:17,MKAI7735339239141,True,Active,1389.53,False,False,False,1233.545,False
3966,MCH7478,"Sami, Brahmbhatt and Khurana",5699.0,Apparel,Private Limited,Mumbai,Maharashtra,2024-08-19 11:01:33,,False,Closed,,False,False,False,1252.4299999999998,False
985,MCH7479,"Wadhwa, Bhatia and Gade",5311.0,Retail,Partnership,Chennai,Tamil Nadu,2024-09-14 17:36:50,8868630340,True,Active,998.0,False,False,False,1126.42,False
3239,MCH7482,"Bail, Verma and Sur",5699.0,Apparel,Private Limited,Jalandhar,Punjab,2024-02-06 00:00:00,,False,Active,249.45,False,False,False,1252.4299999999998,False
1616,MCH7489,  Sridhar PLC  ,5999.0,Misc Retail,Individual,Bengaluru,Karnataka,2024-09-15 00:00:00,,False,Active,990.64,False,False,False,1276.92,False
293,MCH7490,datta ltd,5912.0,Pharmacy,Sole Proprietor,Kolkata,West Bengal,2023-11-12 16:38:03,,False,Active,1590.69,False,False,False,1300.55,False
4937,MCH7493_1,Nanda LLC,5411.0,Grocery,Partnership,Delhi,Delhi,2024-12-01 00:24:51,,False,Active,537.94,False,False,False,1233.545,True
4523,MCH7493_2,Sachdeva-Pillai,5699.0,Apparel,Private Limited,Kolkata,West Bengal,2026-01-18 20:12:00,1151514873,True,Inactive,203.44,False,False,False,1252.4299999999998,True
724,MCH7495_1,"Biswas, Mane and Hari",5311.0,Department Store,Private Limited,Delhi,Delhi,,,False,Active,993.25,False,False,False,1356.755,True
3896,MCH7495_2,DHINGRA AND SONS,5999.0,Misc Retail,Sole Proprietor,Jalandhar,Punjab,,XXXX0797,True,Inactive,3168.53,False,False,False,1276.92,True
4347,MCH7495_3,"Subramaniam, Radhakrishnan and Bahri",5411.0,Grocery,Individual,Amritsar,Punjab,2023-05-14 00:00:00,XXXX3800,True,Closed,1584.42,False,False,False,1233.545,True
3408,MCH7501,Jayaraman Inc,5311.0,Department Store,Partnership,Kolkata,West Bengal,2024-03-10 00:00:00,XXXX9347,True,Active,2898.16,False,False,False,1356.755,False
4078,MCH7502,GOKHALE LLC,5311.0,Department Store,Individual,Amritsar,Punjab,2024-06-07 00:00:00,5976838930,True,Active,1185.45,False,False,False,1356.755,False
816,MCH7503_1,Dixit-Lala,7011.0,Hotel,Individual,Mumbai,Maharashtra,2024-10-06 00:00:00,6328103560,True,Active,,True,False,False,1161.77,True
2649,MCH7503_2,Raval LLC,5411.0,Grocery,Partnership,Delhi,Delhi,2025-10-30 13:02:18,6775545242,True,Active,1167.54,False,False,False,1233.545,True
223,MCH7504_1,Balay PLC,7011.0,Hotel,Individual,Chennai,Tamil Nadu,2025-10-24 10:34:44,1818420938,True,Active,1030.01,False,False,False,1161.77,True
2946,MCH7504_2,"MANDAL, TRIPATHI AND BHATNAGAR",7011.0,Hotel,Sole Proprietor,Amritsar,Punjab,2023-04-23 10:04:42,IUKB6414988497315,True,Active,8261.29,False,False,False,1161.77,True
4601,MCH7508,Garg-Deo,5942.0,Books & Stationery,Partnership,Amritsar,Punjab,2024-11-15 00:00:00,XXXX5011,True,Active,1956.49,False,False,False,1167.225,False
5769,MCH7509,Narasimhan-Naidu,5699.0,Apparel,Sole Proprietor,Kolkata,West Bengal,2025-07-29 00:00:00,RUXH2213582281170,True,Active,1271.23,False,False,False,1252.4299999999998,False
2986,MCH7513,Buch Inc,5812.0,Restaurant,Individual,Kolkata,West Bengal,2024-09-02 00:00:00,MLTA1304721995984,True,Active,584.0,False,False,False,1327.31,False
3622,MCH7514,Ahuja-Bobal,5311.0,Retail,Sole Proprietor,Lucknow,Uttar Pradesh,2024-04-19 10:36:48,,False,Active,1943.52,False,False,False,1126.42,False
3611,MCH7517,"  Banik, Kamdar and Dada  ",5699.0,Apparel,Individual,Amritsar,Punjab,2025-07-20 00:00:00,YYXV9001319720217,True,Active,2046.69,False,False,False,1252.4299999999998,False
5100,MCH7519,"Sarkar, Garg and Kumar",4131.0,Transportation,Partnership,Lucknow,Uttar Pradesh,2025-06-01 00:00:00,6307100507,True,Inactive,771.94,False,False,False,1225.12,False
427,MCH7521_1,Boase PLC,4131.0,Transportation,Sole Proprietor,Kolkata,West Bengal,2026-01-27 00:00:00,WKCL3458708850629,True,Active,880.0,False,False,False,1225.12,True
2223,MCH7521_2,"Sawhney, Desai and Andra",5999.0,Misc Retail,Private Limited,Ludhiana,Punjab,2024-02-12 00:00:00,XXXX3945,True,Active,1639.0,False,False,False,1276.92,True
2998,MCH7523_1,"sharaf, chad and prashad",5912.0,Pharmacy,Sole Proprietor,Lucknow,Uttar Pradesh,2023-09-11 00:00:00,XXXX3383,True,Active,2848.66,False,False,False,1300.55,True
4869,MCH7523_2,venkataraman-hans,4131.0,Transportation,Sole Proprietor,Pune,Maharashtra,2025-04-28 00:00:00,6156184588,True,Active,6157.65,False,False,False,1225.12,True
3985,MCH7524_1,"Babu, Banerjee and Parsa",5812.0,Restaurant,Individual,Kolkata,West Bengal,2023-06-04 00:00:00,XXXX7557,True,Active,811.7,False,False,False,1327.31,True
3684,MCH7524_2,"Sarna, Mital and Deo",7011.0,Hotel,Private Limited,Bengaluru,Karnataka,2025-07-13 10:56:49,XXXX6292,True,Active,1847.0,False,False,False,1161.77,True
974,MCH7525,  Char-Narayanan  ,5942.0,Books & Stationery,Individual,Lucknow,Uttar Pradesh,2025-03-31 00:00:00,,False,Active,424.34,False,False,False,1167.225,False
3747,MCH7533,"Boase, Krishnan and Tiwari",,Apparel,Partnership,Lucknow,Uttar Pradesh,2025-04-06 21:09:50,YYIV1816207811981,True,Active,1221.0,False,False,True,1252.4299999999998,False
5552,MCH7536,Kalla-Deo,5311.0,Department Store,Partnership,Kolkata,West Bengal,2024-08-29 00:00:00,5654813293,True,Active,803.42,False,False,False,1356.755,False
4775,MCH7539,"Kalita, Din and Ganesh",5311.0,Retail,Private Limited,Chennai,Tamil Nadu,2024-01-05 01:38:27,5865236657,True,Active,,False,False,False,1126.42,False
5773,MCH7540_1,Buch-Das,5311.0,Department Store,Sole Proprietor,Hyderabad,Telangana,2025-05-17 00:00:00,ILTI6803944844549,True,Active,,True,False,False,1356.755,True
2290,MCH7540_2,Solanki Inc,5999.0,Misc Retail,Partnership,Jalandhar,Punjab,2024-04-08 07:31:00,XXXX7550,True,Active,579.73,False,False,False,1276.92,True
2844,MCH7544_1,Ganesh and S0ns,4131.0,Transportation,Sole Proprietor,Ludhiana,Punjab,2025-03-22 00:00:00,FWAU1672608587886,True,Inactive,2329.09,False,False,False,1225.12,True
1295,MCH7544_2,NARAYAN-OOMMEN,4814.0,Telecom,Individual,Jalandhar,Punjab,2023-06-29 00:00:00,RSLP3867431498538,True,Inactive,1478.06,False,False,False,1213.17,True
722,MCH7546,Koshy LLC,5912.0,Pharmacy,Individual,Delhi,Delhi,2024-11-17 00:00:00,XXXX1749,True,Active,356.0,False,False,False,1300.55,False
4257,MCH7548_1,  Dhillon Inc  ,4814.0,Mobile Recharge,Private Limited,Hyderabad,Telangana,2025-08-24 00:00:00,XXXX6625,True,Suspended,4170.0,False,True,False,1108.585,True
195,MCH7548_2,Kalla LLC,,Grocery,Individual,Bengaluru,Karnataka,2024-05-26 00:00:00,JVRD8475866858020,True,Active,3106.71,False,False,True,1233.545,True
3411,MCH7549,Narayan PLC,7011.0,Hotel,Sole Proprietor,Kolkata,West Bengal,2023-02-22 04:38:14,8324142833,True,Closed,2720.0,False,False,False,1161.77,False
4541,MCH7552,SOM AND SONS,4814.0,Telecom,Sole Proprietor,Pune,Maharashtra,2025-07-21 00:00:00,4455888078,True,Active,1934.0,False,False,False,1213.17,False
3174,MCH7554,"J0ha1, K0thari and Nagar",4131.0,Transportation,Individual,Jalandhar,Punjab,2023-02-05 23:53:12,,False,Active,572.11,False,False,False,1225.12,False
2456,MCH7556,Hayer-Saini,5942.0,Books & Stationery,Individual,Chennai,Tamil Nadu,2024-01-24 20:09:00,,False,Active,,False,False,False,1167.225,False
4620,MCH7558_1,Bandi-Khanna,5999.0,Misc Retail,Partnership,Bengaluru,Karnataka,2025-05-19 00:00:00,,False,Active,1002.06,False,False,False,1276.92,True
4050,MCH7558_2,Keer-Krish,5942.0,Books & Stationery,Private Limited,Chennai,Tamil Nadu,2024-03-29 10:23:34,XXXX0444,True,Active,777.64,False,False,False,1167.225,True
4026,MCH7558_3,Lanka-Dixit,5812.0,Restaurant,Sole Proprietor,Pune,Maharashtra,2024-04-21 08:12:32,DPGO5407180491231,True,Active,1010.63,False,False,False,1327.31,True
1846,MCH7558_4,Nair-Tandon,7011.0,Hotel,Individual,Delhi,Delhi,2025-09-24 00:00:00,WDIO8859498666425,True,Active,2209.65,False,False,False,1161.77,True
3018,MCH7560,  Chakraborty and Sons  ,,Department Store,Partnership,Pune,Maharashtra,,WVEJ5381131962008,True,Active,2097.03,False,False,True,1356.755,False
1084,MCH7563,Anne and Sons,7011.0,Hotel,Private Limited,Amritsar,Punjab,2023-05-16 00:00:00,XXXX7430,True,Active,300.06,False,False,False,1161.77,False
1199,MCH7564,"Mahal, Thaman and Dani",,Books & Stationery,Sole Proprietor,Jalandhar,Punjab,2023-12-23 00:00:00,7935535958,True,Active,503.13,False,False,True,1167.225,False
5739,MCH7566_1,KADE-BHATTACHARYYA,5912.0,Pharmacy,Individual,Mumbai,Maharashtra,2024-12-11 00:00:00,,False,Inactive,748.55,False,False,False,1300.55,True
2853,MCH7566_2,  Minhas Group  ,5912.0,Pharmacy,Partnership,Mumbai,Maharashtra,2024-03-08 07:53:44,,False,Active,880.25,False,False,False,1300.55,True
1240,MCH7567_1,badal-tripathi,5699.0,Apparel,Partnership,Delhi,Delhi,2023-01-23 14:11:00,,False,Active,581.85,False,False,False,1252.4299999999998,True
3997,MCH7567_2,Bora-Venkatesh,5912.0,Pharmacy,Partnership,Lucknow,Uttar Pradesh,,,False,Active,664.14,False,False,False,1300.55,True
1635,MCH7568_1,"CHOKSHI, LALL AND SUBRAMANIAM",4131.0,Transportation,Individual,Amritsar,Punjab,2025-11-15 23:29:00,XXXX4056,True,Active,,False,False,False,1225.12,True
1428,MCH7568_2,Kumer-Gandhi,7011.0,Hotel,Sole Proprietor,Mumbai,Maharashtra,2025-05-23 00:00:00,,False,Active,1278.0,False,False,False,1161.77,True
5069,MCH7572,"Nori, Kibe and Das",5699.0,Apparel,Sole Proprietor,Lucknow,Uttar Pradesh,2023-11-28 00:00:00,BLHB3138092170893,True,Active,870.0,False,False,False,1252.4299999999998,False
3732,MCH7574_1,Loke Ltd,,Department Store,Sole Proprietor,Kolkata,West Bengal,,XXXX9656,True,Active,,True,False,True,1356.755,True
3887,MCH7574_2,"  Saini, Dubey and Bava  ",,Department Store,Private Limited,Pune,Maharashtra,2024-09-28 01:58:00,,False,Active,1109.44,False,False,True,1356.755,True
2734,MCH7576,Ramanathan-Menon,7011.0,Hotel,Partnership,Jalandhar,Punjab,2024-10-14 09:09:31,,False,Active,757.61,False,False,False,1161.77,False
3378,MCH7577,"Gandhi, Golla and Arora",5699.0,Apparel,Private Limited,Amritsar,Punjab,2023-01-26 00:00:00,XXXX6249,True,Active,,False,False,False,1252.4299999999998,False
4981,MCH7580_1,DHALIWAL-SHANKAR,4814.0,Mobile Recharge,Sole Proprietor,Mumbai,Maharashtra,2023-07-04 00:00:00,XXXX8286,True,Active,1155.73,False,False,False,1108.585,True
5326,MCH7580_2,"Setty, Kala and Ramesh",7011.0,Hotel,Partnership,Jaipur,Rajasthan,2025-10-20 00:00:00,,False,Active,,True,False,False,1161.77,True
5843,MCH7581,"Deshpande, Butala and Jain",5699.0,Apparel,Private Limited,Lucknow,Uttar Pradesh,2024-08-13 00:00:00,5640516477,True,Active,,False,False,False,1252.4299999999998,False
671,MCH7582,Gola Ltd,4131.0,Transportation,Individual,Kolkata,West Bengal,2024-07-31 16:49:00,,False,Active,1056.25,False,False,False,1225.12,False
3387,MCH7585,Rattan-Ratti,5699.0,Apparel,Partnership,Pune,Maharashtra,2026-02-10 00:00:00,,False,Active,,True,False,False,1252.4299999999998,False
2006,MCH7586_1,"Hayer, Savant and Tiwari",5311.0,Department Store,Partnership,Pune,Maharashtra,2024-03-31 00:00:00,ODJU9409130463225,True,Active,765.1,False,False,False,1356.755,True
1248,MCH7586_2,RandhawaInc,5812.0,Restaurant,Partnership,Chennai,Tamil Nadu,2025-06-21 00:00:00,,False,Inactive,629.75,False,False,False,1327.31,True
924,MCH7589_1,"Mangat, Din and Chatterjee",7011.0,Hotel,Partnership,Mumbai,Maharashtra,2024-01-17 00:00:00,XXXX6278,True,Active,1692.13,False,False,False,1161.77,True
2538,MCH7589_2,"Parekh, Dugal and Bumb",4131.0,Transportation,Private Limited,Pune,Maharashtra,2025-01-17 00:00:00,1086489702,True,Active,437.44,False,False,False,1225.12,True
4082,MCH7591,Gour-Hora,5812.0,Restaurant,Sole Proprietor,Amritsar,Punjab,2023-12-07 05:34:00,XXXX5661,True,Active,1230.68,False,False,False,1327.31,False
2583,MCH7595,Subramaniam-Balasubramanian,,Grocery,Individual,Ludhiana,Punjab,2026-01-07 00:00:00,4323936215,True,Active,3392.31,False,False,True,1233.545,False
2914,MCH7596,Bajwa-Luthra,4814.0,Telecom,Private Limited,Hyderabad,Telangana,2024-04-20 00:00:00,,False,Suspended,,False,True,False,1213.17,False
4069,MCH7597,Vohra-Mitter,,Transportation,Sole Proprietor,Pune,Maharashtra,2025-07-31 00:00:00,BWIV7516426838159,True,Active,2111.86,False,False,True,1225.12,False
1744,MCH7600_1,Bora Inc,5999.0,Misc Retail,Private Limited,Jalandhar,Punjab,2025-01-09 00:00:00,,False,Active,582.46,False,False,False,1276.92,True
1235,MCH7600_2,"Karnik, Thakur and Palla",5912.0,Pharmacy,Sole Proprietor,Hyderabad,Telangana,2023-04-24 05:46:43,,False,Active,1154.91,False,False,False,1300.55,True
4848,MCH7600_3,"Minhas, Rattan and Oak",5311.0,Retail,Sole Proprietor,Ludhiana,Punjab,2023-10-13 19:20:00,XXXX9742,True,Active,10025.0,False,False,False,1126.42,True
208,MCH7600_4,Panchal Ltd,5912.0,Pharmacy,Individual,Lucknow,Uttar Pradesh,2023-10-13 00:00:00,,False,Active,1148.2,False,False,False,1300.55,True
2787,MCH7600_5,SALVI-MISHRA,,Pharmacy,Private Limited,Bengaluru,Karnataka,2025-05-25 03:49:40,,False,Active,577.0,False,False,True,1300.55,True
4439,MCH7604,"Varkey, Hayer and Ratti",5411.0,Grocery,Partnership,Chennai,Tamil Nadu,2025-02-17 00:00:00,XXXX6093,True,Active,868.52,False,False,False,1233.545,False
646,MCH7605_1,Beh1-D’A1ia,5311.0,Retail,Partnership,Chennai,Tamil Nadu,2023-03-05 00:00:00,,False,Active,6345.68,False,False,False,1126.42,True
5211,MCH7605_2,Kakar-Dhi110n,5311.0,Retail,Private Limited,Bengaluru,Karnataka,2025-07-21 00:00:00,XXXX1255,True,Inactive,1126.42,False,False,False,1126.42,True
3169,MCH7606,  Chaudhari-Raman  ,5999.0,Misc Retail,Private Limited,Bengaluru,Karnataka,2024-08-27 00:00:00,,False,Active,296.04,False,False,False,1276.92,False
238,MCH7607,"vyas, ramakrishnan and narayanan",,Books & Stationery,Sole Proprietor,Amritsar,Punjab,2025-01-02 19:37:48,2925658717,True,Active,7039.03,False,False,True,1167.225,False
5067,MCH7609_1,Mitta1 PLC,5912.0,Pharmacy,Individual,Jalandhar,Punjab,2025-03-10 00:00:00,XXXX5424,True,Active,,True,False,False,1300.55,True
5985,MCH7609_2,"Nagy, Bhat and Chaudhuri",4131.0,Transportation,Individual,Delhi,Delhi,2024-01-10 21:47:11,XXXX5106,True,Active,3649.36,False,False,False,1225.12,True
2680,MCH7613,"Parekh, Ch0kshi and Das",5699.0,Apparel,Private Limited,Jaipur,Rajasthan,2024-11-23 19:31:50,VJFK9617718212331,True,Active,419.26,False,False,False,1252.4299999999998,False
445,MCH7614,WaliLtd,5699.0,Apparel,Individual,Mumbai,Maharashtra,2023-07-03 00:00:00,BEBD9243619313229,True,Active,969.0,False,False,False,1252.4299999999998,False
2241,MCH7615,"DAR, PAREKH AND DE",5812.0,Restaurant,Sole Proprietor,Lucknow,Uttar Pradesh,,4443349499,True,Inactive,2530.9,False,False,False,1327.31,False
576,MCH7618_1,MUTTI-MOHAN,5942.0,Books & Stationery,Individual,Hyderabad,Telangana,2023-03-14 00:00:00,XXXX5035,True,Active,664.0,False,False,False,1167.225,True
1261,MCH7618_2,"Thaman, Parikh and Dubey",7011.0,Hotel,Private Limited,Delhi,Delhi,2025-11-22 00:00:00,SGHB3691205385794,True,Active,244.24,False,False,False,1161.77,True
3340,MCH7619,"ranganathan, kumer and pandya",5311.0,Department Store,Private Limited,Kolkata,West Bengal,2023-11-02 00:00:00,XXXX7479,True,Active,,False,False,False,1356.755,False
2387,MCH7620_1,narain-balasubramanian,5942.0,Books & Stationery,Private Limited,Chennai,Tamil Nadu,2025-02-14 00:00:00,2629867303,True,Active,2086.1,False,False,False,1167.225,True
355,MCH7620_2,"Vaidya, Deshmukh and Cherian",5942.0,Books & Stationery,Individual,Pune,Maharashtra,2024-10-20 02:51:25,SIIG8824885521026,True,Inactive,1771.87,False,False,False,1167.225,True
5798,MCH7621_1,Iyer-Mangal,5411.0,Grocery,Sole Proprietor,Jalandhar,Punjab,2023-09-14 09:28:09,9620926226,True,Active,1096.69,False,False,False,1233.545,True
1262,MCH7621_2,"Sankaran, Sur and Panchal",5812.0,Restaurant,Individual,Jaipur,Rajasthan,2023-01-03 00:00:00,XXXX7790,True,Active,1992.6,False,False,False,1327.31,True
4685,MCH7622_1,Agrawal-Yogi,4131.0,Transportation,Partnership,Amritsar,Punjab,2025-10-19 00:00:00,,False,Active,,True,False,False,1225.12,True
1556,MCH7622_2,Banerjee-Raman,5812.0,Restaurant,Sole Proprietor,Pune,Maharashtra,2023-11-24 00:00:00,,False,Active,1374.5,False,False,False,1327.31,True
4664,MCH7623,Pandya LLC,,Books & Stationery,Partnership,Mumbai,Maharashtra,2026-01-23 00:00:00,XXXX7491,True,Active,701.06,False,False,True,1167.225,False
1710,MCH7627_1,CHANDA-MURTY,5812.0,Restaurant,Partnership,Jaipur,Rajasthan,2024-10-15 00:00:00,,False,Active,3236.88,False,False,False,1327.31,True
1478,MCH7627_2,Lata-Ray,4131.0,Transportation,Individual,Mumbai,Maharashtra,2025-05-17 00:00:00,3611125475,True,Active,1169.55,False,False,False,1225.12,True
5223,MCH7627_3,  Maharaj-Narain  ,5311.0,Department Store,Individual,Lucknow,Uttar Pradesh,2023-03-26 02:43:00,YXZM1071683755810,True,Active,508.95,False,False,False,1356.755,True
5621,MCH7628_1,"Chawla, Datta and Ahuja",5411.0,Grocery,Partnership,Pune,Maharashtra,2024-01-05 00:00:00,,False,Active,979.26,False,False,False,1233.545,True
4344,MCH7628_2,"Mander, Guha and Varty",4814.0,Mobile Recharge,Sole Proprietor,Mumbai,Maharashtra,2026-01-12 00:00:00,0845621446,True,Suspended,8496.25,False,True,False,1108.585,True
3132,MCH7629,Taneja-Vyas,5999.0,Misc Retail,Individual,Pune,Maharashtra,2023-01-01 17:10:32,0070872652,True,Active,1413.56,False,False,False,1276.92,False
949,MCH7630,"RAMA, KALITA AND JHA",4131.0,Transportation,Individual,Mumbai,Maharashtra,2025-10-01 00:00:00,2315692507,True,Active,2393.0,False,False,False,1225.12,False
2471,MCH7631_1,Chawla-Ganesh,4131.0,Travel,Individual,Pune,Maharashtra,2023-07-12 00:00:00,1532003029,True,Active,6757.26,False,False,False,1012.28,True
5729,MCH7631_2,DOSHI-VERMA,5942.0,Books & Stationery,Partnership,Kolkata,West Bengal,2024-01-27 00:00:00,,False,Active,2548.32,False,False,False,1167.225,True
1022,MCH7635_1,Karpe Inc,4814.0,Telecom,Partnership,Mumbai,Maharashtra,2023-05-11 12:34:38,4808643996,True,Suspended,6027.41,False,True,False,1213.17,True
1726,MCH7635_2,Pant and Sons,7011.0,Hotel,Individual,Jalandhar,Punjab,2023-03-04 20:51:37,7323981612,True,Active,4941.43,False,False,False,1161.77,True
2827,MCH7636,BIR PLC,5699.0,Apparel,Sole Proprietor,Jalandhar,Punjab,2025-05-03 00:00:00,XXXX9076,True,Active,178.0,False,False,False,1252.4299999999998,False
4176,MCH7639_1,brar-chana,5999.0,Misc Retail,Sole Proprietor,Mumbai,Maharashtra,2025-02-20 05:32:00,XXXX2309,True,Active,4805.68,False,False,False,1276.92,True
5357,MCH7639_2,Comar PLC,5411.0,Grocery,Private Limited,Delhi,Delhi,2023-11-29 00:00:00,,False,Active,2058.56,False,False,False,1233.545,True
1692,MCH7639_3,Dewan-Ravi,5699.0,Apparel,Partnership,Kolkata,West Bengal,2023-07-31 00:00:00,XXXX1970,True,Active,,True,False,False,1252.4299999999998,True
591,MCH7639_4,Guha and Sons,,Apparel,Private Limited,Jalandhar,Punjab,2024-10-04 00:29:00,CBVL9950272702158,True,Active,2082.39,False,False,True,1252.4299999999998,True
1109,MCH7644,Mital PLC,7011.0,Hotel,Sole Proprietor,Chennai,Tamil Nadu,2024-03-07 00:00:00,,False,Active,602.59,False,False,False,1161.77,False
17,MCH7645,Majumdar-Nagarajan,5912.0,Pharmacy,Sole Proprietor,Amritsar,Punjab,2024-09-21 00:00:00,7530870851,True,Active,1396.81,False,False,False,1300.55,False
4248,MCH7647,"Bala, Mody and Kumer",5912.0,Pharmacy,Partnership,Mumbai,Maharashtra,2025-12-30 18:11:40,XXXX0768,True,Inactive,3285.0,False,False,False,1300.55,False
3908,MCH7648,"  Trivedi, Ramachandran and Keer  ",,Misc Retail,Private Limited,Hyderabad,Telangana,2024-11-12 16:04:31,7503405109,True,Suspended,1840.11,False,True,True,1276.92,False
508,MCH7651,  Sur Inc  ,5912.0,Pharmacy,Sole Proprietor,Jalandhar,Punjab,2025-07-24 13:48:53,VAPP7301302357942,True,Active,1138.07,False,False,False,1300.55,False
1069,MCH7653_1,Mishra LLC,5699.0,Apparel,Individual,Jalandhar,Punjab,2025-04-30 00:00:00,CZKM6825233537936,True,Active,7064.16,False,False,False,1252.4299999999998,True
3403,MCH7653_2,Sama-Yogi,5999.0,Misc Retail,Sole Proprietor,Hyderabad,Telangana,2025-01-05 00:00:00,,False,Active,1041.79,False,False,False,1276.92,True
4360,MCH7654,Chakraborty Inc,5699.0,Apparel,Sole Proprietor,Lucknow,Uttar Pradesh,,,False,Active,1250.0,False,False,False,1252.4299999999998,False
2251,MCH7659_1,"Bali, Balan and Ramachandran",,Books & Stationery,Partnership,Delhi,Delhi,2023-10-04 00:00:00,XXXX6852,True,Active,1079.0,False,False,True,1167.225,True
125,MCH7659_2,"Pandya, Bakshi and Chaudhary",4131.0,Transportation,Private Limited,Chennai,Tamil Nadu,2023-04-16 18:19:00,FNTE9764699509957,True,Active,1564.19,False,False,False,1225.12,True
3702,MCH7661_1,Brahmbhatt and Sons,,Apparel,Individual,Jaipur,Rajasthan,2024-02-13 00:00:00,,False,Active,825.29,False,False,True,1252.4299999999998,True
246,MCH7661_2,Mutti Group,5912.0,Pharmacy,Sole Proprietor,Ludhiana,Punjab,2023-12-19 19:07:43,,False,Active,1349.43,False,False,False,1300.55,True
1508,MCH7661_3,Pal-Atwal,7011.0,Hotel,Partnership,Kolkata,West Bengal,2024-06-20 00:00:00,LQAC5434478012412,True,Active,1304.11,False,False,False,1161.77,True
5046,MCH7664,Datta Ltd,,Travel,Partnership,Kolkata,West Bengal,,XXXX7337,True,Active,990.98,False,False,True,1012.28,False
2720,MCH7667_1,LALLA AND SONS,5311.0,Retail,Individual,Hyderabad,Telangana,2023-01-20 00:00:00,,False,Active,1676.0,False,False,False,1126.42,True
5361,MCH7667_2,solanki llc,4814.0,Telecom,Sole Proprietor,Lucknow,Uttar Pradesh,2024-06-28 00:00:00,,False,Active,1620.69,False,False,False,1213.17,True
5258,MCH7675,Suresh-Tandon,4131.0,Transportation,Partnership,Pune,Maharashtra,2025-01-24 00:00:00,,False,Active,1022.55,False,False,False,1225.12,False
2023,MCH7679_1,"  Bal, Ganesh and Malhotra  ",5942.0,Books & Stationery,Private Limited,Mumbai,Maharashtra,2025-12-15 23:24:32,OOXS0496924835573,True,Active,3308.0,False,False,False,1167.225,True
2974,MCH7679_2,Sama and Sons,5912.0,Pharmacy,Partnership,Bengaluru,Karnataka,2026-02-25 00:00:00,2230627789,True,Active,3295.19,False,False,False,1300.55,True
1324,MCH7679_3,Sodhi-Dugal,5411.0,Grocery,Individual,Jalandhar,Punjab,2023-01-23 00:00:00,8562313994,True,Active,975.38,False,False,False,1233.545,True
1243,MCH7681_1,"  Aggarwal, Raj and Mand  ",5311.0,Retail,Individual,Amritsar,Punjab,2023-07-26 00:00:00,6309524938,True,Active,148.0,False,False,False,1126.42,True
1858,MCH7681_2,"Bal, Kakar and Pillai",,Transportation,Private Limited,Pune,Maharashtra,2024-11-15 00:00:00,2915378010,True,Active,1955.63,False,False,True,1225.12,True
756,MCH7681_3,Kala PLC,4814.0,Telecom,Private Limited,Hyderabad,Telangana,2023-12-04 14:59:00,,False,Active,2015.68,False,False,False,1213.17,True
5785,MCH7685,"Badal, Khurana and Bansal",5311.0,Department Store,Individual,Jalandhar,Punjab,2025-05-06 00:19:28,XXXX6889,True,Inactive,,True,False,False,1356.755,False
1393,MCH7687_1,Devan Inc,5699.0,Apparel,Individual,Lucknow,Uttar Pradesh,2024-11-25 18:59:00,,False,Active,2148.82,False,False,False,1252.4299999999998,True
1761,MCH7687_2,  Pant-Mukherjee  ,5999.0,Misc Retail,Partnership,Hyderabad,Telangana,2023-08-15 00:00:00,0561782434,True,Active,,False,False,False,1276.92,True
1642,MCH7688,"  Kata, Bobal and Basu  ",5912.0,Pharmacy,Sole Proprietor,Ludhiana,Punjab,2025-07-29 00:00:00,7749062073,True,Active,3346.0,False,False,False,1300.55,False
2257,MCH7692,Ratti-Patla,5311.0,Department Store,Individual,Amritsar,Punjab,2025-07-10 00:00:00,XXXX7379,True,Active,2270.3,False,False,False,1356.755,False
1134,MCH7698_1,Bhatnagar Inc,5999.0,Misc Retail,Individual,Lucknow,Uttar Pradesh,2023-08-24 00:13:02,8131154936,True,Active,1276.92,False,False,False,1276.92,True
147,MCH7698_2,SACHDEV AND SONS,5812.0,Restaurant,Sole Proprietor,Amritsar,Punjab,2023-07-23 00:00:00,,False,Active,,False,False,False,1327.31,True
273,MCH7699_1,chakraborty llc,7011.0,Hotel,Sole Proprietor,Bengaluru,Karnataka,2023-01-29 00:00:00,,False,Active,145.86,False,False,False,1161.77,True
2815,MCH7699_2,mammen ltd,4814.0,Mobile Recharge,Individual,Jalandhar,Punjab,2024-10-16 05:11:31,XXXX5219,True,Active,,False,False,False,1108.585,True
3947,MCH7700,"Lanka, Setty and Muni",5812.0,Restaurant,Partnership,Delhi,Delhi,2025-06-14 00:00:00,,False,Inactive,,True,False,False,1327.31,False
4396,MCH7701,Ravel-Lala,5411.0,Grocery,Private Limited,Ludhiana,Punjab,2025-05-12 05:37:27,XXXX7294,True,Active,1411.44,False,False,False,1233.545,False
2738,MCH7702,Ahuja-Nayar,5411.0,Grocery,Private Limited,Ludhiana,Punjab,2024-10-04 00:00:00,,False,Suspended,,False,True,False,1233.545,False
5227,MCH7709_1,"JANI, SIDHU AND TRIPATHI",4131.0,Transportation,Partnership,Jaipur,Rajasthan,2025-06-05 00:00:00,KEWA6292181807133,True,Active,451.31,False,False,False,1225.12,True
4167,MCH7709_2,Kala LLC,5411.0,Grocery,Partnership,Jalandhar,Punjab,2023-06-21 15:24:12,,False,Active,,False,False,False,1233.545,True
4227,MCH7709_3,Sangha LLC,5812.0,Restaurant,Sole Proprietor,Jalandhar,Punjab,2024-07-11 00:00:00,LORK7301099084726,True,Active,968.83,False,False,False,1327.31,True
1792,MCH7712,  Sehgal Ltd  ,5411.0,Grocery,Partnership,Lucknow,Uttar Pradesh,,XXXX7167,True,Active,2215.59,False,False,False,1233.545,False
2563,MCH7714,"koshy, dani and barad",4814.0,Telecom,Private Limited,Jalandhar,Punjab,2023-10-27 23:10:00,,False,Active,669.74,False,False,False,1213.17,False
2590,MCH7715_1,Patla-Memon,5699.0,Apparel,Private Limited,Chennai,Tamil Nadu,2024-02-28 04:11:46,,False,Active,,True,False,False,1252.4299999999998,True
4638,MCH7715_2,Tata-Borah,5999.0,Misc Retail,Private Limited,Kolkata,West Bengal,2025-10-06 00:00:00,XXXX1003,True,Closed,1652.04,False,False,False,1276.92,True
2101,MCH7720_1,Agate-Krishnamurthy,7011.0,Hotel,Private Limited,Chennai,Tamil Nadu,2025-12-10 22:57:00,,False,Active,475.0,False,False,False,1161.77,True
4538,MCH7720_2,"  Gulati, Kothari and Mital  ",7011.0,Hotel,Sole Proprietor,Pune,Maharashtra,2025-02-21 00:00:00,,False,Active,501.87,False,False,False,1161.77,True
5169,MCH7723,"Pandya, Barman and Biswas",5699.0,Apparel,Private Limited,Ludhiana,Punjab,2025-01-06 01:31:38,MLMI7440738115367,True,Active,3268.86,False,False,False,1252.4299999999998,False
2183,MCH7724_1,Bir-Mitra,5812.0,Restaurant,Private Limited,Chennai,Tamil Nadu,2023-04-04 00:59:22,BIAX4725507902960,True,Active,347.01,False,False,False,1327.31,True
4165,MCH7724_2,Gade-Tata,5912.0,Pharmacy,Sole Proprietor,Delhi,Delhi,2023-07-04 00:00:00,8406773720,True,Active,1191.59,False,False,False,1300.55,True
2705,MCH7724_3,"Johal, Khatri and Sant",5411.0,Grocery,Individual,Jalandhar,Punjab,2026-02-18 00:00:00,BSAD5422938420269,True,Active,3132.9,False,False,False,1233.545,True
1503,MCH7724_4,  Kapoor-Parmar  ,5311.0,Retail,Individual,Hyderabad,Telangana,2025-11-30 00:00:00,ULOQ5236477246986,True,Active,431.71,False,False,False,1126.42,True
4138,MCH7724_5,"Thaman,ParsaandAurora",,Mobile Recharge,Individual,Pune,Maharashtra,2025-01-08 00:00:00,,False,Active,1482.24,False,False,True,1108.585,True
2722,MCH7726,Modi Ltd,5311.0,Department Store,Individual,Lucknow,Uttar Pradesh,2025-05-17 15:11:06,XXXX3760,True,Active,1955.14,False,False,False,1356.755,False
5138,MCH7728_1,"  Banerjee, Iyengar and Ganguly  ",7011.0,Hotel,Individual,Jaipur,Rajasthan,2024-10-11 00:00:00,XXXX5198,True,Active,750.16,False,False,False,1161.77,True
4152,MCH7728_2,Gaba Ltd,7011.0,Hotel,Partnership,Jalandhar,Punjab,2024-06-07 00:00:00,,False,Active,970.98,False,False,False,1161.77,True
5571,MCH7729_1,"Jain, Bail and Rattan",5411.0,Grocery,Private Limited,Pune,Maharashtra,2023-03-04 07:27:56,,False,Active,2571.4,False,False,False,1233.545,True
3891,MCH7729_2,Keer LLC,5942.0,Books & Stationery,Private Limited,Mumbai,Maharashtra,,,False,Active,884.0,False,False,False,1167.225,True
789,MCH7731_1,DalalPLC,7011.0,Hotel,Individual,Chennai,Tamil Nadu,2024-05-25 00:00:00,,False,Active,2899.19,False,False,False,1161.77,True
2405,MCH7731_2,"Issac, Muni and Natt",,Books & Stationery,Individual,Hyderabad,Telangana,,XXXX4637,True,Active,236.08,False,False,True,1167.225,True
5233,MCH7733,Bora Inc,,Telecom,Private Limited,Lucknow,Uttar Pradesh,2024-01-22 00:00:00,XXXX3762,True,Active,5028.38,False,False,True,1213.17,False
5543,MCH7735_1,GARG-BALAN,5999.0,Misc Retail,Sole Proprietor,Ludhiana,Punjab,2024-01-24 00:00:00,7094886442,True,Active,,True,False,False,1276.92,True
3566,MCH7735_2,Nanda PLC,5912.0,Pharmacy,Individual,Kolkata,West Bengal,,4101693364,True,Active,763.99,False,False,False,1300.55,True
3358,MCH7736,Kara PLC,5699.0,Apparel,Individual,Amritsar,Punjab,2024-01-02 00:00:00,,False,Active,778.45,False,False,False,1252.4299999999998,False
4553,MCH7737_1,Pal-Rama,5311.0,Department Store,Partnership,Ludhiana,Punjab,2023-01-09 00:00:00,XXXX1213,True,Active,1196.31,False,False,False,1356.755,True
1950,MCH7737_2,"Sarma, Tripathi and Chandra",4131.0,Transportation,Sole Proprietor,Mumbai,Maharashtra,2023-09-19 00:00:00,9889598730,True,Active,,True,False,False,1225.12,True
3301,MCH7744,NATH PLC,5311.0,Retail,Individual,Amritsar,Punjab,2026-02-08 11:39:38,,False,Active,,True,False,False,1126.42,False
4402,MCH7746_1,LUTHRA GROUP,5699.0,Apparel,Private Limited,Jaipur,Rajasthan,2025-10-08 00:00:00,4338266840,True,Active,1244.49,False,False,False,1252.4299999999998,True
2428,MCH7746_2,suresh-atwal,5942.0,Books & Stationery,Sole Proprietor,Amritsar,Punjab,2023-08-28 00:00:00,XXXX1031,True,Inactive,4023.0,False,False,False,1167.225,True
579,MCH7748,chhabra group,5812.0,Restaurant,Individual,Pune,Maharashtra,2025-12-26 00:00:00,0225226630,True,Active,1602.16,False,False,False,1327.31,False
237,MCH7749_1,"dhaliwal, chaudhari and lad",4131.0,Transportation,Private Limited,Lucknow,Uttar Pradesh,2023-03-28 01:45:50,,False,Active,472.27,False,False,False,1225.12,True
4597,MCH7749_2,Nigam Inc,,Mobile Recharge,Private Limited,Pune,Maharashtra,2023-01-23 00:00:00,STDX5070330242192,True,Active,7003.66,False,False,True,1108.585,True
1574,MCH7750,"Rama, Garde and Ravi",,Travel,Partnership,Bengaluru,Karnataka,2025-01-22 00:00:00,XXXX7708,True,Active,1271.38,False,False,True,1012.28,False
1058,MCH7751,"  Vig, Iyer and Andra  ",5311.0,Retail,Partnership,Pune,Maharashtra,2024-06-28 00:00:00,6513543497,True,Suspended,590.58,False,True,False,1126.42,False
5407,MCH7757,"Uppal, Kota and Ramaswamy",4814.0,Mobile Recharge,Individual,Delhi,Delhi,2024-02-09 00:00:00,XXXX2473,True,Active,669.43,False,False,False,1108.585,False
5350,MCH7758,"memon, agate and deshpande",5699.0,Apparel,Partnership,Mumbai,Maharashtra,2023-12-27 00:00:00,KYBY5368849904131,True,Active,362.28,False,False,False,1252.4299999999998,False
84,MCH7759,"SANKARAN, PATEL AND NARAIN",5699.0,Apparel,Sole Proprietor,Kolkata,West Bengal,2025-10-15 13:32:26,EADV1032511266518,True,Active,,False,False,False,1252.4299999999998,False
3095,MCH7763,"Choudhury, Mody and Tank",5912.0,Pharmacy,Individual,Chennai,Tamil Nadu,2023-11-03 00:00:00,,False,Active,777.85,False,False,False,1300.55,False
5564,MCH7765,Dyal LLC,5812.0,Restaurant,Individual,Amritsar,Punjab,2025-02-27 00:00:00,XXXX8941,True,Active,3067.55,False,False,False,1327.31,False
1716,MCH7767,Nadkarni-Pathak,7011.0,Hotel,Individual,Chennai,Tamil Nadu,2025-10-07 07:50:00,,False,Active,3595.48,False,False,False,1161.77,False
3089,MCH7768,Sahota-Walia,4131.0,Transportation,Partnership,Delhi,Delhi,2025-06-19 07:32:00,,False,Inactive,1097.55,False,False,False,1225.12,False
4880,MCH7769,"Atwal, Loke and Prasad",4814.0,Telecom,Partnership,Mumbai,Maharashtra,2024-07-21 00:00:00,,False,Active,232.38,False,False,False,1213.17,False
5049,MCH7772,"Chatterjee, Wason and Nadkarni",5311.0,Department Store,Partnership,Mumbai,Maharashtra,2026-01-02 19:37:55,XXXX1871,True,Active,541.48,False,False,False,1356.755,False
5162,MCH7773_1,Goel-Srivastava,5999.0,Misc Retail,Individual,Jaipur,Rajasthan,2024-07-18 00:00:00,XXXX1201,True,Suspended,,False,True,False,1276.92,True
3343,MCH7773_2,"Mannan, Rout and Dara",7011.0,Hotel,Individual,Jalandhar,Punjab,,2874939436,True,Active,649.31,False,False,False,1161.77,True
2469,MCH7773_3,Nath-Parikh,5699.0,Apparel,Individual,Jaipur,Rajasthan,2025-08-09 12:42:00,XXXX0128,True,Active,544.16,False,False,False,1252.4299999999998,True
1994,MCH7779,"Mane, Bassi and Samra",5699.0,Apparel,Partnership,Lucknow,Uttar Pradesh,2024-12-12 19:16:00,UAHK2726212156650,True,Active,,False,False,False,1252.4299999999998,False
781,MCH7780,Jain PLC,5912.0,Pharmacy,Sole Proprietor,Lucknow,Uttar Pradesh,2025-07-19 13:23:49,,False,Inactive,,False,False,False,1300.55,False
1269,MCH7784_1,dave-babu,5912.0,Pharmacy,Partnership,Ludhiana,Punjab,2023-03-16 00:00:00,XXXX3111,True,Active,643.0,False,False,False,1300.55,True
3696,MCH7784_2,DAYAL PLC,4814.0,Mobile Recharge,Partnership,Pune,Maharashtra,2024-09-23 00:20:11,XXXX9570,True,Active,,False,False,False,1108.585,True
462,MCH7790,Barman-Roy,5942.0,Books & Stationery,Sole Proprietor,Chennai,Tamil Nadu,2025-05-28 00:00:00,3171421828,True,Active,1525.46,False,False,False,1167.225,False
504,MCH7794,Kalita PLC,5912.0,Pharmacy,Partnership,Delhi,Delhi,2025-05-01 18:59:00,GLZI3360162189324,True,Active,622.63,False,False,False,1300.55,False
5740,MCH7795_1,Maharaj PLC,5812.0,Restaurant,Sole Proprietor,Amritsar,Punjab,2023-01-14 00:00:00,,False,Active,1446.0,False,False,False,1327.31,True
1934,MCH7795_2,Prakash LLC,4131.0,Travel,Sole Proprietor,Jaipur,Rajasthan,2025-06-28 04:41:24,,False,Active,956.79,False,False,False,1012.28,True
5818,MCH7795_3,"Samra, Venkataraman and Bhatti",4131.0,Travel,Private Limited,Amritsar,Punjab,2024-08-03 04:15:00,XXXX1904,True,Active,723.93,False,False,False,1012.28,True
4059,MCH7796,"Kari, Sridhar and J0ha1",5411.0,Grocery,Partnership,Pune,Maharashtra,2024-12-09 00:00:00,5623137802,True,Active,489.31,False,False,False,1233.545,False
986,MCH7802_1,"Kapur, Sarna and Chandra",,Books & Stationery,Individual,Ludhiana,Punjab,2023-06-30 21:33:28,,False,Inactive,9218.28,False,False,True,1167.225,True
498,MCH7802_2,Venkatesh LLC,5912.0,Pharmacy,Partnership,Lucknow,Uttar Pradesh,2024-04-12 13:06:25,5184855438,True,Active,1493.43,False,False,False,1300.55,True
3688,MCH7803_1,  Mukherjee-Sha  ,4814.0,Telecom,Private Limited,Jaipur,Rajasthan,2023-02-16 00:00:00,7883892457,True,Active,763.0,False,False,False,1213.17,True
4904,MCH7803_2,Naik LLC,5999.0,Misc Retail,Partnership,Delhi,Delhi,,,False,Active,,True,False,False,1276.92,True
6031,MCH7804_1,Choudhry and Sons,5942.0,Books & Stationery,Sole Proprietor,Ludhiana,Punjab,2024-04-02 20:13:00,XXXX6038,True,Active,586.0,False,False,False,1167.225,True
2717,MCH7804_2,Deo-Pandya,5812.0,Restaurant,Partnership,Jaipur,Rajasthan,,XXXX1482,True,Suspended,492.54,False,True,False,1327.31,True
2476,MCH7806,"Sahni, Bhavsar and Kaul",,Transportation,Private Limited,Hyderabad,Telangana,2023-04-17 00:00:00,XXXX2487,True,Active,1046.19,False,False,True,1225.12,False
3790,MCH7810_1,Bail Inc,5942.0,Books & Stationery,Sole Proprietor,Ludhiana,Punjab,2025-01-25 00:00:00,9018773100,True,Closed,,True,False,False,1167.225,True
6187,MCH7810_2,  Bora-Chawla  ,,Books & Stationery,Individual,Amritsar,Punjab,2023-04-11 21:20:23,WADW8907156741077,True,Active,631.58,False,False,True,1167.225,True
3442,MCH7814,  Mallick-Puri  ,5812.0,Restaurant,Sole Proprietor,Jaipur,Rajasthan,2024-03-01 00:00:00,,False,Active,,True,False,False,1327.31,False
4827,MCH7817,Lata PLC,5812.0,Restaurant,Private Limited,Chennai,Tamil Nadu,2025-07-27 00:00:00,,False,Inactive,3090.66,False,False,False,1327.31,False
5658,MCH7821,  Deshmukh Inc  ,,Misc Retail,Partnership,Bengaluru,Karnataka,2026-01-26 00:00:00,3967998762,True,Active,1463.63,False,False,True,1276.92,False
3495,MCH7828_1,  Jhaveri and Sons  ,5699.0,Apparel,Individual,Kolkata,West Bengal,2026-02-23 00:00:00,3888843924,True,Active,3105.54,False,False,False,1252.4299999999998,True
4329,MCH7828_2,Samra Ltd,5912.0,Pharmacy,Private Limited,Kolkata,West Bengal,2023-10-03 00:00:00,,False,Active,2295.0,False,False,False,1300.55,True
1911,MCH7829_1,Hora Ltd,4131.0,Travel,Partnership,Jaipur,Rajasthan,2025-05-06 00:00:00,XXXX7292,True,Active,422.0,False,False,False,1012.28,True
3377,MCH7829_2,"Tara, Deo and More",5812.0,Restaurant,Private Limited,Delhi,Delhi,2024-01-13 00:00:00,,False,Active,1127.59,False,False,False,1327.31,True
5224,MCH7830_1,Hegde Ltd,,Transportation,Sole Proprietor,Bengaluru,Karnataka,,,False,Active,,False,False,True,1225.12,True
4381,MCH7830_2,Narayanan-Barad,5912.0,Pharmacy,Private Limited,Jaipur,Rajasthan,2025-12-14 17:19:27,9447863643,True,Suspended,1497.41,False,True,False,1300.55,True
239,MCH7832_1,  More-Cherian  ,5311.0,Retail,Sole Proprietor,Amritsar,Punjab,2024-12-21 00:00:00,,False,Active,1748.94,False,False,False,1126.42,True
5779,MCH7832_2,"  Sodhi, Venkataraman and Kohli  ",5999.0,Misc Retail,Individual,Delhi,Delhi,2025-06-02 00:45:12,XXXX9396,True,Active,4116.49,False,False,False,1276.92,True
5868,MCH7833,"Chopra, Baral and Hayre",5942.0,Books & Stationery,Sole Proprietor,Hyderabad,Telangana,2023-02-10 07:53:34,,False,Suspended,648.0,False,True,False,1167.225,False
666,MCH7835,"DUGAR, DHAWAN AND DE",7011.0,Hotel,Private Limited,Lucknow,Uttar Pradesh,2023-12-26 12:25:00,,False,Suspended,1744.59,False,True,False,1161.77,False
337,MCH7837,Wali Group,,Misc Retail,Individual,Kolkata,West Bengal,2023-06-03 00:00:00,,False,Active,803.03,False,False,True,1276.92,False
2086,MCH7838,"Yohannan, Sethi and Khare",5812.0,Restaurant,Sole Proprietor,Amritsar,Punjab,2024-03-25 00:00:00,,False,Active,974.3,False,False,False,1327.31,False
3178,MCH7839_1,Chandra-Borra,5311.0,Department Store,Sole Proprietor,Lucknow,Uttar Pradesh,2024-11-02 00:00:00,,False,Active,710.2,False,False,False,1356.755,True
1796,MCH7839_2,Mahajan-Bhasin,5699.0,Apparel,Partnership,Amritsar,Punjab,2023-06-03 00:00:00,XXXX8814,True,Active,4413.06,False,False,False,1252.4299999999998,True
4328,MCH7840,Sood LLC,5311.0,Department Store,Individual,Pune,Maharashtra,2023-09-26 00:00:00,XXXX2181,True,Active,394.0,False,False,False,1356.755,False
971,MCH7841,Manda Group,5942.0,Books & Stationery,Sole Proprietor,Pune,Maharashtra,2024-10-01 00:00:00,8517196401,True,Active,14164.49,False,False,False,1167.225,False
1538,MCH7842,J0ha1 Ltd,5812.0,Restaurant,Private Limited,Kolkata,West Bengal,2025-02-06 00:00:00,XXXX0929,True,Inactive,1856.0,False,False,False,1327.31,False
956,MCH7843,Rastogi-Das,5812.0,Restaurant,Partnership,Amritsar,Punjab,2025-04-03 00:00:00,XXXX7401,True,Active,,True,False,False,1327.31,False
5147,MCH7844,Singh-Mane,,Grocery,Sole Proprietor,Ludhiana,Punjab,2024-10-31 00:00:00,,False,Active,1309.0,False,False,True,1233.545,False
5464,MCH7845,  Bhasin-Dubey  ,4814.0,Mobile Recharge,Private Limited,Ludhiana,Punjab,2024-08-22 00:00:00,8372327074,True,Active,994.0,False,False,False,1108.585,False
3416,MCH7846,Chad-Gole,,Misc Retail,Individual,Mumbai,Maharashtra,2023-08-24 00:00:00,XXXX4268,True,Active,228.0,False,False,True,1276.92,False
4003,MCH7847,Ramakrishnan-Misra,5411.0,Grocery,Individual,Mumbai,Maharashtra,2025-12-04 00:00:00,,False,Active,2108.0,False,False,False,1233.545,False
1865,MCH7849,Lal-Wagle,5311.0,Department Store,Sole Proprietor,Jaipur,Rajasthan,2025-12-02 16:31:00,XXXX0377,True,Active,4061.65,False,False,False,1356.755,False
2791,MCH7850,Reddy Inc,5699.0,Apparel,Partnership,Chennai,Tamil Nadu,2024-05-16 05:07:55,,False,Active,1378.0,False,False,False,1252.4299999999998,False
356,MCH7851,"Warrior, Hora and Dayal",4814.0,Mobile Recharge,Individual,Jalandhar,Punjab,2024-02-07 00:00:00,6337984791,True,Active,,False,False,False,1108.585,False
4507,MCH7852,"Kapadia, K0nda and Luthra",,Hotel,Sole Proprietor,Chennai,Tamil Nadu,2023-05-12 06:13:06,XXXX7199,True,Inactive,4401.63,False,False,True,1161.77,False
4749,MCH7856,"Sood, Dalal and Butala",7011.0,Hotel,Private Limited,Delhi,Delhi,2025-06-11 15:54:00,1705220103,True,Active,2048.0,False,False,False,1161.77,False
2859,MCH7860,"Pall, Som and Dalal",5999.0,Misc Retail,Private Limited,Amritsar,Punjab,2024-11-11 02:08:53,1164754239,True,Active,,True,False,False,1276.92,False
3640,MCH7862,  Pandit-Ratti  ,5912.0,Pharmacy,Individual,Amritsar,Punjab,2023-04-23 00:00:00,,False,Active,558.23,False,False,False,1300.55,False
2221,MCH7863_1,KADE-SAXENA,7011.0,Hotel,Partnership,Amritsar,Punjab,,5883030838,True,Suspended,432.77,False,True,False,1161.77,True
4047,MCH7863_2,"Lal, Hegde and Hora",5812.0,Restaurant,Partnership,Lucknow,Uttar Pradesh,2024-11-18 00:00:00,BRCS2990278425539,True,Active,673.1,False,False,False,1327.31,True
1537,MCH7864_1,"Joshi, Warrior and Guha",,Apparel,Sole Proprietor,Jalandhar,Punjab,2023-10-18 00:00:00,,False,Active,785.07,False,False,True,1252.4299999999998,True
4221,MCH7864_2,"Kumer, Iyer and Bhavsar",4131.0,Travel,Private Limited,Amritsar,Punjab,2024-12-30 05:51:45,9319227409,True,Active,611.66,False,False,False,1012.28,True
1797,MCH7864_3,"Saini, Yohannan and Tank",5942.0,Books & Stationery,Individual,Ludhiana,Punjab,,9857461455,True,Active,1130.3,False,False,False,1167.225,True
6208,MCH7865,Rout Inc,,Department Store,Individual,Hyderabad,Telangana,2023-11-13 13:57:04,XXXX3299,True,Active,2187.26,False,False,True,1356.755,False
156,MCH7866_1,Bhattacharyya and Sons,5311.0,Department Store,Partnership,Delhi,Delhi,2025-10-31 05:29:00,QKIU3712061004002,True,Active,2522.0,False,False,False,1356.755,True
872,MCH7866_2,Mangal and Sons,4814.0,Mobile Recharge,Sole Proprietor,Amritsar,Punjab,2024-10-21 00:00:00,XXXX2681,True,Active,8914.37,False,False,False,1108.585,True
2631,MCH7866_3,"Raval, Sane and Dua",5411.0,Grocery,Partnership,Amritsar,Punjab,2025-01-27 18:48:57,,False,Active,292.43,False,False,False,1233.545,True
1712,MCH7868_1,Ah1uwa1ia Inc,5812.0,Restaurant,Private Limited,Hyderabad,Telangana,2023-02-24 00:00:00,AZWU9148172427914,True,Inactive,,True,False,False,1327.31,True
5989,MCH7868_2,Chander-Ramakrishnan,5311.0,Department Store,Individual,Pune,Maharashtra,2025-09-21 01:36:00,XXXX9717,True,Active,563.96,False,False,False,1356.755,True
1894,MCH7870_1,"Kalla,MoreandSwamy",5912.0,Pharmacy,Private Limited,Jaipur,Rajasthan,2025-03-04 00:00:00,JRSV4497187312439,True,Active,681.25,False,False,False,1300.55,True
1855,MCH7870_2,Sahota-Chand,5311.0,Department Store,Sole Proprietor,Delhi,Delhi,2024-06-12 00:00:00,2012661045,True,Active,1123.31,False,False,False,1356.755,True
720,MCH7870_3,Vyas Inc,,Telecom,Individual,Amritsar,Punjab,2023-08-26 09:30:35,,False,Active,926.49,False,False,True,1213.17,True
4705,MCH7871,"Mital, Palla and Saraf",5699.0,Apparel,Sole Proprietor,Hyderabad,Telangana,2026-02-17 14:36:44,QSZR3521803060698,True,Active,,True,False,False,1252.4299999999998,False
4922,MCH7875,  Narasimhan PLC  ,5411.0,Grocery,Private Limited,Amritsar,Punjab,2025-01-03 00:00:00,,False,Active,585.43,False,False,False,1233.545,False
150,MCH7876_1,"  Deshpande, Nagar and Parsa  ",,Telecom,Individual,Jaipur,Rajasthan,2024-08-22 00:00:00,,False,Active,502.95,False,False,True,1213.17,True
409,MCH7876_2,Yadav-Bansal,5942.0,Books & Stationery,Individual,Lucknow,Uttar Pradesh,2024-09-22 00:00:00,,False,Active,,True,False,False,1167.225,True
1451,MCH7877_1,Bajwa Ltd,5942.0,Books & Stationery,Partnership,Chennai,Tamil Nadu,,2144271582,True,Active,565.69,False,False,False,1167.225,True
4879,MCH7877_2,  Parekh-Borra  ,5942.0,Books & Stationery,Private Limited,Mumbai,Maharashtra,2024-02-29 00:00:00,XXXX5911,True,Active,,False,False,False,1167.225,True
5951,MCH7879,SAWHNEY-GODA,4814.0,Telecom,Individual,Jalandhar,Punjab,2023-12-30 23:35:00,,False,Active,1760.85,False,False,False,1213.17,False
1047,MCH7880_1,Ben-Khare,4131.0,Transportation,Individual,Chennai,Tamil Nadu,2024-01-20 00:00:00,,False,Active,3857.41,False,False,False,1225.12,True
1985,MCH7880_2,TIWARI-DUA,4131.0,Transportation,Sole Proprietor,Ludhiana,Punjab,,XXXX1699,True,Active,12814.22,False,False,False,1225.12,True
4132,MCH7881,MENON PLC,5311.0,Department Store,Partnership,Pune,Maharashtra,2024-02-04 00:00:00,1137446678,True,Active,1357.1,False,False,False,1356.755,False
802,MCH7885_1,Atwal-Jha,4131.0,Transportation,Private Limited,Jalandhar,Punjab,2023-08-15 00:00:00,XXXX1162,True,Inactive,,False,False,False,1225.12,True
6040,MCH7885_2,Sura LLC,5699.0,Apparel,Partnership,Lucknow,Uttar Pradesh,2025-04-15 09:52:00,XXXX8127,True,Active,2999.12,False,False,False,1252.4299999999998,True
2522,MCH7885_3,Vaidya-Bhatt,5411.0,Grocery,Sole Proprietor,Lucknow,Uttar Pradesh,2025-08-25 08:23:00,,False,Active,648.72,False,False,False,1233.545,True
2943,MCH7890,contractor plc,7011.0,Hotel,Partnership,Chennai,Tamil Nadu,2024-07-21 17:41:07,KQNM1742343730851,True,Inactive,,True,False,False,1161.77,False
4629,MCH7891,BAKSHI PLC,5411.0,Grocery,Individual,Bengaluru,Karnataka,2024-02-03 20:11:00,5025889978,True,Active,3419.67,False,False,False,1233.545,False
867,MCH7895,Pau PLC,,Misc Retail,Individual,Amritsar,Punjab,2023-08-06 09:45:00,,False,Active,583.0,False,False,True,1276.92,False
366,MCH7896,Samra LLC,7011.0,Hotel,Private Limited,Kolkata,West Bengal,2023-10-16 00:00:00,SGTY6881761008390,True,Inactive,2276.65,False,False,False,1161.77,False
5421,MCH7900_1,Basu-Sami,4131.0,Transportation,Individual,Delhi,Delhi,2025-04-24 00:00:00,CGXR1652716099772,True,Active,1035.61,False,False,False,1225.12,True
3648,MCH7900_2,Lala-Kashyap,,Pharmacy,Individual,Chennai,Tamil Nadu,2024-06-01 00:00:00,DYCG4683635893934,True,Active,1298.0,False,False,True,1300.55,True
180,MCH7901,BALA GROUP,5812.0,Restaurant,Partnership,Jaipur,Rajasthan,2023-03-02 12:07:59,VXJE9106968913579,True,Active,,False,False,False,1327.31,False
2472,MCH7902,deol inc,4131.0,Transportation,Partnership,Ludhiana,Punjab,2025-07-05 00:00:00,,False,Active,,True,False,False,1225.12,False
5132,MCH7904,Kapadia-Pandya,5942.0,Books & Stationery,Partnership,Chennai,Tamil Nadu,2023-09-20 00:00:00,XXXX8842,True,Active,6260.03,False,False,False,1167.225,False
4910,MCH7906,"Ganesan, Gopal and Ratta",5912.0,Pharmacy,Individual,Jaipur,Rajasthan,2023-08-04 00:00:00,6930056996,True,Active,733.85,False,False,False,1300.55,False
2507,MCH7910,Shenoy LLC,5812.0,Restaurant,Partnership,Hyderabad,Telangana,2024-03-25 00:00:00,5996954160,True,Inactive,741.5,False,False,False,1327.31,False
1691,MCH7912_1,"dewan, tak and subramanian",5912.0,Pharmacy,Partnership,Chennai,Tamil Nadu,2025-01-17 15:12:23,XOLJ5859104474839,True,Active,,False,False,False,1300.55,True
2912,MCH7912_2,Jaggi-Khare,4814.0,Mobile Recharge,Individual,Kolkata,West Bengal,2023-04-29 03:51:00,,False,Suspended,993.76,False,True,False,1108.585,True
3728,MCH7912_3,"Raju, Bhakta and Kaul",5942.0,Books & Stationery,Partnership,Jaipur,Rajasthan,2024-10-13 23:08:28,,False,Active,1561.88,False,False,False,1167.225,True
205,MCH7912_4,Sarma-Arya,5699.0,Apparel,Private Limited,Lucknow,Uttar Pradesh,2025-01-01 00:00:00,ZNNS3870382152945,True,Active,1318.64,False,False,False,1252.4299999999998,True
3634,MCH7912_5,Som-Mistry,,Misc Retail,Partnership,Jaipur,Rajasthan,2025-08-29 09:32:35,,False,Active,,False,False,True,1276.92,True
5517,MCH7913_1,Ganesan-S00d,5912.0,Pharmacy,Individual,Delhi,Delhi,2024-08-15 00:00:00,,False,Active,562.1,False,False,False,1300.55,True
2744,MCH7913_2,Khare Inc,5912.0,Pharmacy,Partnership,Pune,Maharashtra,2025-02-22 00:00:00,QFFQ8944942522196,True,Active,,True,False,False,1300.55,True
4586,MCH7914,Grover-Karnik,4814.0,Telecom,Sole Proprietor,Jaipur,Rajasthan,2023-11-30 00:00:00,,False,Active,1922.54,False,False,False,1213.17,False
4384,MCH7917,Parsa-Madan,5411.0,Grocery,Sole Proprietor,Pune,Maharashtra,2023-04-02 01:07:51,XXXX8810,True,Inactive,,True,False,False,1233.545,False
5656,MCH7918,Purohit LLC,5942.0,Books & Stationery,Private Limited,Kolkata,West Bengal,2024-09-06 00:00:00,XXXX2495,True,Active,1204.0,False,False,False,1167.225,False
3541,MCH7919_1,"Dugar, Buch and Bhatti",5812.0,Restaurant,Private Limited,Hyderabad,Telangana,2023-11-17 17:05:00,,False,Active,3138.05,False,False,False,1327.31,True
6089,MCH7919_2,MAJUMDAR-CHANDRAN,4131.0,Transportation,Partnership,Jaipur,Rajasthan,2025-09-12 01:54:00,ZYZN0297509951145,True,Active,4626.02,False,False,False,1225.12,True
4441,MCH7919_3,mistry-bhatt,4814.0,Mobile Recharge,Individual,Lucknow,Uttar Pradesh,2023-04-01 00:00:00,,False,Active,563.19,False,False,False,1108.585,True
3809,MCH7919_4,Nadkarni Group,5912.0,Pharmacy,Private Limited,Mumbai,Maharashtra,2023-05-22 17:33:55,,False,Active,,True,False,False,1300.55,True
978,MCH7922,Dara LLC,,Restaurant,Partnership,Mumbai,Maharashtra,2024-05-13 00:00:00,4216494567,True,Active,1260.96,False,False,True,1327.31,False
76,MCH7925_1,BADAMI GROUP,7011.0,Hotel,Sole Proprietor,Hyderabad,Telangana,2023-07-01 00:00:00,IVGP0940394312057,True,Active,,False,False,False,1161.77,True
3298,MCH7925_2,"Bedi, Shroff and Nadkarni",4131.0,Transportation,Sole Proprietor,Lucknow,Uttar Pradesh,2023-07-07 00:00:00,BECU4208184850705,True,Active,2480.62,False,False,False,1225.12,True
5844,MCH7930_1,"  Bhatt, Ganguly and Dhingra  ",5311.0,Department Store,Sole Proprietor,Delhi,Delhi,2025-12-16 00:00:00,,False,Suspended,1892.15,False,True,False,1356.755,True
3410,MCH7930_2,"Boase, Barman and Virk",5812.0,Restaurant,Private Limited,Amritsar,Punjab,2025-05-02 00:00:00,,False,Active,1076.5,False,False,False,1327.31,True
6061,MCH7932_1,Kaur-De,,Grocery,Sole Proprietor,Delhi,Delhi,2024-06-20 12:33:00,EEPU7483825861961,True,Active,883.0,False,False,True,1233.545,True
104,MCH7932_2,SETHI LTD,4814.0,Telecom,Private Limited,Bengaluru,Karnataka,2025-04-20 22:28:00,AUYT1495828220876,True,Active,4410.18,False,False,False,1213.17,True
873,MCH7933,BaradInc,5812.0,Restaurant,Individual,Amritsar,Punjab,2025-07-26 00:00:00,,False,Inactive,1177.0,False,False,False,1327.31,False
5419,MCH7934,Srinivasan-Maharaj,5812.0,Restaurant,Partnership,Chennai,Tamil Nadu,2023-02-23 00:00:00,,False,Inactive,1154.88,False,False,False,1327.31,False
2621,MCH7938,CHANDER LTD,,Mobile Recharge,Sole Proprietor,Bengaluru,Karnataka,2023-09-22 00:00:00,,False,Active,,True,False,True,1108.585,False
5623,MCH7939,Mand LLC,5812.0,Restaurant,Private Limited,Bengaluru,Karnataka,2025-01-23 00:00:00,,False,Active,2096.4,False,False,False,1327.31,False
5481,MCH7942,Parmar-Oza,5912.0,Pharmacy,Sole Proprietor,Hyderabad,Telangana,2024-08-10 06:25:22,,False,Active,1133.78,False,False,False,1300.55,False
826,MCH7943,Chaudhary-Rana,5912.0,Pharmacy,Individual,Kolkata,West Bengal,2024-12-27 00:00:00,IEWV4741965388466,True,Active,3927.63,False,False,False,1300.55,False
4965,MCH7944,Bassi-Dyal,4131.0,Transportation,Sole Proprietor,Kolkata,West Bengal,2025-11-04 00:00:00,YDDT9877099170196,True,Active,1227.24,False,False,False,1225.12,False
4464,MCH7945,"Barad, Wagle and Raju",5912.0,Pharmacy,Individual,Ludhiana,Punjab,2023-01-24 00:00:00,EHNZ2779616653327,True,Active,268.67,False,False,False,1300.55,False
2766,MCH7947,Padmanabhan-Kale,4814.0,Telecom,Private Limited,Mumbai,Maharashtra,2023-09-08 00:00:00,,False,Active,3921.35,False,False,False,1213.17,False
2426,MCH7948,  Sachdeva-Buch  ,5311.0,Department Store,Partnership,Mumbai,Maharashtra,2025-07-03 00:00:00,XXXX0532,True,Active,656.76,False,False,False,1356.755,False
3309,MCH7949,Vohra-Chaudhary,4131.0,Transportation,Private Limited,Mumbai,Maharashtra,2023-10-14 00:00:00,,False,Active,265.37,False,False,False,1225.12,False
2670,MCH7950,Om-Andra,5411.0,Grocery,Individual,Ludhiana,Punjab,,,False,Active,3471.68,False,False,False,1233.545,False
1743,MCH7951,Peri Group,7011.0,Hotel,Sole Proprietor,Jaipur,Rajasthan,2024-02-21 00:00:00,,False,Active,,True,False,False,1161.77,False
484,MCH7953,Deep Group,5411.0,Grocery,Sole Proprietor,Mumbai,Maharashtra,2025-08-07 00:00:00,4208218333,True,Active,1668.75,False,False,False,1233.545,False
2270,MCH7954,Sur Inc,7011.0,Hotel,Private Limited,Hyderabad,Telangana,2025-04-01 22:07:00,,False,Active,2803.0,False,False,False,1161.77,False
3544,MCH7955_1,"Andra, Oommen and Salvi",5699.0,Apparel,Partnership,Amritsar,Punjab,2023-02-02 00:00:00,XXXX5039,True,Active,,True,False,False,1252.4299999999998,True
1941,MCH7955_2,Sura Gr0up,5812.0,Restaurant,Individual,Amritsar,Punjab,,FIJI5501070753851,True,Active,833.11,False,False,False,1327.31,True
1251,MCH7957_1,Keer-Khalsa,,Retail,Sole Proprietor,Amritsar,Punjab,2025-11-21 00:00:00,,False,Active,1690.94,False,False,True,1126.42,True
2797,MCH7957_2,Varty-Natarajan,7011.0,Hotel,Private Limited,Chennai,Tamil Nadu,2024-06-28 09:08:00,,False,Active,410.29,False,False,False,1161.77,True
4322,MCH7960,Comar-Ramesh,5411.0,Grocery,Sole Proprietor,Amritsar,Punjab,2023-05-01 00:00:00,XXXX2411,True,Active,,False,False,False,1233.545,False
3641,MCH7965,  Magar-Kant  ,5311.0,Department Store,Sole Proprietor,Pune,Maharashtra,2024-05-13 00:00:00,XXXX3832,True,Active,567.32,False,False,False,1356.755,False
3129,MCH7967_1,Chandran Inc,5912.0,Pharmacy,Individual,Bengaluru,Karnataka,2025-06-19 00:00:00,,False,Active,,True,False,False,1300.55,True
902,MCH7967_2,Datta LLC,4814.0,Mobile Recharge,Individual,Amritsar,Punjab,2025-09-04 00:00:00,,False,Active,,False,False,False,1108.585,True
1053,MCH7969,"Karan,BalandKhurana",4131.0,Travel,Individual,Lucknow,Uttar Pradesh,2025-04-16 00:00:00,,False,Active,836.32,False,False,False,1012.28,False
4089,MCH7972,Lata Inc,5411.0,Grocery,Partnership,Bengaluru,Karnataka,2024-12-16 00:00:00,6873256015,True,Active,,True,False,False,1233.545,False
2945,MCH7973,"Dhar, Som and Mane",7011.0,Hotel,Sole Proprietor,Kolkata,West Bengal,2023-01-17 11:57:28,GEUZ7160822941996,True,Active,1422.91,False,False,False,1161.77,False
1466,MCH7974_1,Kari Inc,5699.0,Apparel,Individual,Delhi,Delhi,2023-05-19 00:00:00,QWIC4307587311546,True,Active,4305.95,False,False,False,1252.4299999999998,True
44,MCH7974_2,"Verma, Koshy and Bhardwaj",5411.0,Grocery,Individual,Jaipur,Rajasthan,2023-10-04 00:00:00,7985944544,True,Active,460.5,False,False,False,1233.545,True
2319,MCH7977,"Kohli, Vaidya and Nagar",7011.0,Hotel,Sole Proprietor,Chennai,Tamil Nadu,2025-07-23 00:00:00,PYMW1543762535071,True,Active,4790.0,False,False,False,1161.77,False
1351,MCH7978_1,"Ganesan, Kohli and Savant",5999.0,Misc Retail,Individual,Jaipur,Rajasthan,2023-02-15 00:00:00,XXXX8648,True,Active,2414.03,False,False,False,1276.92,True
732,MCH7978_2,K0rpa1-Bassi,4814.0,Telecom,Private Limited,Jalandhar,Punjab,2025-10-26 14:25:48,,False,Active,4486.97,False,False,False,1213.17,True
3717,MCH7981,"  Singhal, Manne and Ray  ",5699.0,Apparel,Private Limited,Jalandhar,Punjab,2023-11-02 00:00:00,IOCQ7344534204502,True,Active,234.87,False,False,False,1252.4299999999998,False
1962,MCH7982,De0 Ltd,5311.0,Department Store,Partnership,Ludhiana,Punjab,2023-01-14 04:48:22,KDBH6204467913349,True,Active,579.0,False,False,False,1356.755,False
1987,MCH7983,Karpe-Raval,5311.0,Department Store,Individual,Lucknow,Uttar Pradesh,2024-01-11 00:00:00,XXXX7464,True,Active,3843.3,False,False,False,1356.755,False
1951,MCH7985,"Ba1ay, Mammen and Raman",5812.0,Restaurant,Partnership,Lucknow,Uttar Pradesh,2023-12-16 19:17:00,,False,Active,2429.67,False,False,False,1327.31,False
3782,MCH7986,Pathak Inc,,Misc Retail,Individual,Chennai,Tamil Nadu,2024-05-30 00:00:00,,False,Inactive,1602.91,False,False,True,1276.92,False
4452,MCH7987,Mangat-Sundaram,5912.0,Pharmacy,Individual,Chennai,Tamil Nadu,2023-02-25 00:00:00,XXXX1113,True,Active,,True,False,False,1300.55,False
5862,MCH7991,Rastogi PLC,5942.0,Books & Stationery,Partnership,Mumbai,Maharashtra,,,False,Active,1076.7,False,False,False,1167.225,False
4973,MCH7992,Goel Group,4814.0,Telecom,Individual,Bengaluru,Karnataka,2023-10-18 00:00:00,UIMY5187810690637,True,Active,609.52,False,False,False,1213.17,False
2477,MCH7993,Garde Inc,4814.0,Telecom,Partnership,Kolkata,West Bengal,2023-04-23 00:00:00,4099690978,True,Active,1024.0,False,False,False,1213.17,False
4530,MCH7996,Bhargava LLC,5912.0,Pharmacy,Private Limited,Amritsar,Punjab,2024-12-18 00:00:00,BYTJ9061277350740,True,Inactive,,True,False,False,1300.55,False
3504,MCH7997,"Rattan, Naik and Singh",5999.0,Misc Retail,Individual,Pune,Maharashtra,2024-05-31 14:52:38,MFLT0388804537888,True,Active,,True,False,False,1276.92,False
6050,MCH8003,  Tank Ltd  ,5311.0,Department Store,Sole Proprietor,Hyderabad,Telangana,2023-12-14 00:00:00,RVNR6882512785280,True,Active,614.4,False,False,False,1356.755,False
3251,MCH8004,hayre-agate,5999.0,Misc Retail,Individual,Amritsar,Punjab,2025-01-10 20:15:00,2751341092,True,Closed,934.62,False,False,False,1276.92,False
5186,MCH8005,"  Kumar, Ahluwalia and Thaman  ",4131.0,Transportation,Sole Proprietor,Bengaluru,Karnataka,2025-06-30 00:00:00,,False,Active,,True,False,False,1225.12,False
4191,MCH8007_1,Chaudhari Inc,5699.0,Apparel,Sole Proprietor,Pune,Maharashtra,2025-11-26 16:25:31,KFYF9189766472754,True,Active,1165.41,False,False,False,1252.4299999999998,True
6109,MCH8007_2,hans group,4131.0,Transportation,Sole Proprietor,Chennai,Tamil Nadu,2023-11-09 00:00:00,2894393423,True,Suspended,2825.02,False,True,False,1225.12,True
5838,MCH8013,Thakkar-Vohra,5942.0,Books & Stationery,Sole Proprietor,Bengaluru,Karnataka,2024-08-06 00:00:00,8058369632,True,Active,,False,False,False,1167.225,False
2052,MCH8014,Mukherjee Inc,5912.0,Pharmacy,Sole Proprietor,Jaipur,Rajasthan,2026-01-25 00:00:00,,False,Active,702.0,False,False,False,1300.55,False
3466,MCH8018,Lad PLC,5411.0,Grocery,Private Limited,Kolkata,West Bengal,2025-03-27 00:00:00,XXXX3019,True,Active,655.7,False,False,False,1233.545,False
249,MCH8019,Chaudhry-Naidu,5942.0,Books & Stationery,Private Limited,Jaipur,Rajasthan,,,False,Active,888.78,False,False,False,1167.225,False
1540,MCH8023,CHAR-GALA,5699.0,Apparel,Individual,Chennai,Tamil Nadu,2024-04-04 00:00:00,PWFC1818550515264,True,Active,837.35,False,False,False,1252.4299999999998,False
1861,MCH8024_1,Banik PLC,5411.0,Grocery,Individual,Jalandhar,Punjab,2026-02-02 22:13:43,OAOZ8994715452448,True,Active,1100.96,False,False,False,1233.545,True
4663,MCH8024_2,"  Basu, Magar and Venkatesh  ",,Telecom,Individual,Hyderabad,Telangana,2025-09-13 23:45:00,,False,Active,1611.07,False,False,True,1213.17,True
2858,MCH8024_3,Char-Sehgal,,Telecom,Private Limited,Pune,Maharashtra,2024-08-19 18:28:51,3608411983,True,Active,,True,False,True,1213.17,True
4673,MCH8025,"Karnik, Hayer and Khalsa",4814.0,Mobile Recharge,Partnership,Lucknow,Uttar Pradesh,2023-08-14 14:32:00,4642162943,True,Active,1781.41,False,False,False,1108.585,False
1685,MCH8029,"Gokhale, Varughese and Dube",5311.0,Retail,Sole Proprietor,Hyderabad,Telangana,2025-12-21 00:00:00,GRPS2021500015035,True,Active,973.0,False,False,False,1126.42,False
162,MCH8031,CHOKSHI LTD,7011.0,Hotel,Individual,Hyderabad,Telangana,2025-07-26 00:00:00,3288481391,True,Active,2110.06,False,False,False,1161.77,False
5604,MCH8032,  Roy-Ramesh  ,5699.0,Apparel,Partnership,Mumbai,Maharashtra,2025-05-24 00:00:00,,False,Active,1773.07,False,False,False,1252.4299999999998,False
2255,MCH8033_1,Gole Group,5942.0,Books & Stationery,Private Limited,Jalandhar,Punjab,2025-05-22 00:00:00,3271616033,True,Active,1372.74,False,False,False,1167.225,True
1182,MCH8033_2,"  Kala, Mahal and Dash  ",5311.0,Department Store,Individual,Hyderabad,Telangana,2025-02-12 00:00:00,XXXX2251,True,Suspended,1390.13,False,True,False,1356.755,True
2379,MCH8033_3,Murty-Grover,,Misc Retail,Partnership,Amritsar,Punjab,2024-11-06 00:00:00,VUQA2025298324084,True,Active,2125.0,False,False,True,1276.92,True
2337,MCH8035,"Munshi, Mani and Taneja",5999.0,Misc Retail,Individual,Mumbai,Maharashtra,2025-02-08 00:00:00,5547624355,True,Active,,False,False,False,1276.92,False
6182,MCH8036,"Sarma, Madan and Pandey",5912.0,Pharmacy,Partnership,Mumbai,Maharashtra,2025-07-12 21:56:39,,False,Active,2055.77,False,False,False,1300.55,False
542,MCH8037_1,Hans LLC,,Hotel,Sole Proprietor,Kolkata,West Bengal,2024-08-09 00:00:00,CEOR0731906884915,True,Active,2212.52,False,False,True,1161.77,True
3202,MCH8037_2,Patla-Balakrishnan,4814.0,Mobile Recharge,Sole Proprietor,Pune,Maharashtra,2025-09-19 16:54:00,4862107137,True,Active,327.35,False,False,False,1108.585,True
1594,MCH8037_3,Srinivas Ltd,4131.0,Transportation,Individual,Pune,Maharashtra,2023-01-14 16:19:08,,False,Suspended,671.2,False,True,False,1225.12,True
3540,MCH8038_1,"sane, bir and singhal",5311.0,Department Store,Individual,Amritsar,Punjab,,,False,Inactive,1346.16,False,False,False,1356.755,True
4239,MCH8038_2,"singh, baria and kakar",5912.0,Pharmacy,Private Limited,Lucknow,Uttar Pradesh,2024-12-20 17:52:56,5855829731,True,Active,1174.3,False,False,False,1300.55,True
2423,MCH8039,"Kibe,BrahmbhattandJaggi",5699.0,Apparel,Sole Proprietor,Pune,Maharashtra,2024-10-28 00:00:00,,False,Active,2282.53,False,False,False,1252.4299999999998,False
2924,MCH8043,Lalla Group,5311.0,Department Store,Private Limited,Ludhiana,Punjab,2024-07-31 00:00:00,,False,Active,1064.0,False,False,False,1356.755,False
2743,MCH8044,"Sant, Nadkarni and Rajan",,Department Store,Individual,Bengaluru,Karnataka,2024-10-13 07:30:00,,False,Active,,True,False,True,1356.755,False
1336,MCH8046,Muni LLC,,Pharmacy,Partnership,Mumbai,Maharashtra,2024-11-12 00:00:00,GNMM4947998232253,True,Active,401.9,False,False,True,1300.55,False
1757,MCH8048,"kaul, master and deo",4814.0,Mobile Recharge,Individual,Hyderabad,Telangana,2025-02-15 00:00:00,XXXX6691,True,Active,2683.93,False,False,False,1108.585,False
4797,MCH8049,Balan-Shah,5699.0,Apparel,Private Limited,Lucknow,Uttar Pradesh,2024-04-09 00:00:00,,False,Active,,False,False,False,1252.4299999999998,False
3722,MCH8050,Bora-Oommen,5311.0,Department Store,Individual,Jalandhar,Punjab,2023-12-16 05:28:51,YBIM5056880883544,True,Active,587.46,False,False,False,1356.755,False
286,MCH8051,"saxena, kamdar and kannan",5942.0,Books & Stationery,Partnership,Delhi,Delhi,2024-10-17 00:00:00,,False,Active,598.72,False,False,False,1167.225,False
4921,MCH8052,  Mangat-Ganesh  ,4131.0,Transportation,Sole Proprietor,Kolkata,West Bengal,2024-01-05 09:32:24,,False,Active,527.34,False,False,False,1225.12,False
1181,MCH8053,CHHABRA INC,4814.0,Telecom,Individual,Hyderabad,Telangana,2023-03-29 01:53:59,XXXX7777,True,Active,1235.44,False,False,False,1213.17,False
6087,MCH8054,"Kant, Gara and Grewal",4131.0,Transportation,Sole Proprietor,Chennai,Tamil Nadu,2024-12-12 00:00:00,RGWT7200559316561,True,Active,,False,False,False,1225.12,False
5651,MCH8055_1,"Gade, Dani and Daya1",5812.0,Restaurant,Private Limited,Bengaluru,Karnataka,2024-06-02 16:33:31,VCUQ2055885788947,True,Inactive,1539.89,False,False,False,1327.31,True
1703,MCH8055_2,Sankaran-Sachar,5999.0,Misc Retail,Private Limited,Ludhiana,Punjab,2023-11-11 00:00:00,UKDK6406633609762,True,Active,1036.97,False,False,False,1276.92,True
5514,MCH8056,"Pai, Doshi and Nath",4814.0,Telecom,Private Limited,Lucknow,Uttar Pradesh,2024-05-26 00:00:00,YMRE9652845311736,True,Active,581.34,False,False,False,1213.17,False
5321,MCH8057,Kalla Group,5912.0,Pharmacy,Sole Proprietor,Mumbai,Maharashtra,2025-08-29 00:00:00,,False,Active,437.01,False,False,False,1300.55,False
4987,MCH8058_1,"Jayaraman, Pall and Goel",5912.0,Pharmacy,Partnership,Kolkata,West Bengal,2023-06-25 00:00:00,DJCR4230820318730,True,Active,1476.23,False,False,False,1300.55,True
580,MCH8058_2,SEM-KAPOOR,,Retail,Partnership,Kolkata,West Bengal,2024-05-06 00:00:00,XXXX0797,True,Active,8700.14,False,False,True,1126.42,True
583,MCH8058_3,"Tripathi, Bhagat and Kala",5999.0,Misc Retail,Private Limited,Hyderabad,Telangana,2024-07-28 00:00:00,,False,Active,259.88,False,False,False,1276.92,True
4421,MCH8059,Kapadia PLC,4814.0,Telecom,Sole Proprietor,Mumbai,Maharashtra,2023-06-05 00:00:00,,False,Inactive,263.96,False,False,False,1213.17,False
2358,MCH8060_1,"Bal, Garde and Puri",5699.0,Apparel,Private Limited,Kolkata,West Bengal,2024-12-06 00:00:00,XXXX9739,True,Active,1604.68,False,False,False,1252.4299999999998,True
3092,MCH8060_2,Nayar-Ahluwalia,5812.0,Restaurant,Private Limited,Pune,Maharashtra,2025-04-03 20:55:00,6259970343,True,Inactive,2824.32,False,False,False,1327.31,True
5065,MCH8060_3,"Pall, Lal and Ahluwalia",5812.0,Restaurant,Individual,Lucknow,Uttar Pradesh,2023-10-07 00:00:00,OYJG7569387470582,True,Active,4990.63,False,False,False,1327.31,True
5439,MCH8062,RANDHAWA-KATA,,Misc Retail,Individual,Mumbai,Maharashtra,2024-03-31 00:00:00,,False,Active,1473.0,False,False,True,1276.92,False
1555,MCH8065_1,Gandhi-Shanker,4131.0,Transportation,Individual,Lucknow,Uttar Pradesh,2024-07-19 12:29:00,9755596598,True,Inactive,674.4,False,False,False,1225.12,True
4105,MCH8065_2,Parekh Group,4131.0,Transportation,Private Limited,Jaipur,Rajasthan,2024-03-11 16:19:57,,False,Active,1217.53,False,False,False,1225.12,True
1652,MCH8066_1,Bandi-Zacharia,,Telecom,Individual,Pune,Maharashtra,,2423721940,True,Active,10687.04,False,False,True,1213.17,True
769,MCH8066_2,Sane-Shukla,5411.0,Grocery,Partnership,Amritsar,Punjab,2023-08-03 00:00:00,0222417187,True,Active,,True,False,False,1233.545,True
3123,MCH8068,Narula-Nadkarni,4131.0,Transportation,Private Limited,Bengaluru,Karnataka,2025-06-08 09:19:38,ATPT6936183619498,True,Active,,True,False,False,1225.12,False
4471,MCH8069,MEMON INC,,Hotel,Individual,Amritsar,Punjab,2023-09-09 20:32:00,XXXX8900,True,Active,557.54,False,False,True,1161.77,False
4575,MCH8073_1,"Chaudhary, Nori and Aggarwal",4814.0,Telecom,Private Limited,Mumbai,Maharashtra,2023-08-04 00:00:00,UFCA0209377639619,True,Active,2535.65,False,False,False,1213.17,True
2414,MCH8073_2,Prabhakar-B0ra,5942.0,Books & Stationery,Sole Proprietor,Kolkata,West Bengal,2024-12-26 22:17:38,,False,Active,,False,False,False,1167.225,True
4862,MCH8074,Prakash-Bera,4814.0,Telecom,Individual,Jalandhar,Punjab,2024-12-04 00:00:00,2437188894,True,Active,439.79,False,False,False,1213.17,False
3392,MCH8076_1,Banerjee Group,4814.0,Mobile Recharge,Private Limited,Lucknow,Uttar Pradesh,2025-06-08 00:00:00,,False,Active,1709.68,False,False,False,1108.585,True
1610,MCH8076_2,"Sani, Sanghvi and Butala",5311.0,Department Store,Individual,Ludhiana,Punjab,2024-07-02 00:00:00,9096281984,True,Active,470.52,False,False,False,1356.755,True
3535,MCH8076_3,Seshadri LLC,5942.0,Books & Stationery,Partnership,Jaipur,Rajasthan,2025-02-21 13:03:15,,False,Inactive,4406.44,False,False,False,1167.225,True
2224,MCH8078,thaman-ganguly,5912.0,Pharmacy,Sole Proprietor,Mumbai,Maharashtra,2023-07-12 00:00:00,7715038972,True,Active,1158.31,False,False,False,1300.55,False
4007,MCH8080_1,Brar PLC,4814.0,Telecom,Individual,Pune,Maharashtra,2025-02-02 00:00:00,,False,Active,1241.0,False,False,False,1213.17,True
5471,MCH8080_2,"koshy, das and handa",5311.0,Department Store,Partnership,Amritsar,Punjab,2023-10-07 00:00:00,,False,Active,3825.94,False,False,False,1356.755,True
5570,MCH8082,Contractor and Sons,7011.0,Hotel,Sole Proprietor,Amritsar,Punjab,2025-02-20 00:00:00,XXXX4733,True,Active,4480.58,False,False,False,1161.77,False
5095,MCH8085,VERMA-RAMACHANDRAN,5942.0,Books & Stationery,Individual,Pune,Maharashtra,2025-10-22 00:00:00,7310237630,True,Active,,False,False,False,1167.225,False
2816,MCH8086_1,  Contractor-Narain  ,5812.0,Restaurant,Partnership,Pune,Maharashtra,2024-08-28 09:47:00,,False,Active,1394.0,False,False,False,1327.31,True
5704,MCH8086_2,  Kala LLC  ,,Grocery,Partnership,Jalandhar,Punjab,2024-12-29 00:00:00,XXXX1156,True,Active,1335.85,False,False,True,1233.545,True
1044,MCH8091_1,"Kata, Mangat and Tiwari",5812.0,Restaurant,Partnership,Amritsar,Punjab,2023-09-18 00:00:00,XDJG1975759254930,True,Inactive,723.01,False,False,False,1327.31,True
5812,MCH8091_2,"TRIVEDI, VOHRA AND DASH",5812.0,Restaurant,Sole Proprietor,Ludhiana,Punjab,2023-03-26 00:00:00,XXXX3774,True,Active,1507.11,False,False,False,1327.31,True
3033,MCH8093,"Seth, Bassi and Raman",7011.0,Hotel,Partnership,Hyderabad,Telangana,2024-05-15 00:00:00,XXXX3618,True,Active,1629.96,False,False,False,1161.77,False
1120,MCH8095,Saxena LLC,5699.0,Apparel,Private Limited,Jaipur,Rajasthan,2024-08-16 00:00:00,7415423811,True,Active,304.22,False,False,False,1252.4299999999998,False
4390,MCH8096,Srinivas-Verma,,Mobile Recharge,Partnership,Mumbai,Maharashtra,,,False,Active,2241.14,False,False,True,1108.585,False
1198,MCH8098_1,"Babu, Gupta and Bir",5812.0,Restaurant,Partnership,Lucknow,Uttar Pradesh,,FYXA2708849715447,True,Active,320.71,False,False,False,1327.31,True
3217,MCH8098_2,"chauhan, magar and parsa",5411.0,Grocery,Private Limited,Delhi,Delhi,2024-06-29 00:00:00,0112525902,True,Active,,False,False,False,1233.545,True
2870,MCH8098_3,mittal-konda,5699.0,Apparel,Private Limited,Kolkata,West Bengal,,,False,Active,925.94,False,False,False,1252.4299999999998,True
4340,MCH8098_4,"Sahni, Bahri and Apte",5912.0,Pharmacy,Individual,Pune,Maharashtra,2025-08-27 08:34:00,XXXX6599,True,Active,1970.0,False,False,False,1300.55,True
4971,MCH8101,"Jani, Varghese and Barman",,Apparel,Sole Proprietor,Delhi,Delhi,,ZAGS9531645948920,True,Inactive,734.89,False,False,True,1252.4299999999998,False
1901,MCH8104,CHACKO GROUP,7011.0,Hotel,Private Limited,Bengaluru,Karnataka,2024-01-02 09:22:31,4591497253,True,Active,,False,False,False,1161.77,False
2313,MCH8107,Ramachandran Ltd,5999.0,Misc Retail,Partnership,Jaipur,Rajasthan,,XXXX9786,True,Active,,False,False,False,1276.92,False
766,MCH8109,"Nadkarni, Sawhney and Singh",5912.0,Pharmacy,Partnership,Delhi,Delhi,2024-04-28 00:00:00,0836014923,True,Active,5729.0,False,False,False,1300.55,False
2204,MCH8110,Kamdar-Raval,5999.0,Misc Retail,Partnership,Lucknow,Uttar Pradesh,2023-07-13 00:00:00,,False,Inactive,768.59,False,False,False,1276.92,False
4233,MCH8114,"raman, sandal and bedi",4814.0,Mobile Recharge,Individual,Jalandhar,Punjab,2024-02-08 00:00:00,LFZC4951241506007,True,Active,1612.23,False,False,False,1108.585,False
6132,MCH8119,SubramanianandSons,,Transportation,Sole Proprietor,Amritsar,Punjab,2023-06-14 00:00:00,,False,Active,1285.93,False,False,True,1225.12,False
553,MCH8125_1,Dar PLC,5311.0,Department Store,Partnership,Ludhiana,Punjab,2025-09-16 00:00:00,VZMM0683609991755,True,Inactive,176.19,False,False,False,1356.755,True
4235,MCH8125_2,"Jaggi, Samra and Narula",4131.0,Transportation,Sole Proprietor,Chennai,Tamil Nadu,2023-10-19 00:00:00,XXXX6695,True,Active,983.23,False,False,False,1225.12,True
2541,MCH8125_3,"NADIG, ARORA AND RAJ",5411.0,Grocery,Private Limited,Ludhiana,Punjab,2023-03-13 08:50:20,RTPE2593701073993,True,Suspended,1340.53,False,True,False,1233.545,True
4713,MCH8125_4,Nagi-Ranganathan,4814.0,Mobile Recharge,Sole Proprietor,Kolkata,West Bengal,2024-10-04 00:00:00,XXXX7501,True,Inactive,7428.0,False,False,False,1108.585,True
2276,MCH8125_5,Sahni-Ahuja,,Department Store,Partnership,Hyderabad,Telangana,2025-07-23 00:00:00,,False,Active,6045.0,False,False,True,1356.755,True
3153,MCH8125_6,"Sane, Misra and Mitter",5912.0,Pharmacy,Individual,Bengaluru,Karnataka,2025-10-29 14:28:47,,False,Active,2004.37,False,False,False,1300.55,True
2222,MCH8126_1,bassi-hari,,Grocery,Individual,Jalandhar,Punjab,2024-12-31 00:00:00,4590614037,True,Active,502.0,False,False,True,1233.545,True
849,MCH8126_2,"SAXENA, MITRA AND CHADA",5912.0,Pharmacy,Individual,Lucknow,Uttar Pradesh,2025-03-12 00:00:00,XXXX5937,True,Suspended,844.44,False,True,False,1300.55,True
1187,MCH8129,"Devan, Ramesh and 0ak",5311.0,Department Store,Individual,Kolkata,West Bengal,2025-03-22 13:11:16,XXXX5824,True,Active,2940.0,False,False,False,1356.755,False
175,MCH8130,"Kale, Kumer and Chand",,Department Store,Partnership,Ludhiana,Punjab,2026-02-05 04:03:44,GYEV9276514828192,True,Active,419.61,False,False,True,1356.755,False
3464,MCH8131,Sekhon-Agrawal,5999.0,Misc Retail,Private Limited,Kolkata,West Bengal,2023-05-15 00:00:00,,False,Inactive,5430.66,False,False,False,1276.92,False
3847,MCH8132_1,BISWAS PLC,5411.0,Grocery,Sole Proprietor,Pune,Maharashtra,2024-11-22 00:00:00,CXST4288098118218,True,Active,1347.49,False,False,False,1233.545,True
5616,MCH8132_2,Jain-Peri,5912.0,Pharmacy,Sole Proprietor,Ludhiana,Punjab,2024-10-25 00:00:00,,False,Active,594.94,False,False,False,1300.55,True
5473,MCH8132_3,Sami-Balay,5699.0,Apparel,Private Limited,Bengaluru,Karnataka,2025-08-20 00:20:49,XXXX7576,True,Active,4139.52,False,False,False,1252.4299999999998,True
406,MCH8132_4,VENKATARAMAN-YADAV,5942.0,Books & Stationery,Partnership,Kolkata,West Bengal,2023-10-30 00:00:00,7864776232,True,Inactive,2105.69,False,False,False,1167.225,True
5944,MCH8135,Bhakta PLC,5999.0,Misc Retail,Private Limited,Amritsar,Punjab,2024-04-09 00:00:00,,False,Active,857.0,False,False,False,1276.92,False
350,MCH8136,Bora Inc,7011.0,Hotel,Sole Proprietor,Amritsar,Punjab,2025-10-27 00:00:00,XXXX8920,True,Inactive,635.0,False,False,False,1161.77,False
1814,MCH8137_1,G0pa1-Mahajan,4131.0,Travel,Partnership,Bengaluru,Karnataka,2024-01-30 00:00:00,XXXX2908,True,Active,561.1,False,False,False,1012.28,True
3870,MCH8137_2,"Sankar,GuhaandKara",5912.0,Pharmacy,Private Limited,Hyderabad,Telangana,2023-08-20 00:00:00,OYZH8287026186914,True,Active,425.78,False,False,False,1300.55,True
3216,MCH8138_1,Chaudhuri-Varma,5311.0,Department Store,Individual,Chennai,Tamil Nadu,2025-05-12 00:00:00,,False,Active,1502.0,False,False,False,1356.755,True
2449,MCH8138_2,deol and sons,5812.0,Restaurant,Partnership,Chennai,Tamil Nadu,2023-07-23 14:47:00,,False,Active,1238.62,False,False,False,1327.31,True
2150,MCH8139,"mani, kala and verma",5311.0,Department Store,Individual,Amritsar,Punjab,2024-02-07 00:00:00,6294042962,True,Active,2137.68,False,False,False,1356.755,False
1641,MCH8140,"  Chokshi, Johal and Sachdeva  ",5812.0,Restaurant,Sole Proprietor,Kolkata,West Bengal,2024-08-24 20:09:39,,False,Active,1136.04,False,False,False,1327.31,False
2627,MCH8142,Mane and Sons,5912.0,Pharmacy,Private Limited,Ludhiana,Punjab,2025-08-25 00:00:00,WMPI8979622395583,True,Active,5955.63,False,False,False,1300.55,False
3421,MCH8145,Dhi110n LLC,7011.0,Hotel,Private Limited,Chennai,Tamil Nadu,2025-12-10 00:00:00,,False,Active,180.43,False,False,False,1161.77,False
3276,MCH8146,Bath-Purohit,5942.0,Books & Stationery,Sole Proprietor,Delhi,Delhi,2025-04-28 17:40:46,XXXX1421,True,Active,5566.64,False,False,False,1167.225,False
2813,MCH8148,Sehgal-Banik,4131.0,Transportation,Sole Proprietor,Bengaluru,Karnataka,2024-01-27 00:00:00,,False,Active,406.0,False,False,False,1225.12,False
4907,MCH8149,"Chandran, Mander and Parmar",5812.0,Restaurant,Partnership,Kolkata,West Bengal,,,False,Active,1378.0,False,False,False,1327.31,False
1572,MCH8150,Hegde-Doctor,5912.0,Pharmacy,Partnership,Pune,Maharashtra,2023-11-02 00:00:00,MNHK7085418913677,True,Active,1430.0,False,False,False,1300.55,False
4268,MCH8151_1,Dalal PLC,5699.0,Apparel,Individual,Jalandhar,Punjab,2024-08-01 20:15:56,WQMC9295186993346,True,Active,1200.0,False,False,False,1252.4299999999998,True
4296,MCH8151_2,"Sangha, Master and Chand",5999.0,Misc Retail,Sole Proprietor,Delhi,Delhi,2024-02-04 00:00:00,,False,Active,606.88,False,False,False,1276.92,True
37,MCH8152,chaudhari plc,5912.0,Pharmacy,Sole Proprietor,Jalandhar,Punjab,2023-07-24 20:56:00,,False,Active,1648.01,False,False,False,1300.55,False
2333,MCH8154,  Yohannan PLC  ,,Transportation,Sole Proprietor,Jalandhar,Punjab,2023-06-26 00:00:00,,False,Suspended,998.6,False,True,True,1225.12,False
3789,MCH8157_1,Lall-Char,,Books & Stationery,Private Limited,Jalandhar,Punjab,2023-07-08 23:15:42,CLWX6992397328584,True,Active,3861.94,False,False,True,1167.225,True
5089,MCH8157_2,"mahal, srinivas and vasa",,Pharmacy,Sole Proprietor,Delhi,Delhi,2024-10-09 09:16:57,XFHS0358306861946,True,Inactive,1033.09,False,False,True,1300.55,True
3652,MCH8159_1,"  Gade, Gala and Bhatti  ",5812.0,Restaurant,Individual,Jaipur,Rajasthan,2024-01-31 09:10:22,,False,Active,1186.29,False,False,False,1327.31,True
2700,MCH8159_2,Grover-Barad,5411.0,Grocery,Partnership,Chennai,Tamil Nadu,2024-12-18 00:00:00,,False,Suspended,768.97,False,True,False,1233.545,True
868,MCH8159_3,Yogi Group,5699.0,Apparel,Individual,Kolkata,West Bengal,,,False,Suspended,8386.41,False,True,False,1252.4299999999998,True
5435,MCH8160,Amble and Sons,5699.0,Apparel,Individual,Jaipur,Rajasthan,2023-05-18 00:00:00,XXXX4907,True,Active,5769.95,False,False,False,1252.4299999999998,False
1273,MCH8163,"Sama, Pant and Tara",,Books & Stationery,Private Limited,Lucknow,Uttar Pradesh,2025-06-13 00:00:00,,False,Active,,True,False,True,1167.225,False
2042,MCH8164,"Devan, Basu and Buch",5812.0,Restaurant,Private Limited,Delhi,Delhi,2023-04-26 00:00:00,KRTZ4526793978232,True,Active,3036.35,False,False,False,1327.31,False
5938,MCH8165,"Sandhu, Saran and Dhar",5999.0,Misc Retail,Sole Proprietor,Chennai,Tamil Nadu,2023-04-09 00:00:00,XXXX2851,True,Inactive,1269.15,False,False,False,1276.92,False
5329,MCH8169,"Kapur, Prashad and Srinivasan",5999.0,Misc Retail,Individual,Jaipur,Rajasthan,2024-03-11 00:00:00,XXXX1277,True,Active,1294.0,False,False,False,1276.92,False
4901,MCH8170,"Dyal, Chadha and Shenoy",4814.0,Mobile Recharge,Partnership,Hyderabad,Telangana,2024-12-15 00:00:00,4344277649,True,Active,589.07,False,False,False,1108.585,False
1885,MCH8174_1,"banerjee, brahmbhatt and dave",7011.0,Hotel,Individual,Jaipur,Rajasthan,2024-09-09 00:00:00,XXXX7104,True,Active,,False,False,False,1161.77,True
4652,MCH8174_2,Bera Group,5311.0,Department Store,Private Limited,Pune,Maharashtra,2023-12-23 04:06:09,XXXX5992,True,Active,1502.14,False,False,False,1356.755,True
3038,MCH8176,Bala PLC,5311.0,Department Store,Sole Proprietor,Hyderabad,Telangana,,,False,Active,3488.0,False,False,False,1356.755,False
5513,MCH8177_1,Bera PLC,4814.0,Mobile Recharge,Individual,Amritsar,Punjab,2023-07-14 00:00:00,3738058376,True,Inactive,491.01,False,False,False,1108.585,True
1292,MCH8177_2,"Ghose, Om and Dada",5912.0,Pharmacy,Individual,Jaipur,Rajasthan,2023-01-25 03:52:09,VAWO9622110634974,True,Active,578.46,False,False,False,1300.55,True
709,MCH8177_3,Soman Inc,5812.0,Restaurant,Private Limited,Kolkata,West Bengal,2024-04-03 04:33:00,XXXX3095,True,Active,2423.6,False,False,False,1327.31,True
5086,MCH8181,Mall-Chatterjee,4131.0,Transportation,Individual,Amritsar,Punjab,,6803575158,True,Active,,True,False,False,1225.12,False
4537,MCH8187,"Chada, Mammen and Lanka",4131.0,Travel,Sole Proprietor,Ludhiana,Punjab,2025-06-03 00:00:00,3255945345,True,Active,671.0,False,False,False,1012.28,False
4124,MCH8188,"ram, krish and pai",5999.0,Misc Retail,Partnership,Lucknow,Uttar Pradesh,2025-02-16 00:00:00,XXXX6724,True,Inactive,734.28,False,False,False,1276.92,False
1638,MCH8189,BAJAJ-SURA,4131.0,Transportation,Sole Proprietor,Delhi,Delhi,2023-01-31 11:30:49,,False,Active,1010.26,False,False,False,1225.12,False
3819,MCH8192,"oza, sant and loke",5411.0,Grocery,Private Limited,Kolkata,West Bengal,2024-11-05 00:46:00,XXXX6524,True,Closed,408.0,False,False,False,1233.545,False
307,MCH8197,Virk-Venkataraman,5912.0,Pharmacy,Sole Proprietor,Kolkata,West Bengal,2024-01-03 00:00:00,,False,Active,964.03,False,False,False,1300.55,False
1631,MCH8198,Buch-Sengupta,5311.0,Department Store,Individual,Kolkata,West Bengal,2023-01-18 00:00:00,,False,Inactive,2004.67,False,False,False,1356.755,False
2269,MCH8200,Rai-Bhargava,5942.0,Books & Stationery,Sole Proprietor,Amritsar,Punjab,2023-07-19 00:00:00,,False,Active,,True,False,False,1167.225,False
1033,MCH8203,lad-suresh,,Misc Retail,Partnership,Ludhiana,Punjab,2024-10-16 00:00:00,YJQR4818378164787,True,Active,937.0,False,False,True,1276.92,False
2174,MCH8204,Bumb-Bansal,7011.0,Hotel,Private Limited,Jalandhar,Punjab,2025-10-13 17:19:27,0190035504,True,Active,1083.04,False,False,False,1161.77,False
2768,MCH8208,TAK-SHANKAR,7011.0,Hotel,Individual,Mumbai,Maharashtra,2024-03-18 07:08:51,,False,Active,1309.39,False,False,False,1161.77,False
6135,MCH8209_1,"Cheema, Bansal and Comar",5699.0,Apparel,Sole Proprietor,Ludhiana,Punjab,2023-12-27 00:00:00,WBQV3675439647595,True,Active,6788.0,False,False,False,1252.4299999999998,True
5061,MCH8209_2,Pai-Gokhale,5311.0,Retail,Private Limited,Jaipur,Rajasthan,2023-03-22 21:49:14,,False,Inactive,426.65,False,False,False,1126.42,True
5384,MCH8210_1,Bains Group,5912.0,Pharmacy,Partnership,Delhi,Delhi,2025-05-06 00:00:00,4433554214,True,Active,2128.0,False,False,False,1300.55,True
1672,MCH8210_2,"Dave, Bath and Cherian",4131.0,Travel,Sole Proprietor,Hyderabad,Telangana,2025-04-10 00:00:00,2958672318,True,Active,3204.47,False,False,False,1012.28,True
1799,MCH8210_3,Kannan Inc,5311.0,Department Store,Partnership,Ludhiana,Punjab,2025-02-04 00:00:00,,False,Suspended,370.0,False,True,False,1356.755,True
1119,MCH8211_1,parekh-atwal,5411.0,Grocery,Private Limited,Jaipur,Rajasthan,2025-05-22 00:00:00,9728363988,True,Active,,False,False,False,1233.545,True
3971,MCH8211_2,Seth LLC,5999.0,Misc Retail,Partnership,Pune,Maharashtra,2024-09-08 00:27:35,,False,Active,2939.69,False,False,False,1276.92,True
545,MCH8212,Taneja Ltd,5311.0,Department Store,Private Limited,Chennai,Tamil Nadu,2023-07-03 00:00:00,,False,Closed,2159.07,False,False,False,1356.755,False
1003,MCH8215,"Brar, Ramesh and Kaul",5411.0,Grocery,Partnership,Chennai,Tamil Nadu,2023-05-23 00:00:00,DOZI8655958280664,True,Closed,1544.34,False,False,False,1233.545,False
4052,MCH8219,Devi Group,4814.0,Mobile Recharge,Individual,Ludhiana,Punjab,2023-01-06 05:16:57,,False,Active,1980.0,False,False,False,1108.585,False
2488,MCH8220,sarkar plc,5411.0,Grocery,Private Limited,Pune,Maharashtra,2024-06-11 00:00:00,,False,Active,142.34,False,False,False,1233.545,False
1267,MCH8221,Kala-Bajaj,5942.0,Books & Stationery,Sole Proprietor,Bengaluru,Karnataka,,5133526509,True,Inactive,1133.63,False,False,False,1167.225,False
270,MCH8225,Bedi-Date,,Misc Retail,Private Limited,Pune,Maharashtra,2024-02-28 00:00:00,6820537783,True,Active,2289.3,False,False,True,1276.92,False
4182,MCH8226,Das-Subramanian,5999.0,Misc Retail,Partnership,Jaipur,Rajasthan,2024-03-26 00:00:00,6578658444,True,Active,789.74,False,False,False,1276.92,False
317,MCH8233,Patel Ltd,5411.0,Grocery,Partnership,Jalandhar,Punjab,2024-12-28 17:57:00,,False,Active,1942.94,False,False,False,1233.545,False
1384,MCH8235,Konda-Pillai,5942.0,Books & Stationery,Private Limited,Chennai,Tamil Nadu,2025-08-29 19:03:00,XXXX2371,True,Active,,True,False,False,1167.225,False
4949,MCH8238,"Lala, Seth and Tak",5699.0,Apparel,Partnership,Jaipur,Rajasthan,2024-07-22 00:00:00,XXXX3627,True,Active,952.06,False,False,False,1252.4299999999998,False
5581,MCH8239,"Brahmbhatt, 0ak and Dhar",5411.0,Grocery,Partnership,Jaipur,Rajasthan,2025-05-19 21:53:30,,False,Active,266.0,False,False,False,1233.545,False
3928,MCH8240,Sur LLC,5912.0,Pharmacy,Partnership,Lucknow,Uttar Pradesh,2025-08-10 00:00:00,0641477724,True,Active,1777.69,False,False,False,1300.55,False
2323,MCH8241_1,Bhasin and Sons,5999.0,Misc Retail,Private Limited,Jaipur,Rajasthan,2025-07-28 07:43:00,,False,Active,509.62,False,False,False,1276.92,True
4100,MCH8241_2,"MANE, WAGLE AND GANESAN",5311.0,Department Store,Partnership,Kolkata,West Bengal,2024-09-22 06:26:59,GUGG0514416234988,True,Active,814.25,False,False,False,1356.755,True
3765,MCH8242,Choudhary-Pall,7011.0,Hotel,Private Limited,Ludhiana,Punjab,2023-06-27 07:50:14,XXXX7286,True,Active,607.04,False,False,False,1161.77,False
3939,MCH8245_1,BRAR LLC,5942.0,Books & Stationery,Individual,Bengaluru,Karnataka,2024-01-18 00:00:00,,False,Active,,False,False,False,1167.225,True
704,MCH8245_2,"Dhillon, Saran and Kalita",7011.0,Hotel,Partnership,Ludhiana,Punjab,2025-09-06 00:00:00,,False,Active,2778.0,False,False,False,1161.77,True
5977,MCH8247,"Pandya, Muni and Hora",4814.0,Mobile Recharge,Partnership,Lucknow,Uttar Pradesh,2024-10-24 08:45:00,ODLV2829878275215,True,Active,1396.47,False,False,False,1108.585,False
4968,MCH8253,Dutt-Narain,5411.0,Grocery,Sole Proprietor,Hyderabad,Telangana,2024-04-15 01:54:00,XXXX4097,True,Active,1104.19,False,False,False,1233.545,False
901,MCH8255_1,Sastry Group,5912.0,Pharmacy,Partnership,Ludhiana,Punjab,2023-08-13 22:30:59,,False,Active,1386.59,False,False,False,1300.55,True
2317,MCH8255_2,"Yadav, Goyal and Sem",5699.0,Apparel,Individual,Jalandhar,Punjab,2023-11-02 00:00:00,3847429821,True,Active,2733.83,False,False,False,1252.4299999999998,True
5898,MCH8259,Lall Group,5942.0,Books & Stationery,Sole Proprietor,Jalandhar,Punjab,2023-04-13 00:00:00,,False,Active,2667.52,False,False,False,1167.225,False
3673,MCH8261,"Sridhar, Manda and Arora",5812.0,Restaurant,Sole Proprietor,Jaipur,Rajasthan,2023-02-12 15:30:00,,False,Suspended,8032.44,False,True,False,1327.31,False
4906,MCH8262,Sanghvi Ltd,5411.0,Grocery,Sole Proprietor,Bengaluru,Karnataka,2024-06-10 00:00:00,,False,Active,4676.0,False,False,False,1233.545,False
2941,MCH8263_1,"Gara, Kar and Raval",5699.0,Apparel,Sole Proprietor,Chennai,Tamil Nadu,2025-07-21 16:32:17,XLDI5037601996445,True,Active,1443.08,False,False,False,1252.4299999999998,True
4767,MCH8263_2,"Kapoor, Khanna and Mohan",5311.0,Retail,Individual,Ludhiana,Punjab,2025-01-08 00:00:00,,False,Active,5404.0,False,False,False,1126.42,True
1239,MCH8264,"Hayer, Pant and Suresh",4131.0,Transportation,Private Limited,Jaipur,Rajasthan,2025-01-03 00:00:00,WKHI8476650778332,True,Active,2906.17,False,False,False,1225.12,False
3283,MCH8268,Krishnamurthy-Chopra,5942.0,Books & Stationery,Private Limited,Chennai,Tamil Nadu,2025-09-13 00:00:00,9959196450,True,Active,1218.95,False,False,False,1167.225,False
4697,MCH8271,Konda-Bawa,5699.0,Apparel,Sole Proprietor,Chennai,Tamil Nadu,2023-10-05 00:57:38,WSNV9244788716456,True,Active,1087.99,False,False,False,1252.4299999999998,False
635,MCH8272_1,  Bava and Sons  ,,Department Store,Sole Proprietor,Bengaluru,Karnataka,2024-08-08 15:02:00,1994793915,True,Active,,True,False,True,1356.755,True
1780,MCH8272_2,"Kaur, Barad and Sengupta",5411.0,Grocery,Partnership,Amritsar,Punjab,2023-04-11 00:00:00,5098196386,True,Active,2250.0,False,False,False,1233.545,True
5209,MCH8276,"Kakar, Handa and Sachdeva",5812.0,Restaurant,Sole Proprietor,Mumbai,Maharashtra,2025-09-23 00:00:00,XXXX1898,True,Active,2410.37,False,False,False,1327.31,False
3865,MCH8277,"Patil, Goyal and Sarin",5912.0,Pharmacy,Individual,Amritsar,Punjab,2025-07-04 00:00:00,XXXX6940,True,Inactive,1542.69,False,False,False,1300.55,False
5478,MCH8279,Lala PLC,5411.0,Grocery,Sole Proprietor,Chennai,Tamil Nadu,,,False,Active,416.0,False,False,False,1233.545,False
1424,MCH8281_1,Kakar and S0ns,4814.0,Mobile Recharge,Individual,Hyderabad,Telangana,2023-01-12 00:00:00,,False,Active,968.0,False,False,False,1108.585,True
4556,MCH8281_2,Krishnan-Kuruvilla,7011.0,Hotel,Individual,Chennai,Tamil Nadu,2024-01-16 23:49:43,5487927446,True,Active,,True,False,False,1161.77,True
3480,MCH8281_3,Tara-Mander,4131.0,Transportation,Private Limited,Pune,Maharashtra,2023-03-11 00:00:00,TEPW4553100153492,True,Active,3216.91,False,False,False,1225.12,True
906,MCH8283_1,Nadkarni LLC,4131.0,Travel,Private Limited,Kolkata,West Bengal,2023-10-26 00:00:00,XXXX9874,True,Active,731.97,False,False,False,1012.28,True
3808,MCH8283_2,Nagar Group,4814.0,Mobile Recharge,Partnership,Kolkata,West Bengal,2026-02-08 06:11:47,,False,Active,1032.5,False,False,False,1108.585,True
1106,MCH8286,"Chadha, Chaudhari and Edwin",5912.0,Pharmacy,Private Limited,Hyderabad,Telangana,2023-08-09 00:00:00,XXXX2952,True,Active,1828.46,False,False,False,1300.55,False
4612,MCH8288,Kakar-Sood,5311.0,Department Store,Private Limited,Bengaluru,Karnataka,2024-05-04 00:00:00,1654192370,True,Active,1556.66,False,False,False,1356.755,False
4953,MCH8289,"Ch0udhury, Chakrabarti and Kha1sa",4131.0,Transportation,Sole Proprietor,Lucknow,Uttar Pradesh,2023-06-10 00:00:00,1750486763,True,Active,954.52,False,False,False,1225.12,False
3743,MCH8291,walia inc,7011.0,Hotel,Private Limited,Ludhiana,Punjab,2023-04-01 19:11:00,,False,Active,1898.37,False,False,False,1161.77,False
5054,MCH8295,MAMMEN LLC,5999.0,Misc Retail,Private Limited,Chennai,Tamil Nadu,2024-11-04 00:00:00,XXXX0713,True,Active,1554.58,False,False,False,1276.92,False
1320,MCH8296_1,D’Alia-Kannan,,Misc Retail,Partnership,Mumbai,Maharashtra,2023-07-29 00:00:00,,False,Active,659.86,False,False,True,1276.92,True
5535,MCH8296_2,GARA INC,5411.0,Grocery,Partnership,Jalandhar,Punjab,2025-07-16 16:55:50,MFEL4687001236835,True,Active,,False,False,False,1233.545,True
3198,MCH8297_1,Desai Ltd,,Retail,Sole Proprietor,Amritsar,Punjab,2023-06-24 00:00:00,,False,Suspended,8921.0,False,True,True,1126.42,True
1617,MCH8297_2,Ghose PLC,4131.0,Travel,Partnership,Kolkata,West Bengal,2024-12-02 00:00:00,XXXX1368,True,Active,1408.64,False,False,False,1012.28,True
651,MCH8297_3,Natarajan-Gill,4814.0,Mobile Recharge,Individual,Lucknow,Uttar Pradesh,2024-05-14 00:00:00,BYTE1111357515501,True,Active,558.71,False,False,False,1108.585,True
5607,MCH8297_4,NAYAR LTD,5912.0,Pharmacy,Partnership,Kolkata,West Bengal,,5258052297,True,Closed,465.08,False,False,False,1300.55,True
1154,MCH8297_5,Rai and Sons,5942.0,Books & Stationery,Partnership,Chennai,Tamil Nadu,2024-07-20 05:48:00,EMJO2764357164899,True,Active,618.85,False,False,False,1167.225,True
274,MCH8299,Garde PLC,5812.0,Restaurant,Partnership,Jaipur,Rajasthan,2023-01-06 00:00:00,,False,Active,1496.13,False,False,False,1327.31,False
549,MCH8306_1,Magar-Gaba,4131.0,Transportation,Private Limited,Delhi,Delhi,2025-11-22 00:00:00,,False,Closed,840.15,False,False,False,1225.12,True
1959,MCH8306_2,"Wason, Saraf and Dube",,Hotel,Partnership,Bengaluru,Karnataka,2025-02-15 00:00:00,2587742511,True,Active,67.35,False,False,True,1161.77,True
3630,MCH8308_1,"Ganguly, Raj and Keer",,Mobile Recharge,Individual,Amritsar,Punjab,2023-04-02 00:00:00,5508076719,True,Active,3204.8,False,False,True,1108.585,True
2624,MCH8308_2,"MUKHOPADHYAY, KOTHARI AND RAVAL",,Retail,Individual,Amritsar,Punjab,2023-01-21 00:00:00,2673122998,True,Active,764.32,False,False,True,1126.42,True
5588,MCH8308_3,Thakkar PLC,,Hotel,Sole Proprietor,Mumbai,Maharashtra,2023-06-06 21:51:00,LHVQ2811292052937,True,Active,1612.0,False,False,True,1161.77,True
2168,MCH8310,Chakraborty Ltd,4131.0,Travel,Individual,Delhi,Delhi,2026-01-02 00:00:00,5355342816,True,Active,1287.03,False,False,False,1012.28,False
1625,MCH8312,"Ramanathan, Andra and Sarma",5912.0,Pharmacy,Partnership,Lucknow,Uttar Pradesh,2023-02-20 00:00:00,XXXX8360,True,Active,,True,False,False,1300.55,False
5924,MCH8314_1,Chawla-Mander,4131.0,Transportation,Partnership,Kolkata,West Bengal,2024-09-07 00:00:00,PBDO0323494203428,True,Active,93.33,False,False,False,1225.12,True
2577,MCH8314_2,Mahajan-Batta,4131.0,Transportation,Individual,Lucknow,Uttar Pradesh,2024-04-01 00:00:00,,False,Active,856.24,False,False,False,1225.12,True
3962,MCH8316_1,  Bakshi-Rout  ,5311.0,Department Store,Private Limited,Delhi,Delhi,2024-11-10 02:40:36,,False,Active,618.0,False,False,False,1356.755,True
5229,MCH8316_2,Nagi PLC,5812.0,Restaurant,Private Limited,Chennai,Tamil Nadu,2023-09-23 00:00:00,XXXX1199,True,Active,1504.17,False,False,False,1327.31,True
5777,MCH8324,Golla-Chaudhuri,7011.0,Hotel,Private Limited,Jalandhar,Punjab,2025-06-04 00:00:00,,False,Active,,False,False,False,1161.77,False
935,MCH8325_1,"Kaul, Bumb and Bal",5411.0,Grocery,Sole Proprietor,Amritsar,Punjab,2025-03-19 00:00:00,,False,Closed,183.98,False,False,False,1233.545,True
1989,MCH8325_2,Sarin Inc,5999.0,Misc Retail,Individual,Amritsar,Punjab,2025-03-19 00:00:00,1450425498,True,Active,1640.03,False,False,False,1276.92,True
3131,MCH8326,"Bassi, Lalla and Sastry",5411.0,Grocery,Individual,Amritsar,Punjab,2025-12-30 00:00:00,XXXX1031,True,Active,1031.0,False,False,False,1233.545,False
166,MCH8327,Men0n Ltd,,Misc Retail,Individual,Bengaluru,Karnataka,2023-06-18 18:05:34,,False,Inactive,1670.04,False,False,True,1276.92,False
4840,MCH8328,Raman-Dass,,Grocery,Partnership,Jalandhar,Punjab,2024-09-29 00:00:00,,False,Active,2484.83,False,False,True,1233.545,False
5909,MCH8329,"Halder, Panchal and Pandit",,Misc Retail,Individual,Lucknow,Uttar Pradesh,2025-07-10 00:00:00,XXXX8898,True,Active,422.0,False,False,True,1276.92,False
3210,MCH8330_1,"Dhawan, Tella and Rau",4131.0,Transportation,Private Limited,Chennai,Tamil Nadu,2023-01-20 20:57:00,,False,Active,1437.59,False,False,False,1225.12,True
1350,MCH8330_2,trivedi-shan,,Restaurant,Partnership,Hyderabad,Telangana,2024-05-11 18:16:00,2548494928,True,Active,4115.86,False,False,True,1327.31,True
1208,MCH8331,Yogi Inc,5999.0,Misc Retail,Sole Proprietor,Bengaluru,Karnataka,2025-05-07 00:00:00,,False,Inactive,1372.86,False,False,False,1276.92,False
2411,MCH8332,"Sethi, Buch and Sachdeva",7011.0,Hotel,Individual,Hyderabad,Telangana,2025-05-04 00:00:00,,False,Active,1666.61,False,False,False,1161.77,False
667,MCH8334,"Rai,BandiandJayaraman",,Transportation,Partnership,Kolkata,West Bengal,2024-08-17 14:07:20,MJDT6229880746794,True,Active,3117.64,False,False,True,1225.12,False
813,MCH8335,Bhatti-Keer,,Retail,Sole Proprietor,Hyderabad,Telangana,2024-03-06 00:00:00,,False,Inactive,1335.83,False,False,True,1126.42,False
3990,MCH8337_1,Date-Mand,5999.0,Misc Retail,Partnership,Ludhiana,Punjab,2023-01-31 03:03:00,UXDC3751207514110,True,Inactive,333.78,False,False,False,1276.92,True
3626,MCH8337_2,padmanabhan-nanda,5999.0,Misc Retail,Individual,Bengaluru,Karnataka,2024-08-20 08:14:01,OIGZ3615629643358,True,Active,694.67,False,False,False,1276.92,True
1637,MCH8338_1,Basu Ltd,5812.0,Restaurant,Private Limited,Pune,Maharashtra,2025-06-21 00:00:00,XXXX2977,True,Active,279.5,False,False,False,1327.31,True
3237,MCH8338_2,"sastry, deo and char",7011.0,Hotel,Individual,Mumbai,Maharashtra,2024-07-23 00:00:00,,False,Active,3821.74,False,False,False,1161.77,True
2406,MCH8341_1,Jha Ltd,4814.0,Telecom,Private Limited,Chennai,Tamil Nadu,2023-02-07 18:23:55,XXXX7449,True,Active,2211.95,False,False,False,1213.17,True
5409,MCH8341_2,TARA-BEN,5311.0,Retail,Individual,Kolkata,West Bengal,2023-06-26 00:00:00,,False,Active,1137.47,False,False,False,1126.42,True
1714,MCH8344,  Purohit-Ravi  ,5311.0,Department Store,Private Limited,Pune,Maharashtra,2023-09-04 21:29:50,,False,Active,337.58,False,False,False,1356.755,False
3415,MCH8345,"Srinivas, Bali and Bhatt",7011.0,Hotel,Sole Proprietor,Jalandhar,Punjab,2023-02-08 02:01:40,,False,Inactive,1909.16,False,False,False,1161.77,False
979,MCH8346_1,Sane-Ben,5999.0,Misc Retail,Private Limited,Kolkata,West Bengal,2024-04-03 00:00:00,IXCA8152224460445,True,Active,2955.96,False,False,False,1276.92,True
2237,MCH8346_2,  Sawhney-Pillai  ,5699.0,Apparel,Individual,Lucknow,Uttar Pradesh,2023-03-06 03:04:06,,False,Active,2613.63,False,False,False,1252.4299999999998,True
3389,MCH8352,Tailor and Sons,7011.0,Hotel,Sole Proprietor,Lucknow,Uttar Pradesh,2024-11-06 00:00:00,,False,Active,1393.59,False,False,False,1161.77,False
4581,MCH8355_1,Chacko-D’Alia,5311.0,Department Store,Private Limited,Bengaluru,Karnataka,2024-08-14 00:00:00,ZJXY9541779110030,True,Inactive,413.17,False,False,False,1356.755,True
4106,MCH8355_2,DADA AND SONS,5699.0,Apparel,Sole Proprietor,Chennai,Tamil Nadu,2023-01-27 00:00:00,,False,Active,1302.55,False,False,False,1252.4299999999998,True
95,MCH8355_3,"Virk, Sarna and Sangha",5812.0,Restaurant,Individual,Mumbai,Maharashtra,2023-09-10 00:00:00,0702210119,True,Active,3279.0,False,False,False,1327.31,True
2199,MCH8358_1,Sarna-Singh,5699.0,Apparel,Sole Proprietor,Amritsar,Punjab,2025-12-16 19:12:00,XXXX7799,True,Suspended,1645.07,False,True,False,1252.4299999999998,True
5296,MCH8358_2,Tripathi-Borah,5912.0,Pharmacy,Private Limited,Kolkata,West Bengal,2025-06-12 00:00:00,BKSI3267781366733,True,Active,1758.66,False,False,False,1300.55,True
4462,MCH8363,Salvi Group,7011.0,Hotel,Sole Proprietor,Lucknow,Uttar Pradesh,2024-11-20 00:00:00,,False,Active,833.32,False,False,False,1161.77,False
761,MCH8364,KataPLC,5912.0,Pharmacy,Individual,Mumbai,Maharashtra,2023-11-21 12:44:00,,False,Active,753.31,False,False,False,1300.55,False
3569,MCH8365_1,Banik PLC,5999.0,Misc Retail,Private Limited,Jalandhar,Punjab,2024-01-11 00:00:00,XXXX2609,True,Active,3523.0,False,False,False,1276.92,True
2937,MCH8365_2,"Kashyap,SharmaandBalasubramanian",4814.0,Telecom,Private Limited,Jalandhar,Punjab,2023-01-24 00:00:00,XXXX5913,True,Active,786.29,False,False,False,1213.17,True
1735,MCH8365_3,"Luthra, Kota and Choudhary",5311.0,Retail,Private Limited,Amritsar,Punjab,2024-10-17 00:00:00,,False,Inactive,,False,False,False,1126.42,True
34,MCH8365_4,Som-Dhar,5999.0,Misc Retail,Individual,Pune,Maharashtra,2025-08-30 00:00:00,,False,Active,269.48,False,False,False,1276.92,True
5440,MCH8369_1,Samra-Radhakrishnan,5699.0,Apparel,Sole Proprietor,Bengaluru,Karnataka,2024-03-18 13:50:00,IECA0291676472161,True,Active,2175.82,False,False,False,1252.4299999999998,True
472,MCH8369_2,"Vyas, Dutt and Ganesan",5912.0,Pharmacy,Individual,Kolkata,West Bengal,2023-09-15 22:56:57,0639952317,True,Active,410.34,False,False,False,1300.55,True
5271,MCH8370_1,"ramaswamy, dugal and upadhyay",4131.0,Transportation,Sole Proprietor,Delhi,Delhi,,XXXX7519,True,Active,538.41,False,False,False,1225.12,True
3670,MCH8370_2,Tandon-Khosla,4131.0,Transportation,Partnership,Hyderabad,Telangana,2024-09-15 22:48:07,2595692413,True,Active,574.0,False,False,False,1225.12,True
4714,MCH8372_1,BanerjeeLtd,5912.0,Pharmacy,Individual,Hyderabad,Telangana,2023-10-26 00:00:00,,False,Active,4531.0,False,False,False,1300.55,True
4183,MCH8372_2,Parsa-Chokshi,4814.0,Telecom,Private Limited,Amritsar,Punjab,2023-10-02 09:57:00,XXXX0623,True,Active,714.9,False,False,False,1213.17,True
261,MCH8374_1,"KOHLI, CHAKRABORTY AND WALI",5942.0,Books & Stationery,Sole Proprietor,Lucknow,Uttar Pradesh,2025-02-16 16:31:03,,False,Active,838.62,False,False,False,1167.225,True
1249,MCH8374_2,nadig-batra,5699.0,Apparel,Partnership,Amritsar,Punjab,2024-02-21 17:20:06,VELJ0567478440820,True,Active,831.77,False,False,False,1252.4299999999998,True
1394,MCH8377_1,"Agate, Suresh and Bahri",5311.0,Department Store,Individual,Hyderabad,Telangana,2024-02-05 00:00:00,XXXX2261,True,Active,1519.49,False,False,False,1356.755,True
4109,MCH8377_2,"garde, varty and vyas",4131.0,Transportation,Individual,Mumbai,Maharashtra,2025-08-01 20:50:41,,False,Active,1200.23,False,False,False,1225.12,True
848,MCH8379_1,"B0rah, Kaur and Gera",5912.0,Pharmacy,Individual,Jaipur,Rajasthan,,,False,Active,351.15,False,False,False,1300.55,True
1369,MCH8379_2,  Deep Group  ,5942.0,Books & Stationery,Private Limited,Kolkata,West Bengal,2026-01-29 00:00:00,XXXX9737,True,Suspended,469.0,False,True,False,1167.225,True
5475,MCH8380_1,Chaudhari-Behl,7011.0,Hotel,Partnership,Mumbai,Maharashtra,2024-05-18 00:00:00,XXXX2808,True,Active,780.2,False,False,False,1161.77,True
772,MCH8380_2,Gola-Bal,4814.0,Mobile Recharge,Individual,Hyderabad,Telangana,2025-10-14 05:29:06,XXXX2229,True,Active,,True,False,False,1108.585,True
1868,MCH8380_3,"kar, patil and karan",4131.0,Travel,Individual,Jalandhar,Punjab,2024-01-22 00:00:00,5690092544,True,Active,9540.15,False,False,False,1012.28,True
1713,MCH8384,"  Tella, Batra and Baral  ",5311.0,Department Store,Individual,Jalandhar,Punjab,2023-04-08 00:00:00,,False,Active,,False,False,False,1356.755,False
1542,MCH8385,Thaker-Hegde,5812.0,Restaurant,Partnership,Amritsar,Punjab,2024-05-14 00:00:00,,False,Active,2913.48,False,False,False,1327.31,False
3502,MCH8389,Thaman Group,,Restaurant,Individual,Mumbai,Maharashtra,2024-02-17 16:36:00,XXXX0828,True,Inactive,1716.78,False,False,True,1327.31,False
1341,MCH8390,"Thakkar, Babu and Nagi",4131.0,Transportation,Private Limited,Hyderabad,Telangana,2024-03-25 00:00:00,XXXX7354,True,Active,2159.57,False,False,False,1225.12,False
5064,MCH8391,Talwar-Bhasin,,Apparel,Individual,Ludhiana,Punjab,2025-10-21 00:00:00,9793728885,True,Active,2052.0,False,False,True,1252.4299999999998,False
1296,MCH8393,Salvi LLC,7011.0,Hotel,Partnership,Jalandhar,Punjab,2024-10-18 00:00:00,XXXX4953,True,Active,1230.0,False,False,False,1161.77,False
3218,MCH8399,"La11a, Wadhwa and Bhardwaj",,Restaurant,Private Limited,Kolkata,West Bengal,2025-09-05 20:30:25,XXXX6906,True,Active,1773.81,False,False,True,1327.31,False
1160,MCH8400,Banerjee Inc,5812.0,Restaurant,Sole Proprietor,Lucknow,Uttar Pradesh,,,False,Active,,False,False,False,1327.31,False
275,MCH8401,  Pandey PLC  ,,Hotel,Partnership,Chennai,Tamil Nadu,2025-09-09 00:00:00,0328253862,True,Inactive,625.0,False,False,True,1161.77,False
5598,MCH8405,Roy Ltd,,Apparel,Private Limited,Kolkata,West Bengal,2023-02-13 22:05:26,MAGL2579020752689,True,Inactive,1147.53,False,False,True,1252.4299999999998,False
357,MCH8407,Dey Group,4131.0,Transportation,Individual,Lucknow,Uttar Pradesh,2024-07-10 00:00:00,,False,Active,2726.27,False,False,False,1225.12,False
904,MCH8409,"Dua, Naidu and Agate",4131.0,Travel,Individual,Mumbai,Maharashtra,2024-09-05 14:57:07,,False,Active,1474.83,False,False,False,1012.28,False
721,MCH8410_1,"Bhargava, Srinivasan and Desai",4131.0,Transportation,Private Limited,Lucknow,Uttar Pradesh,2024-01-20 00:00:00,XCHH9247596987516,True,Active,1024.56,False,False,False,1225.12,True
3010,MCH8410_2,Dugal and Sons,5942.0,Books & Stationery,Partnership,Bengaluru,Karnataka,,RLEB2720083934064,True,Active,853.16,False,False,False,1167.225,True
525,MCH8410_3,Kade LLC,5411.0,Grocery,Partnership,Lucknow,Uttar Pradesh,2024-11-08 00:00:00,5959501337,True,Active,893.08,False,False,False,1233.545,True
5538,MCH8411,Chopra Group,,Restaurant,Private Limited,Jalandhar,Punjab,2023-01-01 00:00:00,,False,Inactive,1067.4,False,False,True,1327.31,False
670,MCH8412,Sachdeva-Mutti,5311.0,Department Store,Private Limited,Bengaluru,Karnataka,2023-03-01 00:00:00,,False,Active,2327.41,False,False,False,1356.755,False
2834,MCH8413,"Mammen,ParmerandChandra",4814.0,Mobile Recharge,Sole Proprietor,Bengaluru,Karnataka,2024-03-19 00:00:00,,False,Active,,True,False,False,1108.585,False
3729,MCH8416_1,"Bal, Kant and Gola",5411.0,Grocery,Private Limited,Chennai,Tamil Nadu,2025-03-31 00:00:00,XXXX9605,True,Active,5069.39,False,False,False,1233.545,True
6175,MCH8416_2,Kha1sa-Prashad,5411.0,Grocery,Private Limited,Delhi,Delhi,2023-12-02 00:00:00,8760894033,True,Active,478.64,False,False,False,1233.545,True
6027,MCH8417,Bhalla-Batta,5311.0,Department Store,Partnership,Bengaluru,Karnataka,2025-07-07 16:05:00,,False,Active,544.37,False,False,False,1356.755,False
4730,MCH8418,Jaggi Inc,7011.0,Hotel,Individual,Pune,Maharashtra,2023-12-01 00:00:00,5753448100,True,Inactive,,True,False,False,1161.77,False
4513,MCH8419,Nigam Inc,4814.0,Mobile Recharge,Sole Proprietor,Amritsar,Punjab,2025-10-01 08:52:00,WLCE4900884368712,True,Active,462.51,False,False,False,1108.585,False
1139,MCH8421_1,"KANNAN, NATH AND KALA",4131.0,Transportation,Private Limited,Amritsar,Punjab,2024-01-31 00:00:00,,False,Suspended,612.51,False,True,False,1225.12,True
2040,MCH8421_2,"Wali, Chowdhury and Barman",5812.0,Restaurant,Private Limited,Bengaluru,Karnataka,2023-08-10 02:41:00,7007867420,True,Active,966.94,False,False,False,1327.31,True
1931,MCH8422,Kakar-Bera,5699.0,Apparel,Sole Proprietor,Amritsar,Punjab,2025-10-03 00:00:00,XXXX1336,True,Active,661.76,False,False,False,1252.4299999999998,False
1115,MCH8423,Balasubramanian and Sons,5411.0,Grocery,Private Limited,Mumbai,Maharashtra,2025-01-26 00:00:00,5080169849,True,Active,1838.16,False,False,False,1233.545,False
3815,MCH8425,"Bhatnagar,ComarandHans",7011.0,Hotel,Individual,Jalandhar,Punjab,2025-06-12 00:00:00,NAVX0262232106872,True,Active,637.53,False,False,False,1161.77,False
1140,MCH8427_1,"Hegde, Bajaj and Sura",5699.0,Apparel,Partnership,Jalandhar,Punjab,2024-10-07 00:00:00,,False,Active,557.6,False,False,False,1252.4299999999998,True
2116,MCH8427_2,Lad-Vora,5942.0,Books & Stationery,Private Limited,Jalandhar,Punjab,2025-03-30 00:00:00,YVUE5995024073682,True,Suspended,815.94,False,True,False,1167.225,True
1505,MCH8427_3,  Sankaran-Rai  ,5942.0,Books & Stationery,Sole Proprietor,Hyderabad,Telangana,2023-10-17 00:00:00,ZQGR3907039607264,True,Active,302.0,False,False,False,1167.225,True
4335,MCH8428,"  Keer, Batra and Kapadia  ",7011.0,Hotel,Partnership,Jalandhar,Punjab,2024-08-19 14:22:51,,False,Active,2475.47,False,False,False,1161.77,False
4884,MCH8431_1,"Bail, Sura and Misra",5411.0,Grocery,Partnership,Lucknow,Uttar Pradesh,2023-02-24 00:00:00,BOES1880983766713,True,Active,6861.27,False,False,False,1233.545,True
163,MCH8431_2,Bala Group,4131.0,Transportation,Individual,Ludhiana,Punjab,2025-05-02 00:00:00,XXXX7030,True,Active,964.23,False,False,False,1225.12,True
4385,MCH8431_3,"Brahmbhatt, Ranganathan and Sangha",5912.0,Pharmacy,Partnership,Hyderabad,Telangana,2023-04-29 00:00:00,,False,Active,1715.36,False,False,False,1300.55,True
2641,MCH8432,Lad Inc,5942.0,Books & Stationery,Private Limited,Delhi,Delhi,2024-10-07 00:00:00,FRLI9065794513387,True,Active,394.7,False,False,False,1167.225,False
5499,MCH8433,"Gill, Taneja and Bhardwaj",5411.0,Grocery,Individual,Lucknow,Uttar Pradesh,2023-05-12 00:00:00,9035895384,True,Suspended,5465.01,False,True,False,1233.545,False
1785,MCH8435,Bajwa-Sandhu,5699.0,Apparel,Individual,Jaipur,Rajasthan,2024-08-11 00:00:00,XRHA7493996842867,True,Active,,True,False,False,1252.4299999999998,False
1817,MCH8436_1,Kapoor Inc,7011.0,Hotel,Individual,Bengaluru,Karnataka,2025-07-27 00:00:00,4749660100,True,Active,7117.0,False,False,False,1161.77,True
3245,MCH8436_2,Sagar PLC,5999.0,Misc Retail,Sole Proprietor,Pune,Maharashtra,2025-04-14 00:00:00,6639530850,True,Active,642.69,False,False,False,1276.92,True
3130,MCH8436_3,sangha plc,5942.0,Books & Stationery,Private Limited,Hyderabad,Telangana,2025-08-16 00:00:00,,False,Active,,False,False,False,1167.225,True
3794,MCH8436_4,"  Seshadri, Minhas and Subramanian  ",4814.0,Mobile Recharge,Individual,Delhi,Delhi,2025-12-21 00:00:00,XXXX8739,True,Active,1427.93,False,False,False,1108.585,True
5808,MCH8437_1,"  Kurian, Yadav and Sidhu  ",5812.0,Restaurant,Partnership,Amritsar,Punjab,2024-09-09 00:00:00,,False,Active,1382.63,False,False,False,1327.31,True
3574,MCH8437_2,  Sinha LLC  ,7011.0,Hotel,Sole Proprietor,Kolkata,West Bengal,2025-12-04 08:30:12,,False,Inactive,761.27,False,False,False,1161.77,True
2326,MCH8439,Bala and Sons,5912.0,Pharmacy,Individual,Jalandhar,Punjab,2024-09-14 00:00:00,,False,Active,1591.75,False,False,False,1300.55,False
137,MCH8440,"Chacko, Natarajan and Menon",5999.0,Misc Retail,Individual,Mumbai,Maharashtra,2025-01-19 00:00:00,,False,Active,775.41,False,False,False,1276.92,False
6168,MCH8445,CHAND INC,5999.0,Misc Retail,Partnership,Jaipur,Rajasthan,2025-12-27 10:31:00,,False,Active,2873.41,False,False,False,1276.92,False
3538,MCH8446_1,Kuruvi11a Gr0up,5999.0,Misc Retail,Sole Proprietor,Chennai,Tamil Nadu,2025-07-07 00:00:00,,False,Active,979.24,False,False,False,1276.92,True
4443,MCH8446_2,  Pingle Inc  ,5912.0,Pharmacy,Individual,Jalandhar,Punjab,2024-02-11 09:35:00,IMWK0138526461627,True,Inactive,1069.0,False,False,False,1300.55,True
3942,MCH8448,"Roy, Parekh and Ratti",7011.0,Hotel,Private Limited,Jaipur,Rajasthan,2024-07-25 22:15:50,,False,Active,364.74,False,False,False,1161.77,False
3483,MCH8449_1,Mani-Ramachandran,5912.0,Pharmacy,Partnership,Delhi,Delhi,2024-12-27 07:20:47,XXXX6183,True,Active,461.73,False,False,False,1300.55,True
2609,MCH8449_2,Vaidya-Gulati,,Restaurant,Private Limited,Chennai,Tamil Nadu,2024-04-06 00:00:00,TCOQ6253751311209,True,Active,118.49,False,False,True,1327.31,True
917,MCH8450_1,narayanan llc,5912.0,Pharmacy,Sole Proprietor,Ludhiana,Punjab,,XXXX4013,True,Active,,True,False,False,1300.55,True
3138,MCH8450_2,Singhal LLC,,Misc Retail,Private Limited,Jaipur,Rajasthan,2023-07-18 00:00:00,HPUX4362247724149,True,Active,2472.47,False,False,True,1276.92,True
2549,MCH8451_1,"KALA, PRADHAN AND HAYRE",5812.0,Restaurant,Partnership,Hyderabad,Telangana,2024-06-14 00:00:00,9996900448,True,Active,1874.56,False,False,False,1327.31,True
942,MCH8451_2,setty inc,4814.0,Telecom,Private Limited,Ludhiana,Punjab,2023-06-05 00:00:00,,False,Active,196.48,False,False,False,1213.17,True
2395,MCH8453_1,"Jaggi, Saxena and Ratta",5411.0,Grocery,Partnership,Amritsar,Punjab,2023-11-19 00:00:00,,False,Active,599.17,False,False,False,1233.545,True
289,MCH8453_2,Manne LLC,5699.0,Apparel,Private Limited,Amritsar,Punjab,,,False,Active,397.0,False,False,False,1252.4299999999998,True
1682,MCH8455,Chauhan-Raju,5311.0,Department Store,Private Limited,Pune,Maharashtra,2023-03-29 00:00:00,5585488676,True,Active,1832.78,False,False,False,1356.755,False
6137,MCH8456,Srinivasan and Sons,5411.0,Grocery,Individual,Jalandhar,Punjab,2023-04-03 13:45:00,XXXX9275,True,Active,3454.0,False,False,False,1233.545,False
980,MCH8460,Luthra PLC,,Department Store,Private Limited,Jaipur,Rajasthan,2023-03-10 19:52:37,XXXX0930,True,Active,2927.81,False,False,True,1356.755,False
1311,MCH8464,"Kapadia, Sarin and Bhargava",5411.0,Grocery,Sole Proprietor,Ludhiana,Punjab,2024-07-19 17:44:00,,False,Active,1536.1,False,False,False,1233.545,False
4954,MCH8466,dani plc,5999.0,Misc Retail,Sole Proprietor,Lucknow,Uttar Pradesh,2024-11-20 00:00:00,0971517189,True,Active,1946.42,False,False,False,1276.92,False
2579,MCH8467_1,  Gara-Sarkar  ,5912.0,Pharmacy,Individual,Pune,Maharashtra,2025-03-12 17:00:00,,False,Active,826.0,False,False,False,1300.55,True
1970,MCH8467_2,"Tara, Nagi and Keer",,Grocery,Sole Proprietor,Chennai,Tamil Nadu,2024-08-06 00:00:00,YVFX0584692360896,True,Inactive,3292.09,False,False,True,1233.545,True
3723,MCH8470_1,"GARG, SURI AND SAGAR",5699.0,Apparel,Individual,Ludhiana,Punjab,2023-11-19 00:00:00,,False,Active,,False,False,False,1252.4299999999998,True
700,MCH8470_2,Munshi-Reddy,,Transportation,Sole Proprietor,Pune,Maharashtra,2025-12-29 00:00:00,,False,Active,1203.0,False,False,True,1225.12,True
5925,MCH8472,Guha-Sandhu,4814.0,Mobile Recharge,Partnership,Amritsar,Punjab,,,False,Active,1828.57,False,False,False,1108.585,False
3310,MCH8473,"Tella, Dara and Krish",4814.0,Mobile Recharge,Private Limited,Mumbai,Maharashtra,2025-06-21 06:51:14,,False,Active,320.84,False,False,False,1108.585,False
6041,MCH8475,"Karpe, Iyer and Gole",5942.0,Books & Stationery,Private Limited,Bengaluru,Karnataka,2025-04-20 00:00:00,,False,Active,2426.04,False,False,False,1167.225,False
5212,MCH8480,Doshi-Sarin,4131.0,Transportation,Individual,Pune,Maharashtra,2023-07-02 00:00:00,,False,Active,,True,False,False,1225.12,False
3259,MCH8481,"Dixit,GeraandGara",4131.0,Transportation,Sole Proprietor,Jaipur,Rajasthan,,COTV7157526007969,True,Active,1730.88,False,False,False,1225.12,False
226,MCH8484,"Grover, Swamy and Johal",5912.0,Pharmacy,Private Limited,Kolkata,West Bengal,2023-08-17 22:00:16,,False,Suspended,1273.08,False,True,False,1300.55,False
3056,MCH8489_1,Mand and Sons,7011.0,Hotel,Individual,Pune,Maharashtra,2025-08-24 00:00:00,XXXX8251,True,Active,2744.11,False,False,False,1161.77,True
4353,MCH8489_2,"  Nadkarni, Murty and Chad  ",5912.0,Pharmacy,Partnership,Ludhiana,Punjab,2023-11-29 00:00:00,,False,Active,713.56,False,False,False,1300.55,True
1589,MCH8490,SEKHON-CHADHA,5699.0,Apparel,Sole Proprietor,Delhi,Delhi,2024-06-28 00:00:00,XXXX6195,True,Closed,,True,False,False,1252.4299999999998,False
5861,MCH8492,Narayan Gr0up,4814.0,Telecom,Individual,Kolkata,West Bengal,,XXXX3928,True,Inactive,,False,False,False,1213.17,False
4994,MCH8493,BUCH INC,5912.0,Pharmacy,Individual,Chennai,Tamil Nadu,2025-01-17 02:45:11,YMCT2319815382495,True,Active,2394.24,False,False,False,1300.55,False
3810,MCH8496,Sandhu PLC,5942.0,Books & Stationery,Partnership,Hyderabad,Telangana,2025-10-01 19:16:00,PCDO3725942171870,True,Inactive,,False,False,False,1167.225,False
5485,MCH8497,"Pandey, Dutta and Thakkar",5812.0,Restaurant,Private Limited,Delhi,Delhi,2025-09-18 03:34:00,0266895023,True,Active,802.0,False,False,False,1327.31,False
4506,MCH8501,Koshy-Mukherjee,7011.0,Hotel,Partnership,Hyderabad,Telangana,2023-08-21 00:00:00,,False,Active,3180.8,False,False,False,1161.77,False
2271,MCH8504_1,gala-bath,,Grocery,Private Limited,Bengaluru,Karnataka,2023-05-24 00:00:00,HUGZ7718103709815,True,Active,4220.0,False,False,True,1233.545,True
5403,MCH8504_2,Kohli PLC,5411.0,Grocery,Sole Proprietor,Chennai,Tamil Nadu,2025-05-05 19:30:15,5858195769,True,Active,977.26,False,False,False,1233.545,True
4417,MCH8505_1,"Dora, Bhatia and Bhatia",5411.0,Grocery,Partnership,Amritsar,Punjab,2023-05-17 00:00:00,SAIK5515592782318,True,Active,2376.66,False,False,False,1233.545,True
2793,MCH8505_2,"  Joshi, Sarin and Krishnamurthy  ",5311.0,Department Store,Partnership,Jaipur,Rajasthan,2023-04-08 00:00:00,,False,Active,811.55,False,False,False,1356.755,True
619,MCH8505_3,Kamdar-Ghosh,5942.0,Books & Stationery,Private Limited,Jaipur,Rajasthan,2023-08-02 00:00:00,XXXX4333,True,Active,517.98,False,False,False,1167.225,True
5016,MCH8506,"HANDA, SAHNI AND SAWHNEY",4814.0,Telecom,Partnership,Hyderabad,Telangana,2026-01-12 00:00:00,,False,Active,339.0,False,False,False,1213.17,False
2142,MCH8508,"Iyengar,GillandTella",5999.0,Misc Retail,Private Limited,Chennai,Tamil Nadu,2023-12-12 06:59:00,,False,Active,1985.47,False,False,False,1276.92,False
121,MCH8509_1,"Majumdar, Deshpande and Solanki",5311.0,Department Store,Partnership,Bengaluru,Karnataka,2024-09-17 00:00:00,XXXX5135,True,Inactive,,True,False,False,1356.755,True
1078,MCH8509_2,merchant-kalita,5411.0,Grocery,Private Limited,Hyderabad,Telangana,2025-02-11 00:00:00,5703041030,True,Active,329.11,False,False,False,1233.545,True
4281,MCH8509_3,RAMAN-HANS,5699.0,Apparel,Individual,Lucknow,Uttar Pradesh,2024-05-16 00:00:00,XXXX2100,True,Inactive,882.0,False,False,False,1252.4299999999998,True
4762,MCH8511_1,Bhattacharyya LLC,4131.0,Travel,Sole Proprietor,Kolkata,West Bengal,2025-09-13 17:14:01,5718101424,True,Active,1377.4,False,False,False,1012.28,True
4463,MCH8511_2,Narain-Nori,5411.0,Grocery,Partnership,Kolkata,West Bengal,2023-04-02 14:35:12,,False,Active,4133.84,False,False,False,1233.545,True
776,MCH8512,Luthra-Bhasin,4131.0,Transportation,Sole Proprietor,Lucknow,Uttar Pradesh,2025-07-22 00:00:00,,False,Active,2579.73,False,False,False,1225.12,False
107,MCH8517,"Bandi, Bir and Buch",5912.0,Pharmacy,Individual,Delhi,Delhi,2025-05-12 00:00:00,XXXX8958,True,Active,2544.34,False,False,False,1300.55,False
1921,MCH8518,Srivastava-Parsa,5699.0,Apparel,Individual,Jaipur,Rajasthan,2024-09-11 00:00:00,,False,Active,191.84,False,False,False,1252.4299999999998,False
5728,MCH8521_1,Rao Ltd,5812.0,Restaurant,Sole Proprietor,Jaipur,Rajasthan,2023-02-05 00:00:00,1686745515,True,Inactive,2388.44,False,False,False,1327.31,True
2166,MCH8521_2,"Sankaran, Mangat and Gaba",5311.0,Department Store,Sole Proprietor,Delhi,Delhi,2024-11-24 00:00:00,MNDO2443340838612,True,Active,1028.11,False,False,False,1356.755,True
3194,MCH8525,Bah1-Mangat,7011.0,Hotel,Individual,Mumbai,Maharashtra,2025-03-27 07:27:27,,False,Inactive,444.54,False,False,False,1161.77,False
2498,MCH8527_1,  Tella-Mani  ,5912.0,Pharmacy,Partnership,Ludhiana,Punjab,2025-11-09 00:00:00,,False,Active,,False,False,False,1300.55,True
5486,MCH8527_2,"Varkey, Chacko and Sarraf",5411.0,Grocery,Private Limited,Delhi,Delhi,2025-07-20 12:37:01,,False,Active,128.48,False,False,False,1233.545,True
1850,MCH8529_1,Pradhan PLC,5942.0,Books & Stationery,Sole Proprietor,Delhi,Delhi,2025-07-13 03:13:00,,False,Active,476.91,False,False,False,1167.225,True
3195,MCH8529_2,Prakash-Sharaf,4814.0,Mobile Recharge,Partnership,Amritsar,Punjab,2024-10-30 00:00:00,XXXX5799,True,Closed,2061.7,False,False,False,1108.585,True
991,MCH8530,Chopra-Khanna,5311.0,Department Store,Partnership,Hyderabad,Telangana,,,False,Active,442.28,False,False,False,1356.755,False
4888,MCH8536_1,"BASAK, SAMI AND CHAR",5311.0,Retail,Private Limited,Mumbai,Maharashtra,,,False,Active,335.5,False,False,False,1126.42,True
1174,MCH8536_2,Boase PLC,,Telecom,Partnership,Mumbai,Maharashtra,2024-10-23 00:00:00,,False,Active,3149.45,False,False,True,1213.17,True
4759,MCH8537_1,Mital and Sons,5411.0,Grocery,Partnership,Jalandhar,Punjab,2023-05-14 00:00:00,XXXX8286,True,Active,,True,False,False,1233.545,True
415,MCH8537_2,Sunder LLC,4131.0,Travel,Private Limited,Chennai,Tamil Nadu,2025-09-16 00:00:00,FNGX1491502830694,True,Active,1072.34,False,False,False,1012.28,True
2904,MCH8539,Arya-Char,5699.0,Apparel,Sole Proprietor,Chennai,Tamil Nadu,2025-10-07 09:25:50,XXXX4751,True,Active,3012.9,False,False,False,1252.4299999999998,False
4787,MCH8540,Tiwari Ltd,5999.0,Misc Retail,Sole Proprietor,Jaipur,Rajasthan,2024-06-27 07:54:00,,False,Active,,False,False,False,1276.92,False
1755,MCH8545,Taneja and Sons,5411.0,Grocery,Private Limited,Jaipur,Rajasthan,2025-07-06 00:00:00,,False,Active,1926.0,False,False,False,1233.545,False
2468,MCH8546,jani plc,5311.0,Department Store,Partnership,Kolkata,West Bengal,2024-09-21 00:00:00,,False,Active,1691.74,False,False,False,1356.755,False
2134,MCH8548,Karpe Ltd,5812.0,Restaurant,Partnership,Delhi,Delhi,,,False,Active,699.0,False,False,False,1327.31,False
55,MCH8549_1,"Amb1e, Sangha and C0mar",4814.0,Telecom,Individual,Ludhiana,Punjab,2026-01-12 00:00:00,XXXX7799,True,Active,1130.69,False,False,False,1213.17,True
3527,MCH8549_2,"Tandon, Tella and Srinivas",5311.0,Department Store,Partnership,Jalandhar,Punjab,2025-09-22 11:22:00,,False,Active,,True,False,False,1356.755,True
2097,MCH8550,Nayar Ltd,,Mobile Recharge,Partnership,Jalandhar,Punjab,2024-01-09 17:54:25,CEPK3792011478067,True,Active,1649.78,False,False,True,1108.585,False
5503,MCH8551,  Sule-Ganesh  ,5699.0,Apparel,Individual,Kolkata,West Bengal,2023-03-15 04:50:00,ILTD6256269158206,True,Active,1452.12,False,False,False,1252.4299999999998,False
1314,MCH8552,"Manne, Manda and Toor",4131.0,Travel,Sole Proprietor,Pune,Maharashtra,2023-08-19 00:00:00,,False,Active,,False,False,False,1012.28,False
3638,MCH8553_1,Kumar and Sons,5411.0,Grocery,Partnership,Jalandhar,Punjab,2025-11-15 00:00:00,,False,Active,1412.27,False,False,False,1233.545,True
1377,MCH8553_2,"Sane, Chaudhari and Rai",4814.0,Mobile Recharge,Private Limited,Lucknow,Uttar Pradesh,2025-01-05 00:00:00,,False,Inactive,375.66,False,False,False,1108.585,True
3954,MCH8554,MANGAT PLC,5999.0,Misc Retail,Sole Proprietor,Mumbai,Maharashtra,2023-04-03 00:00:00,,False,Inactive,,False,False,False,1276.92,False
3899,MCH8555_1,Ar0ra PLC,5999.0,Misc Retail,Private Limited,Delhi,Delhi,2023-04-15 00:00:00,9465965379,True,Active,1643.0,False,False,False,1276.92,True
3806,MCH8555_2,Gopal LLC,5942.0,Books & Stationery,Private Limited,Chennai,Tamil Nadu,2025-06-13 00:00:00,3381139283,True,Active,,False,False,False,1167.225,True
10,MCH8556,"Rout, Dhillon and Sinha",5942.0,Books & Stationery,Sole Proprietor,Jaipur,Rajasthan,2023-04-05 17:49:00,,False,Active,,False,False,False,1167.225,False
5043,MCH8558_1,Dutt-Tailor,5311.0,Retail,Sole Proprietor,Amritsar,Punjab,2024-12-29 00:00:00,,False,Active,857.14,False,False,False,1126.42,True
1563,MCH8558_2,"JHA, BHAT AND SWAMINATHAN",,Mobile Recharge,Sole Proprietor,Bengaluru,Karnataka,2024-11-13 00:00:00,,False,Active,2933.92,False,False,True,1108.585,True
5620,MCH8559,"Gokhale, Dugal and Pradhan",5812.0,Restaurant,Private Limited,Pune,Maharashtra,2023-07-09 00:00:00,,False,Suspended,2171.47,False,True,False,1327.31,False
127,MCH8561_1,Mahal-Talwar,5912.0,Pharmacy,Individual,Pune,Maharashtra,2024-11-21 00:00:00,XXXX1106,True,Active,892.64,False,False,False,1300.55,True
1830,MCH8561_2,"Swaminathan, Sa1vi and Kant",5699.0,Apparel,Private Limited,Mumbai,Maharashtra,2025-04-19 00:00:00,PNGX7339881598856,True,Active,4447.81,False,False,False,1252.4299999999998,True
818,MCH8562,Radhakrishnan-Apte,5812.0,Restaurant,Private Limited,Chennai,Tamil Nadu,2023-04-12 06:47:00,,False,Active,1647.0,False,False,False,1327.31,False
2110,MCH8563_1,Brar PLC,,Restaurant,Partnership,Pune,Maharashtra,2024-11-21 02:24:00,,False,Suspended,943.44,False,True,True,1327.31,True
2165,MCH8563_2,"Sen, Saxena and Chopra",5411.0,Grocery,Sole Proprietor,Pune,Maharashtra,2025-12-18 00:00:00,XXXX7720,True,Active,1384.68,False,False,False,1233.545,True
6049,MCH8565,"MAMMEN, MODI AND SANKAR",5812.0,Restaurant,Sole Proprietor,Jaipur,Rajasthan,2024-07-27 21:42:00,,False,Active,609.89,False,False,False,1327.31,False
3738,MCH8566,Magar-Kota,4131.0,Transportation,Partnership,Amritsar,Punjab,2026-03-01 12:47:00,,False,Active,1353.18,False,False,False,1225.12,False
3320,MCH8568,Krishna-Agrawal,4814.0,Mobile Recharge,Partnership,Kolkata,West Bengal,2024-10-25 03:43:00,7283032727,True,Inactive,412.1,False,False,False,1108.585,False
3209,MCH8569,Tara Ltd,5812.0,Restaurant,Individual,Lucknow,Uttar Pradesh,2025-11-18 04:42:59,,False,Active,1022.19,False,False,False,1327.31,False
557,MCH8570,  Reddy Ltd  ,5942.0,Books & Stationery,Partnership,Hyderabad,Telangana,2023-03-28 00:00:00,4219980172,True,Active,528.1,False,False,False,1167.225,False
4985,MCH8571_1,"Garde, Toor and Malhotra",4814.0,Mobile Recharge,Partnership,Amritsar,Punjab,2023-05-31 00:00:00,,False,Active,266.55,False,False,False,1108.585,True
1245,MCH8571_2,"Sahni, Arya and Guha",4131.0,Transportation,Private Limited,Kolkata,West Bengal,,XXXX6085,True,Active,1192.48,False,False,False,1225.12,True
4383,MCH8572,"Sheth,SethandKulkarni",4814.0,Mobile Recharge,Individual,Jaipur,Rajasthan,2026-01-15 00:00:00,AQKO8183766323405,True,Active,4326.0,False,False,False,1108.585,False
6127,MCH8574,vohra group,5912.0,Pharmacy,Individual,Jaipur,Rajasthan,2026-02-04 00:00:00,NSHE9263060444640,True,Closed,,True,False,False,1300.55,False
4703,MCH8575,"Doctor, Merchant and Bhatti",4814.0,Telecom,Partnership,Kolkata,West Bengal,2024-04-18 00:00:00,,False,Active,2693.45,False,False,False,1213.17,False
67,MCH8578,Bhatt LLC,4131.0,Transportation,Sole Proprietor,Pune,Maharashtra,2023-08-26 23:42:00,QYMF1422119480722,True,Inactive,2462.04,False,False,False,1225.12,False
5784,MCH8579,OM LLC,5311.0,Department Store,Sole Proprietor,Bengaluru,Karnataka,2024-05-10 00:00:00,IKJV1180612753786,True,Active,3034.67,False,False,False,1356.755,False
4571,MCH8581,"Sundaram, Sekhon and Andra",7011.0,Hotel,Partnership,Jalandhar,Punjab,2024-11-14 00:00:00,,False,Active,953.97,False,False,False,1161.77,False
4085,MCH8588,"Kala, Kant and Gola",,Transportation,Individual,Chennai,Tamil Nadu,2025-11-24 00:00:00,5957904984,True,Active,,False,False,True,1225.12,False
5805,MCH8591,Dutta and Sons,5999.0,Misc Retail,Individual,Kolkata,West Bengal,2025-02-02 00:00:00,XXXX4892,True,Active,2731.17,False,False,False,1276.92,False
1423,MCH8592_1,Rajagopal-Nagarajan,5912.0,Pharmacy,Individual,Hyderabad,Telangana,2023-11-20 00:23:03,,False,Active,1002.86,False,False,False,1300.55,True
5542,MCH8592_2,ramaswamy plc,4814.0,Mobile Recharge,Individual,Amritsar,Punjab,,,False,Suspended,661.0,False,True,False,1108.585,True
2157,MCH8592_3,Venkatesh-Brahmbhatt,5942.0,Books & Stationery,Private Limited,Bengaluru,Karnataka,2023-11-29 06:07:36,XXXX8568,True,Active,2914.59,False,False,False,1167.225,True
4277,MCH8597,Hayre-Badami,5812.0,Restaurant,Private Limited,Amritsar,Punjab,2023-05-26 00:00:00,XXXX4723,True,Active,1847.81,False,False,False,1327.31,False
378,MCH8598_1,Chanda-Parekh,,Books & Stationery,Partnership,Ludhiana,Punjab,,5300981765,True,Active,1205.19,False,False,True,1167.225,True
397,MCH8598_2,"Raghavan, Nadig and Karpe",5812.0,Restaurant,Sole Proprietor,Pune,Maharashtra,2024-06-16 14:32:56,XXXX2019,True,Active,1385.16,False,False,False,1327.31,True
367,MCH8600_1,"KALITA, BAINS AND GANDHI",5812.0,Restaurant,Sole Proprietor,Delhi,Delhi,2024-07-06 00:00:00,RRYJ6587686551997,True,Active,855.0,False,False,False,1327.31,True
3897,MCH8600_2,  Lata-Khurana  ,5411.0,Grocery,Individual,Jalandhar,Punjab,2023-06-16 00:00:00,5082992374,True,Active,861.64,False,False,False,1233.545,True
3503,MCH8601,CHAHAL-PAREKH,5812.0,Restaurant,Private Limited,Amritsar,Punjab,2025-02-20 00:00:00,SPNT7219401023773,True,Active,,True,False,False,1327.31,False
4048,MCH8602,Raghavan-Ah1uwa1ia,5411.0,Grocery,Individual,Chennai,Tamil Nadu,2023-01-19 00:00:00,,False,Active,,True,False,False,1233.545,False
703,MCH8603,mane ltd,5812.0,Restaurant,Sole Proprietor,Ludhiana,Punjab,2023-04-01 16:26:07,9861979521,True,Active,258.46,False,False,False,1327.31,False
5318,MCH8606,Prabhakar Ltd,5942.0,Books & Stationery,Partnership,Mumbai,Maharashtra,2024-11-25 22:32:00,,False,Active,602.72,False,False,False,1167.225,False
3034,MCH8607_1,  Dash-Dora  ,5411.0,Grocery,Private Limited,Delhi,Delhi,2023-01-29 00:00:00,XXXX9578,True,Active,3092.32,False,False,False,1233.545,True
3647,MCH8607_2,Sachdeva-Dutta,4814.0,Telecom,Partnership,Jalandhar,Punjab,2026-02-16 21:14:26,HBCE1328673504211,True,Active,699.07,False,False,False,1213.17,True
181,MCH8607_3,"Wali,ManeandThakur",5699.0,Apparel,Individual,Delhi,Delhi,2023-10-15 00:00:00,XXXX4911,True,Active,2981.0,False,False,False,1252.4299999999998,True
4751,MCH8610,Pandey and Sons,5999.0,Misc Retail,Sole Proprietor,Bengaluru,Karnataka,,LZLP7648523257090,True,Active,1014.0,False,False,False,1276.92,False
328,MCH8612,KURIAN-GODA,5812.0,Restaurant,Sole Proprietor,Mumbai,Maharashtra,2023-07-18 06:11:37,XXXX5561,True,Active,1133.93,False,False,False,1327.31,False
2921,MCH8613,Comar-Tata,5812.0,Restaurant,Individual,Lucknow,Uttar Pradesh,2023-09-05 12:31:28,,False,Suspended,2485.09,False,True,False,1327.31,False
1575,MCH8614_1,Basu-Gola,4131.0,Travel,Partnership,Pune,Maharashtra,2026-01-08 00:00:00,XXXX7777,True,Active,1454.86,False,False,False,1012.28,True
3613,MCH8614_2,Singhal Group,5912.0,Pharmacy,Sole Proprietor,Bengaluru,Karnataka,2025-03-27 00:00:00,XXXX4582,True,Active,4570.35,False,False,False,1300.55,True
6012,MCH8615_1,Anand Inc,5699.0,Apparel,Partnership,Chennai,Tamil Nadu,2024-11-02 00:00:00,NYLA3280465068444,True,Inactive,1493.0,False,False,False,1252.4299999999998,True
2879,MCH8615_2,devi-narasimhan,5942.0,Books & Stationery,Sole Proprietor,Kolkata,West Bengal,2024-11-18 00:00:00,8648906197,True,Active,722.58,False,False,False,1167.225,True
4892,MCH8615_3,Kurian Inc,,Mobile Recharge,Private Limited,Hyderabad,Telangana,2024-03-25 00:00:00,,False,Active,3051.58,False,False,True,1108.585,True
6116,MCH8616,RATTI-JHA,5699.0,Apparel,Sole Proprietor,Pune,Maharashtra,2025-05-30 00:00:00,,False,Active,,False,False,False,1252.4299999999998,False
910,MCH8619,Salvi-Nazareth,5411.0,Grocery,Sole Proprietor,Delhi,Delhi,2024-07-25 00:00:00,,False,Active,860.21,False,False,False,1233.545,False
5833,MCH8622,choudhry-krishna,7011.0,Hotel,Partnership,Pune,Maharashtra,2025-03-18 00:00:00,,False,Active,196.86,False,False,False,1161.77,False
2327,MCH8624,Kannan-Mital,5912.0,Pharmacy,Sole Proprietor,Pune,Maharashtra,2023-05-20 00:00:00,BFXZ1340418444371,True,Active,1202.33,False,False,False,1300.55,False
6020,MCH8628_1,"char, sastry and sane",4131.0,Transportation,Individual,Pune,Maharashtra,2023-08-18 01:53:50,KLDA6853429090498,True,Active,1108.74,False,False,False,1225.12,True
2681,MCH8628_2,Pai-Upadhyay,7011.0,Hotel,Sole Proprietor,Amritsar,Punjab,,,False,Active,12455.57,False,False,False,1161.77,True
5004,MCH8631,Chaudhari-Chhabra,5699.0,Apparel,Sole Proprietor,Lucknow,Uttar Pradesh,2024-02-17 00:00:00,7902410971,True,Active,1011.95,False,False,False,1252.4299999999998,False
5160,MCH8632,"Koshy, Suri and Dey",5812.0,Restaurant,Individual,Delhi,Delhi,2025-11-14 10:58:44,BRHB3883781562442,True,Active,3705.21,False,False,False,1327.31,False
4413,MCH8633,  Pillai-Lata  ,5912.0,Pharmacy,Individual,Amritsar,Punjab,2025-04-02 00:00:00,6437885672,True,Active,1325.55,False,False,False,1300.55,False
4857,MCH8634,Palla-Brar,5912.0,Pharmacy,Partnership,Jalandhar,Punjab,2023-06-13 00:00:00,FVKP3398609583042,True,Active,843.2,False,False,False,1300.55,False
5337,MCH8636,GHOSH-DASH,5942.0,Books & Stationery,Partnership,Amritsar,Punjab,2023-09-06 09:12:03,8172688665,True,Active,3699.41,False,False,False,1167.225,False
2901,MCH8638,ramanathan-apte,5942.0,Books & Stationery,Partnership,Chennai,Tamil Nadu,2025-04-16 00:00:00,XXXX4259,True,Active,985.8,False,False,False,1167.225,False
2029,MCH8639_1,Samra-Behl,7011.0,Hotel,Private Limited,Bengaluru,Karnataka,2024-06-30 11:58:00,,False,Inactive,2557.45,False,False,False,1161.77,True
1333,MCH8639_2,"SODHI, KALA AND RAMASWAMY",5411.0,Grocery,Partnership,Pune,Maharashtra,2023-09-18 00:00:00,,False,Active,1544.0,False,False,False,1233.545,True
2745,MCH8640,"vasa, nanda and bhat",5311.0,Department Store,Sole Proprietor,Pune,Maharashtra,2025-03-05 00:00:00,,False,Active,347.11,False,False,False,1356.755,False
1305,MCH8641,Rai and Sons,4131.0,Travel,Individual,Ludhiana,Punjab,2024-01-10 00:00:00,,False,Active,,False,False,False,1012.28,False
1105,MCH8643,"Kota, Aurora and Dugal",5699.0,Apparel,Sole Proprietor,Delhi,Delhi,2024-04-15 14:41:15,GITM5447907663864,True,Active,1011.23,False,False,False,1252.4299999999998,False
5856,MCH8644,M0re-L0ke,4131.0,Transportation,Individual,Ludhiana,Punjab,2025-07-20 00:00:00,,False,Active,1294.91,False,False,False,1225.12,False
1590,MCH8645,"Desai, Agarwal and Handa",4814.0,Mobile Recharge,Individual,Ludhiana,Punjab,2024-03-31 00:00:00,,False,Active,1177.09,False,False,False,1108.585,False
2227,MCH8648_1,"KUMER, PRADHAN AND PAI",5912.0,Pharmacy,Sole Proprietor,Jalandhar,Punjab,2023-12-17 00:00:00,CPHP6408157927970,True,Active,2147.87,False,False,False,1300.55,True
5754,MCH8648_2,MUKHOPADHYAY PLC,4131.0,Transportation,Sole Proprietor,Mumbai,Maharashtra,2023-11-21 00:00:00,YHOL6648547123400,True,Active,1325.0,False,False,False,1225.12,True
5266,MCH8650,Konda Ltd,5999.0,Misc Retail,Sole Proprietor,Ludhiana,Punjab,2024-05-27 00:00:00,XXXX1884,True,Active,578.35,False,False,False,1276.92,False
5809,MCH8654_1,Bal-Rastogi,5942.0,Books & Stationery,Individual,Lucknow,Uttar Pradesh,,OIHN1833579743530,True,Closed,619.2,False,False,False,1167.225,True
2433,MCH8654_2,Bhavsar-Subramanian,,Grocery,Individual,Mumbai,Maharashtra,2025-12-15 00:00:00,,False,Active,714.58,False,False,True,1233.545,True
2190,MCH8654_3,"Deshpande, Comar and Pandya",4814.0,Mobile Recharge,Individual,Delhi,Delhi,,2533166217,True,Active,898.0,False,False,False,1108.585,True
2096,MCH8656_1,"Sarma, Krish and Ranganathan",5942.0,Books & Stationery,Sole Proprietor,Kolkata,West Bengal,2025-02-04 00:00:00,ZBCP7467206635740,True,Active,,False,False,False,1167.225,True
1170,MCH8656_2,Singh PLC,,Books & Stationery,Individual,Bengaluru,Karnataka,2024-06-09 00:00:00,RQTA6882310547982,True,Active,9885.11,False,False,True,1167.225,True
1375,MCH8659,sha ltd,7011.0,Hotel,Partnership,Mumbai,Maharashtra,2024-10-23 00:00:00,6929887204,True,Active,,False,False,False,1161.77,False
1043,MCH8660,"Ben, Guha and Sabharwa1",5812.0,Restaurant,Sole Proprietor,Lucknow,Uttar Pradesh,2025-07-22 00:00:00,XXXX9591,True,Active,,False,False,False,1327.31,False
884,MCH8661,Kapoor and Sons,,Transportation,Partnership,Mumbai,Maharashtra,,,False,Active,1762.47,False,False,True,1225.12,False
599,MCH8663,Khalsa Group,,Books & Stationery,Partnership,Jalandhar,Punjab,2023-04-05 00:00:00,CZSI5545012134696,True,Inactive,338.0,False,False,True,1167.225,False
951,MCH8672,"Ganguly, Sarin and Merchant",5311.0,Retail,Individual,Jalandhar,Punjab,2025-06-09 00:00:00,3398230728,True,Inactive,1816.05,False,False,False,1126.42,False
1643,MCH8673_1,"Bahl, Chopra and Jaggi",5942.0,Books & Stationery,Sole Proprietor,Amritsar,Punjab,2024-11-16 00:00:00,,False,Active,1166.72,False,False,False,1167.225,True
537,MCH8673_2,Goswami and Sons,5812.0,Restaurant,Private Limited,Delhi,Delhi,2026-02-25 00:00:00,1774013903,True,Active,979.86,False,False,False,1327.31,True
5866,MCH8674,"Mani, Dutta and Issac",5812.0,Restaurant,Private Limited,Chennai,Tamil Nadu,2023-05-05 15:05:33,1748773482,True,Active,,False,False,False,1327.31,False
5426,MCH8678,Dani-Talwar,7011.0,Hotel,Partnership,Lucknow,Uttar Pradesh,2024-07-07 00:00:00,XXXX8500,True,Inactive,393.54,False,False,False,1161.77,False
5023,MCH8679_1,Dutt-Goel,4814.0,Mobile Recharge,Private Limited,Kolkata,West Bengal,2024-08-14 00:00:00,XXXX4631,True,Active,423.15,False,False,False,1108.585,True
5180,MCH8679_2,MANGAL-GOLE,5942.0,Books & Stationery,Private Limited,Jaipur,Rajasthan,2023-11-01 00:00:00,4734640473,True,Active,971.58,False,False,False,1167.225,True
3048,MCH8680,Bhatt-Toor,5311.0,Department Store,Private Limited,Jaipur,Rajasthan,2025-12-02 00:00:00,,False,Active,1399.6,False,False,False,1356.755,False
5355,MCH8681,Suri Ltd,5699.0,Apparel,Partnership,Jalandhar,Punjab,2025-07-19 03:33:54,TFNO3503811861510,True,Active,1034.26,False,False,False,1252.4299999999998,False
3578,MCH8692_1,"Dubey, Nair and Bobal",5812.0,Restaurant,Sole Proprietor,Ludhiana,Punjab,2023-04-17 00:00:00,9956125917,True,Active,2839.54,False,False,False,1327.31,True
1891,MCH8692_2,Singhal-Mane,5999.0,Misc Retail,Partnership,Jalandhar,Punjab,2025-07-24 00:00:00,1479687132,True,Active,1884.81,False,False,False,1276.92,True
1400,MCH8693_1,"Chawla, Goyal and Pau",7011.0,Hotel,Individual,Mumbai,Maharashtra,2024-01-22 00:00:00,,False,Active,818.0,False,False,False,1161.77,True
1705,MCH8693_2,  Mukhopadhyay-Rama  ,,Grocery,Individual,Lucknow,Uttar Pradesh,2024-10-07 22:23:22,XXXX9284,True,Active,406.79,False,False,True,1233.545,True
3901,MCH8697,Karnik Ltd,5999.0,Misc Retail,Sole Proprietor,Hyderabad,Telangana,2023-01-19 11:39:00,ELBE1390395985700,True,Active,353.31,False,False,False,1276.92,False
3656,MCH8698,"Boase, Bal and Mand",5311.0,Department Store,Private Limited,Kolkata,West Bengal,2025-06-13 00:00:00,,False,Active,3054.52,False,False,False,1356.755,False
6126,MCH8703,MODY GROUP,,Misc Retail,Partnership,Hyderabad,Telangana,2023-04-09 03:36:19,XXXX1194,True,Suspended,2908.51,False,True,True,1276.92,False
72,MCH8705_1,"Sahota, Kale and Patil",4131.0,Transportation,Private Limited,Delhi,Delhi,2024-11-10 00:00:00,XXXX9019,True,Active,1127.21,False,False,False,1225.12,True
825,MCH8705_2,"Sankar, Srinivas and Kanda",4814.0,Telecom,Private Limited,Delhi,Delhi,2024-02-05 00:00:00,7251156491,True,Active,,True,False,False,1213.17,True
8,MCH8708,"Mukherjee, Sami and Purohit",5999.0,Misc Retail,Sole Proprietor,Hyderabad,Telangana,2026-01-28 00:00:00,,False,Suspended,2919.92,False,True,False,1276.92,False
1184,MCH8713,"Shere, Loke and Butala",4814.0,Mobile Recharge,Private Limited,Delhi,Delhi,,,False,Inactive,,True,False,False,1108.585,False
2938,MCH8714,GuptaGroup,5912.0,Pharmacy,Sole Proprietor,Pune,Maharashtra,2023-10-08 00:00:00,XXXX2445,True,Inactive,569.38,False,False,False,1300.55,False
449,MCH8715,"Raju,LokeandVora",5999.0,Misc Retail,Partnership,Hyderabad,Telangana,2025-09-14 00:00:00,,False,Active,1332.26,False,False,False,1276.92,False
69,MCH8716,"Naik, Chada and Divan",5999.0,Misc Retail,Private Limited,Ludhiana,Punjab,2023-01-11 00:00:00,EDPS0799008597487,True,Active,225.43,False,False,False,1276.92,False
5116,MCH8718,  Chaudhari-Bhalla  ,5812.0,Restaurant,Individual,Pune,Maharashtra,2024-07-23 04:38:30,,False,Active,,False,False,False,1327.31,False
5108,MCH8719,kala llc,5311.0,Department Store,Individual,Kolkata,West Bengal,2025-10-25 00:00:00,,False,Active,2779.32,False,False,False,1356.755,False
1118,MCH8721,Bera-Chhabra,4131.0,Travel,Sole Proprietor,Lucknow,Uttar Pradesh,2024-08-09 00:00:00,,False,Active,2543.82,False,False,False,1012.28,False
296,MCH8724_1,"Ganesh, Sarin and Gera",5411.0,Grocery,Partnership,Delhi,Delhi,2024-11-20 00:00:00,8119568584,True,Active,639.73,False,False,False,1233.545,True
1050,MCH8724_2,"GOLE, ROY AND KHURANA",5411.0,Grocery,Sole Proprietor,Bengaluru,Karnataka,2024-03-31 00:00:00,XXXX8526,True,Active,926.44,False,False,False,1233.545,True
1068,MCH8724_3,Sethi-Reddy,5411.0,Grocery,Private Limited,Hyderabad,Telangana,2025-04-09 00:00:00,3785181664,True,Closed,425.41,False,False,False,1233.545,True
369,MCH8725_1,Gala Group,7011.0,Hotel,Private Limited,Jaipur,Rajasthan,2024-08-14 22:49:00,PIMP1040686768002,True,Active,7512.0,False,False,False,1161.77,True
3558,MCH8725_2,Ganesan Inc,5411.0,Grocery,Private Limited,Jalandhar,Punjab,2023-02-24 14:18:57,,False,Inactive,,True,False,False,1233.545,True
5764,MCH8725_3,"SHAH, KRISHNA AND BORRA",5699.0,Apparel,Sole Proprietor,Lucknow,Uttar Pradesh,2024-02-15 00:00:00,,False,Active,,True,False,False,1252.4299999999998,True
710,MCH8726,Rast0gi-Saini,5999.0,Misc Retail,Partnership,Ludhiana,Punjab,,5579571324,True,Active,4900.29,False,False,False,1276.92,False
3916,MCH8727,Vig-Mann,5999.0,Misc Retail,Partnership,Delhi,Delhi,,PYLB7387354028266,True,Active,157.65,False,False,False,1276.92,False
800,MCH8729,"Chowdhury, Krishnamurthy and Parekh",5942.0,Books & Stationery,Private Limited,Kolkata,West Bengal,2024-02-07 00:00:00,7331970917,True,Active,870.42,False,False,False,1167.225,False
1784,MCH8730_1,  Banerjee-Kapoor  ,5942.0,Books & Stationery,Sole Proprietor,Amritsar,Punjab,,CQGQ8537716696051,True,Active,2386.59,False,False,False,1167.225,True
277,MCH8730_2,"Bhasin, Mall and Sarraf",5999.0,Misc Retail,Private Limited,Jalandhar,Punjab,2025-02-13 00:00:00,XXXX3406,True,Active,937.7,False,False,False,1276.92,True
4770,MCH8733,"Dhillon, Goel and Dar",4814.0,Telecom,Sole Proprietor,Kolkata,West Bengal,2024-03-27 19:48:14,XXXX9551,True,Active,,True,False,False,1213.17,False
3142,MCH8734,"Ganguly, Hayre and Choudhury",4814.0,Telecom,Sole Proprietor,Lucknow,Uttar Pradesh,2023-05-05 00:00:00,8075659044,True,Active,4276.72,False,False,False,1213.17,False
2765,MCH8735_1,"Chhabra, Kunda and Sem",4814.0,Mobile Recharge,Partnership,Jalandhar,Punjab,2025-09-18 00:00:00,DZIA5449518052658,True,Active,1589.68,False,False,False,1108.585,True
5018,MCH8735_2,Ha1der-Mane,5411.0,Grocery,Partnership,Pune,Maharashtra,2023-04-12 04:45:53,PJBJ0308854019653,True,Active,7303.0,False,False,False,1233.545,True
5156,MCH8736_1,Dora-Sachar,5311.0,Department Store,Private Limited,Mumbai,Maharashtra,2024-10-11 13:06:21,XXXX8019,True,Active,2228.33,False,False,False,1356.755,True
2195,MCH8736_2,Mitter-Sura,,Restaurant,Individual,Jalandhar,Punjab,2023-07-22 00:00:00,XXXX0698,True,Active,801.85,False,False,True,1327.31,True
1815,MCH8741_1,Swaminathan-Kakar,4814.0,Telecom,Sole Proprietor,Kolkata,West Bengal,2024-08-17 15:49:00,7135208273,True,Active,8897.16,False,False,False,1213.17,True
3892,MCH8741_2,VenkateshGroup,5411.0,Grocery,Private Limited,Ludhiana,Punjab,2024-08-03 03:48:35,,False,Active,1511.0,False,False,False,1233.545,True
559,MCH8744,Prashad LLC,5942.0,Books & Stationery,Individual,Jalandhar,Punjab,2025-03-31 16:57:30,WWJH8069949347893,True,Active,3282.54,False,False,False,1167.225,False
2389,MCH8746,  Kari Inc  ,5912.0,Pharmacy,Partnership,Pune,Maharashtra,2024-11-10 07:16:00,XXXX5648,True,Active,,False,False,False,1300.55,False
1312,MCH8749,"  Tara, Parmer and Walla  ",4131.0,Travel,Private Limited,Kolkata,West Bengal,2025-06-19 00:00:00,BWRP8229942592433,True,Closed,584.1,False,False,False,1012.28,False
933,MCH8750_1,"Bawa, Chatterjee and Sathe",7011.0,Hotel,Individual,Ludhiana,Punjab,2025-11-30 21:13:53,2442042302,True,Active,3120.06,False,False,False,1161.77,True
3271,MCH8750_2,NAIR LTD,5699.0,Apparel,Individual,Jaipur,Rajasthan,2024-03-22 00:00:00,,False,Active,3874.0,False,False,False,1252.4299999999998,True
746,MCH8753,"Bhandari, Trivedi and Bora",4131.0,Travel,Partnership,Hyderabad,Telangana,2024-12-27 13:54:54,,False,Inactive,718.79,False,False,False,1012.28,False
1587,MCH8755_1,"Biswas, Divan and Sachdeva",7011.0,Hotel,Private Limited,Chennai,Tamil Nadu,2025-07-25 09:26:00,1014752136,True,Inactive,2277.32,False,False,False,1161.77,True
279,MCH8755_2,  Guha-Dara  ,5999.0,Misc Retail,Sole Proprietor,Amritsar,Punjab,2023-08-07 00:00:00,,False,Active,3411.15,False,False,False,1276.92,True
309,MCH8756,Warrior Inc,5699.0,Apparel,Private Limited,Jalandhar,Punjab,2023-10-04 00:00:00,9910438985,True,Active,1476.03,False,False,False,1252.4299999999998,False
4801,MCH8761_1,chokshi llc,7011.0,Hotel,Individual,Hyderabad,Telangana,2025-01-12 06:08:00,9822762385,True,Active,963.43,False,False,False,1161.77,True
950,MCH8761_2,Pal LLC,5999.0,Misc Retail,Private Limited,Ludhiana,Punjab,,,False,Active,759.79,False,False,False,1276.92,True
3694,MCH8762,Dani-Saha,4131.0,Transportation,Partnership,Kolkata,West Bengal,,,False,Active,778.15,False,False,False,1225.12,False
3025,MCH8765,"Kamdar, Sehgal and Tata",5411.0,Grocery,Partnership,Delhi,Delhi,2025-01-06 00:00:00,XXXX8883,True,Active,4863.17,False,False,False,1233.545,False
1502,MCH8766,Shanker Ltd,5912.0,Pharmacy,Sole Proprietor,Chennai,Tamil Nadu,2025-07-02 00:00:00,LBCS6149751072464,True,Active,801.0,False,False,False,1300.55,False
6047,MCH8767,Golla Group,5699.0,Apparel,Sole Proprietor,Hyderabad,Telangana,2023-11-05 00:00:00,,False,Active,397.99,False,False,False,1252.4299999999998,False
2402,MCH8768_1,"GARDE, MOHAN AND SRIDHAR",5311.0,Department Store,Individual,Kolkata,West Bengal,2024-05-12 00:00:00,,False,Suspended,1569.36,False,True,False,1356.755,True
3032,MCH8768_2,kata-bajwa,5999.0,Misc Retail,Partnership,Chennai,Tamil Nadu,2023-09-16 08:38:57,7445884693,True,Active,1033.9,False,False,False,1276.92,True
4605,MCH8768_3,"Rout, Dixit and Malhotra",7011.0,Hotel,Private Limited,Jalandhar,Punjab,2024-06-05 00:00:00,,False,Inactive,556.74,False,False,False,1161.77,True
5807,MCH8769,Dara-Keer,5912.0,Pharmacy,Private Limited,Jaipur,Rajasthan,2024-12-29 11:46:00,,False,Active,637.83,False,False,False,1300.55,False
1586,MCH8770,Mani-Mutti,5999.0,Misc Retail,Sole Proprietor,Delhi,Delhi,2023-04-07 00:00:00,XXXX8061,True,Active,379.0,False,False,False,1276.92,False
1867,MCH8775,Bakshi-Shah,5699.0,Apparel,Partnership,Delhi,Delhi,2025-07-09 07:17:12,,False,Active,480.13,False,False,False,1252.4299999999998,False
3576,MCH8777,Kibe PLC,7011.0,Hotel,Partnership,Mumbai,Maharashtra,2023-06-16 00:00:00,3399976956,True,Inactive,1945.67,False,False,False,1161.77,False
5507,MCH8779,Tak-Wali,5812.0,Restaurant,Individual,Bengaluru,Karnataka,2024-01-24 00:00:00,3182666424,True,Active,206.0,False,False,False,1327.31,False
2133,MCH8781,Gade PLC,5912.0,Pharmacy,Private Limited,Mumbai,Maharashtra,2023-02-27 16:50:53,,False,Active,714.3,False,False,False,1300.55,False
245,MCH8782,SWAMY-KHURANA,5699.0,Apparel,Sole Proprietor,Amritsar,Punjab,2025-04-29 00:00:00,,False,Active,1314.55,False,False,False,1252.4299999999998,False
1228,MCH8784,"Iyengar, Savant and Sehgal",4131.0,Transportation,Private Limited,Mumbai,Maharashtra,2024-01-12 00:00:00,,False,Active,575.0,False,False,False,1225.12,False
3172,MCH8789,"Pingle,NadigandNarula",5812.0,Restaurant,Individual,Ludhiana,Punjab,2025-02-07 00:00:00,3828234177,True,Active,,True,False,False,1327.31,False
2320,MCH8790,Thaman-Singh,5912.0,Pharmacy,Individual,Kolkata,West Bengal,2024-02-04 00:00:00,,False,Active,,False,False,False,1300.55,False
3760,MCH8792_1,CHOPRA-NORI,5699.0,Apparel,Private Limited,Lucknow,Uttar Pradesh,2025-01-09 00:00:00,XXXX7970,True,Active,,True,False,False,1252.4299999999998,True
2138,MCH8792_2,NagarLLC,5411.0,Grocery,Sole Proprietor,Jaipur,Rajasthan,2025-01-22 21:40:00,4320527012,True,Active,,False,False,False,1233.545,True
1039,MCH8794_1,"Mandal, Dalal and Sane",4131.0,Transportation,Partnership,Pune,Maharashtra,2025-02-27 00:00:00,,False,Closed,10132.54,False,False,False,1225.12,True
4431,MCH8794_2,Mani-Zachariah,5411.0,Grocery,Partnership,Bengaluru,Karnataka,2026-01-04 01:33:25,AKYW5964261838493,True,Inactive,6393.53,False,False,False,1233.545,True
5853,MCH8795,basak-bhavsar,5942.0,Books & Stationery,Sole Proprietor,Jaipur,Rajasthan,2024-03-15 00:00:00,XXXX0185,True,Inactive,243.16,False,False,False,1167.225,False
5362,MCH8798_1,Ch0wdhury-Su1e,5311.0,Department Store,Individual,Jalandhar,Punjab,2024-12-28 02:38:26,CPUC4526229447155,True,Active,207.92,False,False,False,1356.755,True
4158,MCH8798_2,"Taneja, Maharaj and Sa1vi",5942.0,Books & Stationery,Partnership,Mumbai,Maharashtra,,,False,Suspended,2125.0,False,True,False,1167.225,True
1365,MCH8799_1,"  Dada, Ramaswamy and Dugal  ",5942.0,Books & Stationery,Private Limited,Hyderabad,Telangana,2023-04-09 00:00:00,STYQ1453146869201,True,Suspended,2080.34,False,True,False,1167.225,True
2603,MCH8799_2,"Tailor,RattiandAnne",5912.0,Pharmacy,Sole Proprietor,Kolkata,West Bengal,2023-03-13 00:00:00,XXXX2356,True,Suspended,1556.57,False,True,False,1300.55,True
5246,MCH8801,BEDI INC,5912.0,Pharmacy,Sole Proprietor,Lucknow,Uttar Pradesh,2024-08-11 00:00:00,XXXX1264,True,Active,3479.49,False,False,False,1300.55,False
2059,MCH8805,bose inc,5699.0,Apparel,Individual,Ludhiana,Punjab,2024-07-10 00:00:00,,False,Active,6022.98,False,False,False,1252.4299999999998,False
131,MCH8808,"  Kothari, Bansal and Gupta  ",,Books & Stationery,Individual,Bengaluru,Karnataka,2025-09-19 01:30:00,9868014892,True,Active,380.0,False,False,True,1167.225,False
207,MCH8809_1,"Doshi, Ghose and Amble",5411.0,Grocery,Individual,Mumbai,Maharashtra,,,False,Active,3965.67,False,False,False,1233.545,True
2163,MCH8809_2,Narasimhan-Sem,,Mobile Recharge,Individual,Jalandhar,Punjab,2023-02-05 00:00:00,,False,Inactive,2118.31,False,False,True,1108.585,True
3084,MCH8811,Bobal LLC,5999.0,Misc Retail,Partnership,Hyderabad,Telangana,2023-12-18 00:00:00,4729552126,True,Active,1645.76,False,False,False,1276.92,False
3115,MCH8813,Dey-Dua,5812.0,Restaurant,Partnership,Hyderabad,Telangana,2023-11-10 00:00:00,7101082372,True,Active,1432.39,False,False,False,1327.31,False
1519,MCH8817,SawhneyLtd,7011.0,Hotel,Individual,Pune,Maharashtra,,,False,Inactive,495.07,False,False,False,1161.77,False
5395,MCH8819,AcharyaInc,5912.0,Pharmacy,Private Limited,Ludhiana,Punjab,2024-02-27 00:00:00,XXXX4379,True,Active,2075.22,False,False,False,1300.55,False
1807,MCH8820_1,Mistry Group,5812.0,Restaurant,Partnership,Kolkata,West Bengal,2025-10-19 00:00:00,VDFR2877623309973,True,Active,1132.45,False,False,False,1327.31,True
1041,MCH8820_2,"Sarkar, Arya and Chand",4131.0,Transportation,Private Limited,Ludhiana,Punjab,2024-12-07 00:00:00,XXXX8518,True,Active,3994.88,False,False,False,1225.12,True
2923,MCH8821,MUKHOPADHYAY-CHERIAN,5812.0,Restaurant,Sole Proprietor,Jalandhar,Punjab,2023-11-26 00:00:00,2404954167,True,Active,703.03,False,False,False,1327.31,False
1640,MCH8823,SUBRAMANIAN INC,5699.0,Apparel,Partnership,Mumbai,Maharashtra,2024-01-31 00:00:00,XXXX6614,True,Suspended,523.43,False,True,False,1252.4299999999998,False
2709,MCH8824,Mani PLC,5999.0,Misc Retail,Individual,Hyderabad,Telangana,2024-02-22 00:00:00,0602443496,True,Active,1314.9,False,False,False,1276.92,False
3475,MCH8825,"mandal, chaudhari and savant",5699.0,Apparel,Individual,Jalandhar,Punjab,2025-07-27 00:00:00,8501342789,True,Active,1817.3,False,False,False,1252.4299999999998,False
1352,MCH8826,Mallick-Dasgupta,5311.0,Department Store,Private Limited,Jalandhar,Punjab,2023-02-09 07:13:10,2382228031,True,Active,1719.24,False,False,False,1356.755,False
5352,MCH8828,RANGANATHAN AND SONS,4131.0,Travel,Individual,Amritsar,Punjab,2026-01-02 04:46:18,,False,Active,,False,False,False,1012.28,False
681,MCH8832_1,Gour Ltd,5942.0,Books & Stationery,Individual,Pune,Maharashtra,2024-10-19 08:26:23,9524602047,True,Active,,False,False,False,1167.225,True
5644,MCH8832_2,KALA LLC,,Telecom,Individual,Hyderabad,Telangana,2025-10-12 00:00:00,XXXX8743,True,Active,292.25,False,False,True,1213.17,True
1745,MCH8832_3,"Korpal, Dugar and Grover",5411.0,Grocery,Individual,Ludhiana,Punjab,2025-10-27 07:47:00,XXXX3528,True,Active,2140.7,False,False,False,1233.545,True
5952,MCH8835,"Natarajan, Hegde and Varughese",5999.0,Misc Retail,Sole Proprietor,Mumbai,Maharashtra,2025-08-04 15:21:00,FGCL8739381455039,True,Active,523.96,False,False,False,1276.92,False
4023,MCH8837,Tata-Rajagopal,5411.0,Grocery,Partnership,Ludhiana,Punjab,2023-09-03 00:00:00,,False,Suspended,2586.19,False,True,False,1233.545,False
1749,MCH8838,"KALA, SIDHU AND KURUVILLA",5912.0,Pharmacy,Partnership,Chennai,Tamil Nadu,2023-02-11 00:00:00,,False,Inactive,593.62,False,False,False,1300.55,False
2526,MCH8840,Chatterjee and Sons,5311.0,Retail,Individual,Pune,Maharashtra,2024-09-26 02:57:00,,False,Active,1208.62,False,False,False,1126.42,False
615,MCH8842,"Bala, Pillai and Kala",5999.0,Misc Retail,Partnership,Amritsar,Punjab,2023-04-23 00:00:00,XXXX1658,True,Suspended,,False,True,False,1276.92,False
5890,MCH8844_1,Bains PLC,,Restaurant,Individual,Delhi,Delhi,2023-08-25 11:37:14,,False,Active,1442.98,False,False,True,1327.31,True
1624,MCH8844_2,"Lad, Walia and Raj",5912.0,Pharmacy,Individual,Ludhiana,Punjab,2025-11-26 00:00:00,5044649266,True,Active,,False,False,False,1300.55,True
1415,MCH8845,Varkey-Jha,,Misc Retail,Partnership,Kolkata,West Bengal,2024-01-03 05:26:00,,False,Active,5630.04,False,False,True,1276.92,False
4881,MCH8850,"  Sachdev, Nayar and Arora  ",5411.0,Grocery,Partnership,Ludhiana,Punjab,2025-04-07 03:43:08,,False,Suspended,,False,True,False,1233.545,False
1303,MCH8851,"  Kanda, Kohli and Thaman  ",5812.0,Restaurant,Sole Proprietor,Jalandhar,Punjab,,,False,Suspended,5573.07,False,True,False,1327.31,False
4114,MCH8852,Bali-Hora,,Pharmacy,Individual,Delhi,Delhi,2024-07-09 00:00:00,,False,Active,2821.74,False,False,True,1300.55,False
267,MCH8854_1,Kohli-Aurora,4131.0,Transportation,Private Limited,Chennai,Tamil Nadu,2023-12-04 00:00:00,XXXX8113,True,Active,,True,False,False,1225.12,True
2418,MCH8854_2,Sabharwal-Mitter,,Hotel,Sole Proprietor,Jaipur,Rajasthan,2023-12-01 17:23:56,,False,Active,1003.79,False,False,True,1161.77,True
920,MCH8855,"Rau, Dua and Nadkarni",5411.0,Grocery,Private Limited,Ludhiana,Punjab,2025-06-06 02:15:00,5829674472,True,Active,2893.79,False,False,False,1233.545,False
1285,MCH8861,Prashad and Sons,5999.0,Misc Retail,Individual,Chennai,Tamil Nadu,,XXXX5366,True,Active,,False,False,False,1276.92,False
963,MCH8863,Sastry PLC,4814.0,Telecom,Individual,Pune,Maharashtra,2024-03-08 00:00:00,,False,Active,,False,False,False,1213.17,False
6108,MCH8864,Lala-Ben,5912.0,Pharmacy,Individual,Ludhiana,Punjab,2025-12-28 05:23:00,,False,Active,869.2,False,False,False,1300.55,False
2218,MCH8865,Wali-Yogi,5942.0,Books & Stationery,Partnership,Pune,Maharashtra,,ADDY9100060907565,True,Active,1783.0,False,False,False,1167.225,False
1670,MCH8869,Tella-Roy,5912.0,Pharmacy,Sole Proprietor,Ludhiana,Punjab,2025-05-17 00:00:00,3757131975,True,Active,618.72,False,False,False,1300.55,False
2688,MCH8870_1,Sandhu Inc,,Apparel,Private Limited,Ludhiana,Punjab,2023-02-14 00:00:00,,False,Inactive,,False,False,True,1252.4299999999998,True
5314,MCH8870_2,Solanki-Cherian,4131.0,Transportation,Partnership,Kolkata,West Bengal,2025-07-04 00:00:00,HJDK9008014525015,True,Active,1597.0,False,False,False,1225.12,True
5207,MCH8873,"Pathak, Bath and Kant",4131.0,Transportation,Partnership,Pune,Maharashtra,2025-06-11 00:00:00,,False,Active,2212.3,False,False,False,1225.12,False
395,MCH8876_1,Apte and Sons,5812.0,Restaurant,Partnership,Kolkata,West Bengal,2024-02-03 09:35:16,,False,Active,2620.0,False,False,False,1327.31,True
2502,MCH8876_2,Narayanan and Sons,5942.0,Books & Stationery,Individual,Bengaluru,Karnataka,2025-12-10 00:00:00,XXXX5207,True,Inactive,2065.28,False,False,False,1167.225,True
5213,MCH8876_3,  Rai LLC  ,4131.0,Travel,Sole Proprietor,Mumbai,Maharashtra,2025-02-17 00:00:00,MDBH5898755219705,True,Active,1825.17,False,False,False,1012.28,True
1924,MCH8878,  Kashyap-Behl  ,7011.0,Hotel,Sole Proprietor,Kolkata,West Bengal,2023-07-21 00:00:00,,False,Active,228.35,False,False,False,1161.77,False
3598,MCH8879,  Raju and Sons  ,,Pharmacy,Sole Proprietor,Lucknow,Uttar Pradesh,2023-08-30 05:18:50,,False,Active,906.0,False,False,True,1300.55,False
1437,MCH8880_1,Bava Group,,Hotel,Sole Proprietor,Bengaluru,Karnataka,2025-12-01 16:40:00,,False,Inactive,3216.0,False,False,True,1161.77,True
2582,MCH8880_2,Hayer-Walia,4131.0,Transportation,Partnership,Jalandhar,Punjab,2023-04-08 11:08:14,,False,Active,2616.91,False,False,False,1225.12,True
4198,MCH8884,"Dubey, Srinivasan and Pillai",,Books & Stationery,Sole Proprietor,Chennai,Tamil Nadu,2023-07-03 00:00:00,,False,Active,,False,False,True,1167.225,False
914,MCH8885,"Dhawan,DevanandChokshi",5699.0,Apparel,Individual,Delhi,Delhi,2025-09-12 04:35:13,,False,Active,,False,False,False,1252.4299999999998,False
434,MCH8889,"Mahal, Edwin and Dasgupta",5699.0,Apparel,Sole Proprietor,Pune,Maharashtra,2023-03-26 00:00:00,,False,Suspended,,True,True,False,1252.4299999999998,False
3739,MCH8890_1,Halder Inc,7011.0,Hotel,Private Limited,Lucknow,Uttar Pradesh,2026-01-15 00:00:00,XXXX3843,True,Suspended,2352.14,False,True,False,1161.77,True
3373,MCH8890_2,"Kumar, Yogi and Seshadri",5999.0,Misc Retail,Sole Proprietor,Lucknow,Uttar Pradesh,2025-12-01 18:31:00,,False,Active,535.53,False,False,False,1276.92,True
4317,MCH8890_3,Mane-Sheth,5999.0,Misc Retail,Individual,Jaipur,Rajasthan,,XXXX2596,True,Inactive,,True,False,False,1276.92,True
4722,MCH8891,"Natt,ManeandPau",,Telecom,Private Limited,Mumbai,Maharashtra,2025-03-13 09:17:17,6087577130,True,Active,1140.0,False,False,True,1213.17,False
5323,MCH8893,Anand-Dada,5411.0,Grocery,Private Limited,Delhi,Delhi,2023-02-15 00:00:00,,False,Active,598.72,False,False,False,1233.545,False
5030,MCH8895,Chakraborty-Apte,7011.0,Hotel,Sole Proprietor,Jalandhar,Punjab,2023-05-04 01:45:30,8501954276,True,Active,2412.11,False,False,False,1161.77,False
1138,MCH8896_1,"Luthra, Kata and Bansal",5812.0,Restaurant,Private Limited,Jaipur,Rajasthan,2025-09-18 00:00:00,,False,Active,,False,False,False,1327.31,True
1920,MCH8896_2,Savant PLC,5411.0,Grocery,Individual,Ludhiana,Punjab,2023-08-20 12:44:00,UQGT6646060473971,True,Active,2636.98,False,False,False,1233.545,True
665,MCH8896_3,Yadav-Padmanabhan,4131.0,Transportation,Private Limited,Hyderabad,Telangana,2024-02-05 00:00:00,XXXX8367,True,Active,1243.9,False,False,False,1225.12,True
1967,MCH8899,bedi and sons,5699.0,Apparel,Private Limited,Kolkata,West Bengal,2025-02-25 00:00:00,XXXX6442,True,Suspended,,False,True,False,1252.4299999999998,False
4515,MCH8900_1,Murthy-Vala,5699.0,Apparel,Partnership,Kolkata,West Bengal,2024-09-27 00:00:00,PZJY7011608000971,True,Active,314.81,False,False,False,1252.4299999999998,True
604,MCH8900_2,Nadkarni-Khare,5812.0,Restaurant,Individual,Lucknow,Uttar Pradesh,2025-06-11 00:00:00,ORVR2313413068698,True,Closed,1349.0,False,False,False,1327.31,True
4458,MCH8901_1,Narasimhan and Sons,4814.0,Mobile Recharge,Private Limited,Amritsar,Punjab,2024-04-01 05:23:00,3421072904,True,Active,772.61,False,False,False,1108.585,True
2189,MCH8901_2,  Raghavan-Bhavsar  ,5912.0,Pharmacy,Private Limited,Jalandhar,Punjab,2023-12-13 16:08:56,,False,Inactive,2886.4,False,False,False,1300.55,True
1021,MCH8902,Sabharwal Ltd,5411.0,Grocery,Sole Proprietor,Amritsar,Punjab,2024-12-27 00:00:00,8958186574,True,Active,,True,False,False,1233.545,False
1001,MCH8903,Keer-Sagar,5411.0,Grocery,Partnership,Lucknow,Uttar Pradesh,2024-09-16 00:00:00,,False,Active,841.61,False,False,False,1233.545,False
4256,MCH8909,"PALAN, WALI AND WAGLE",5999.0,Misc Retail,Individual,Delhi,Delhi,,AMLI0055772138931,True,Active,1366.3,False,False,False,1276.92,False
4073,MCH8910_1,Hayer-Mandal,5411.0,Grocery,Sole Proprietor,Ludhiana,Punjab,,XXXX1730,True,Active,597.8,False,False,False,1233.545,True
1872,MCH8910_2,"Sinha, Sen and Mander",4814.0,Telecom,Private Limited,Delhi,Delhi,2023-09-01 00:00:00,,False,Active,,False,False,False,1213.17,True
5298,MCH8910_3,Varkey Group,5912.0,Pharmacy,Individual,Ludhiana,Punjab,2025-02-07 02:32:41,XXXX9985,True,Active,9929.86,False,False,False,1300.55,True
4585,MCH8911,Bava LLC,5942.0,Books & Stationery,Sole Proprietor,Hyderabad,Telangana,2025-06-14 08:41:00,,False,Active,3342.77,False,False,False,1167.225,False
2121,MCH8912_1,Chada Ltd,5411.0,Grocery,Partnership,Amritsar,Punjab,2023-09-12 00:00:00,MSHJ5068707529037,True,Active,1015.47,False,False,False,1233.545,True
843,MCH8912_2,Nagar PLC,5942.0,Books & Stationery,Private Limited,Mumbai,Maharashtra,2024-02-17 00:00:00,,False,Active,196.56,False,False,False,1167.225,True
2664,MCH8912_3,"Wable, Sule and Mani",,Apparel,Individual,Hyderabad,Telangana,2023-08-11 03:31:35,,False,Active,510.28,False,False,True,1252.4299999999998,True
4455,MCH8915_1,"  Chadha, Patil and Bose  ",4131.0,Transportation,Sole Proprietor,Jaipur,Rajasthan,2025-10-19 00:00:00,,False,Active,,True,False,False,1225.12,True
192,MCH8915_2,Sur Ltd,5812.0,Restaurant,Individual,Mumbai,Maharashtra,2025-04-08 21:08:00,2079428373,True,Closed,665.18,False,False,False,1327.31,True
2828,MCH8918,Solanki and Sons,,Apparel,Private Limited,Bengaluru,Karnataka,2025-05-17 00:00:00,ITGT2090730500760,True,Active,,False,False,True,1252.4299999999998,False
1821,MCH8919,Parmar Ltd,,Transportation,Private Limited,Bengaluru,Karnataka,2023-12-24 00:00:00,,False,Active,2228.63,False,False,True,1225.12,False
3265,MCH8920,"Parekh, Srivastava and Choudhury",5311.0,Department Store,Private Limited,Delhi,Delhi,2023-12-15 00:00:00,XXXX5523,True,Active,19788.99,False,False,False,1356.755,False
5775,MCH8921,"Palla, Kanda and Kohli",5411.0,Grocery,Individual,Jaipur,Rajasthan,2023-04-01 00:00:00,,False,Inactive,1560.65,False,False,False,1233.545,False
2714,MCH8923_1,Choudhury Group,5912.0,Pharmacy,Individual,Jaipur,Rajasthan,2024-06-12 00:00:00,WVVA0613994696185,True,Inactive,2880.15,False,False,False,1300.55,True
1310,MCH8923_2,Raja-Sur,4131.0,Travel,Individual,Hyderabad,Telangana,2023-05-29 00:00:00,,False,Active,1033.58,False,False,False,1012.28,True
4656,MCH8926_1,Ramesh-Mukhopadhyay,5912.0,Pharmacy,Sole Proprietor,Delhi,Delhi,2024-01-16 00:00:00,3730788940,True,Active,5318.08,False,False,False,1300.55,True
1910,MCH8926_2,Roy-Nagarajan,,Apparel,Sole Proprietor,Pune,Maharashtra,2023-11-05 05:53:00,,False,Inactive,217.41,False,False,True,1252.4299999999998,True
3022,MCH8927,RAJ-KALA,5999.0,Misc Retail,Individual,Delhi,Delhi,2024-04-22 22:45:00,XXXX1023,True,Active,261.67,False,False,False,1276.92,False
627,MCH8928,Deo PLC,4131.0,Transportation,Partnership,Chennai,Tamil Nadu,2024-10-18 05:30:00,XXXX5889,True,Active,1547.93,False,False,False,1225.12,False
4352,MCH8929_1,Nagi-Bala,5311.0,Department Store,Sole Proprietor,Kolkata,West Bengal,2024-12-17 17:24:00,XXXX2967,True,Active,232.0,False,False,False,1356.755,True
644,MCH8929_2,Suri-Toor,,Misc Retail,Individual,Hyderabad,Telangana,,,False,Active,447.0,False,False,True,1276.92,True
5437,MCH8931_1,"Pau, Chatterjee and Deol",7011.0,Hotel,Partnership,Pune,Maharashtra,2024-03-02 00:00:00,,False,Active,1739.01,False,False,False,1161.77,True
5455,MCH8931_2,Ramaswamy-Bhasin,5812.0,Restaurant,Partnership,Hyderabad,Telangana,2024-05-23 00:00:00,,False,Inactive,1406.0,False,False,False,1327.31,True
1192,MCH8932,"Venkatesh, Nayak and Ravel",,Misc Retail,Private Limited,Lucknow,Uttar Pradesh,2023-01-01 00:00:00,STLO0893921270298,True,Active,1585.03,False,False,True,1276.92,False
3385,MCH8933_1,Karpe Inc,5912.0,Pharmacy,Private Limited,Amritsar,Punjab,,UYYR5964634247104,True,Active,2968.0,False,False,False,1300.55,True
3854,MCH8933_2,magar inc,7011.0,Hotel,Sole Proprietor,Lucknow,Uttar Pradesh,2025-03-08 00:00:00,XXXX1861,True,Active,1568.46,False,False,False,1161.77,True
3886,MCH8934_1,Dubey and Sons,5411.0,Grocery,Sole Proprietor,Bengaluru,Karnataka,2025-09-12 05:11:51,,False,Inactive,1359.0,False,False,False,1233.545,True
5756,MCH8934_2,kakar group,5812.0,Restaurant,Sole Proprietor,Ludhiana,Punjab,,WUVU9130782874849,True,Active,1507.45,False,False,False,1327.31,True
5680,MCH8935,tella-bawa,4131.0,Transportation,Individual,Jaipur,Rajasthan,2024-01-13 15:35:49,JHDG3104790925076,True,Active,997.56,False,False,False,1225.12,False
2654,MCH8937,"Mand, Bhatt and Pathak",7011.0,Hotel,Individual,Amritsar,Punjab,2023-06-10 00:00:00,OPXS5269399322215,True,Active,2746.33,False,False,False,1161.77,False
3628,MCH8939,"DHAWAN, KAMDAR AND DALAL",5812.0,Restaurant,Individual,Bengaluru,Karnataka,2023-01-06 17:37:02,0807622113,True,Active,729.0,False,False,False,1327.31,False
954,MCH8941_1,Iyer LLC,,Misc Retail,Sole Proprietor,Ludhiana,Punjab,2023-01-24 23:45:00,EATG9868970979253,True,Active,2580.56,False,False,True,1276.92,True
6189,MCH8941_2,mutti-sharaf,7011.0,Hotel,Sole Proprietor,Bengaluru,Karnataka,2025-01-26 19:23:00,,False,Active,153.27,False,False,False,1161.77,True
2917,MCH8943,Bassi-Dhingra,5942.0,Books & Stationery,Private Limited,Chennai,Tamil Nadu,2024-09-09 00:49:00,,False,Active,774.62,False,False,False,1167.225,False
3969,MCH8944,"Zachariah, Ratta and Contractor",5311.0,Department Store,Private Limited,Hyderabad,Telangana,2024-07-16 13:53:35,0653764901,True,Active,2179.0,False,False,False,1356.755,False
1674,MCH8945_1,"Deol, Pant and Parekh",4814.0,Telecom,Sole Proprietor,Amritsar,Punjab,2026-01-18 00:00:00,,False,Active,707.94,False,False,False,1213.17,True
5518,MCH8945_2,KRISH AND SONS,5912.0,Pharmacy,Partnership,Mumbai,Maharashtra,2024-01-11 00:00:00,XXXX9324,True,Active,411.91,False,False,False,1300.55,True
5835,MCH8945_3,"Sankar, Swamy and Char",5411.0,Grocery,Sole Proprietor,Kolkata,West Bengal,2026-02-26 00:00:00,XXXX4564,True,Active,1329.0,False,False,False,1233.545,True
1391,MCH8949,"Srinivasan,SaxenaandKant",5942.0,Books & Stationery,Private Limited,Bengaluru,Karnataka,,XXXX6857,True,Inactive,1726.82,False,False,False,1167.225,False
1071,MCH8950,Handa Inc,4131.0,Travel,Partnership,Mumbai,Maharashtra,2024-07-31 11:02:32,XXXX9807,True,Active,3860.38,False,False,False,1012.28,False
3788,MCH8951,Golla-Venkataraman,4814.0,Mobile Recharge,Individual,Mumbai,Maharashtra,2023-09-02 00:00:00,2811788004,True,Active,436.83,False,False,False,1108.585,False
1486,MCH8952,"varghese, korpal and dora",5912.0,Pharmacy,Sole Proprietor,Chennai,Tamil Nadu,2024-08-10 00:00:00,,False,Active,987.96,False,False,False,1300.55,False
3270,MCH8953_1,Narayan-Uppal,5912.0,Pharmacy,Private Limited,Ludhiana,Punjab,2025-06-28 10:02:00,AXNQ2993996148384,True,Active,2726.98,False,False,False,1300.55,True
3517,MCH8953_2,Oak Inc,5912.0,Pharmacy,Partnership,Mumbai,Maharashtra,2025-04-18 00:00:00,,False,Active,,True,False,False,1300.55,True
5894,MCH8953_3,Sibal Group,5699.0,Apparel,Partnership,Kolkata,West Bengal,2023-02-28 00:00:00,ZSUM7213589595095,True,Suspended,1723.81,False,True,False,1252.4299999999998,True
1265,MCH8955_1,"  Gade, Venkatesh and Bedi  ",,Misc Retail,Sole Proprietor,Bengaluru,Karnataka,2023-05-13 13:02:00,LWFG7573237346886,True,Active,455.69,False,False,True,1276.92,True
2280,MCH8955_2,Sani LLC,7011.0,Hotel,Private Limited,Chennai,Tamil Nadu,2023-09-26 00:00:00,RSSK2984777812430,True,Active,,True,False,False,1161.77,True
2180,MCH8957_1,Brar-Lanka,5999.0,Misc Retail,Individual,Jalandhar,Punjab,,,False,Active,1494.31,False,False,False,1276.92,True
4279,MCH8957_2,MADAN-KOTHARI,5699.0,Apparel,Sole Proprietor,Ludhiana,Punjab,,XXXX2329,True,Active,934.34,False,False,False,1252.4299999999998,True
5057,MCH8958,Verma-Biswas,5699.0,Apparel,Partnership,Amritsar,Punjab,2023-06-03 14:48:00,,False,Active,7196.61,False,False,False,1252.4299999999998,False
2615,MCH8963,"Aggarwal,NagiandBorde",5411.0,Grocery,Sole Proprietor,Ludhiana,Punjab,2024-01-08 17:56:00,UGNI2119725168826,True,Active,474.91,False,False,False,1233.545,False
5388,MCH8965_1,bajaj ltd,5942.0,Books & Stationery,Individual,Chennai,Tamil Nadu,2025-01-30 07:02:00,XXXX4056,True,Active,326.0,False,False,False,1167.225,True
2657,MCH8965_2,Lal and Sons,,Books & Stationery,Sole Proprietor,Chennai,Tamil Nadu,2025-09-07 00:00:00,,False,Active,,False,False,True,1167.225,True
4243,MCH8966,Talwar PLC,5999.0,Misc Retail,Sole Proprietor,Chennai,Tamil Nadu,2023-07-23 00:00:00,LXSL0666403926452,True,Active,432.95,False,False,False,1276.92,False
1205,MCH8967_1,Kade-Sama,5699.0,Apparel,Partnership,Delhi,Delhi,2023-02-18 00:00:00,,False,Active,,False,False,False,1252.4299999999998,True
5802,MCH8967_2,"KAKAR, MANDAL AND SEHGAL",4814.0,Telecom,Private Limited,Delhi,Delhi,2024-01-26 00:00:00,XXXX8902,True,Active,,True,False,False,1213.17,True
5145,MCH8968_1,"MAJUMDAR, SETTY AND SAHNI",5812.0,Restaurant,Private Limited,Amritsar,Punjab,2026-02-23 13:01:00,,False,Inactive,477.9,False,False,False,1327.31,True
3402,MCH8968_2,"Mukherjee,MorarandDesai",5411.0,Grocery,Individual,Amritsar,Punjab,2023-04-09 00:00:00,,False,Active,8122.94,False,False,False,1233.545,True
5642,MCH8968_3,Sankar-Zachariah,5411.0,Grocery,Individual,Chennai,Tamil Nadu,,VDPY3965638190434,True,Active,7171.02,False,False,False,1233.545,True
1961,MCH8972,VIG INC,5411.0,Grocery,Partnership,Kolkata,West Bengal,2024-08-17 00:00:00,,False,Active,835.08,False,False,False,1233.545,False
3663,MCH8974_1,"  Kota, Varty and Mangal  ",7011.0,Hotel,Individual,Jaipur,Rajasthan,2024-06-27 23:13:00,,False,Active,1353.93,False,False,False,1161.77,True
915,MCH8974_2,"Shukla, Gaba and Sani",5912.0,Pharmacy,Sole Proprietor,Delhi,Delhi,2026-02-15 00:00:00,EPWM9547022186249,True,Active,438.78,False,False,False,1300.55,True
5969,MCH8975,"shanker, kothari and balasubramanian",4814.0,Telecom,Individual,Mumbai,Maharashtra,2025-10-24 08:14:24,,False,Active,,True,False,False,1213.17,False
3077,MCH8976,PRAKASH PLC,5699.0,Apparel,Sole Proprietor,Jalandhar,Punjab,2023-02-15 00:00:00,YWYW3270588037167,True,Suspended,1358.57,False,True,False,1252.4299999999998,False
2273,MCH8978,TalwarandSons,5942.0,Books & Stationery,Sole Proprietor,Mumbai,Maharashtra,2023-05-23 00:00:00,,False,Active,4704.55,False,False,False,1167.225,False
5445,MCH8980_1,"peri, karpe and saraf",,Apparel,Sole Proprietor,Jalandhar,Punjab,2024-10-24 00:00:00,XXXX9158,True,Active,277.5,False,False,True,1252.4299999999998,True
679,MCH8980_2,SIBAL AND SONS,5999.0,Misc Retail,Sole Proprietor,Kolkata,West Bengal,,NSXF9069953614841,True,Active,,True,False,False,1276.92,True
4409,MCH8981,Tara-Sinha,5999.0,Misc Retail,Individual,Bengaluru,Karnataka,2025-10-02 00:00:00,1533662903,True,Active,3617.0,False,False,False,1276.92,False
3557,MCH8982,deo-nath,5812.0,Restaurant,Private Limited,Amritsar,Punjab,2023-07-18 09:15:26,,False,Active,1840.43,False,False,False,1327.31,False
191,MCH8984,Sharma Group,5812.0,Restaurant,Private Limited,Ludhiana,Punjab,2023-06-21 00:00:00,,False,Active,590.58,False,False,False,1327.31,False
2465,MCH8987,Mander LLC,5942.0,Books & Stationery,Private Limited,Pune,Maharashtra,2024-02-02 00:00:00,7115831556,True,Active,881.75,False,False,False,1167.225,False
6204,MCH8988,"Ratti, Rattan and Menon",5942.0,Books & Stationery,Private Limited,Chennai,Tamil Nadu,2026-02-21 19:46:26,XXXX5339,True,Active,1897.88,False,False,False,1167.225,False
850,MCH8990,Konda-Comar,4131.0,Transportation,Private Limited,Bengaluru,Karnataka,2023-05-12 14:14:04,,False,Active,273.69,False,False,False,1225.12,False
517,MCH8994,Shukla-Manne,,Telecom,Partnership,Kolkata,West Bengal,2025-11-22 15:26:14,AOKV6829664383303,True,Active,2951.22,False,False,True,1213.17,False
1307,MCH8995,MAHAJAN GROUP,5999.0,Misc Retail,Partnership,Jalandhar,Punjab,2023-09-12 00:00:00,XXXX2606,True,Active,2967.0,False,False,False,1276.92,False
3664,MCH8996,Bala-Bhalla,,Misc Retail,Private Limited,Lucknow,Uttar Pradesh,2025-08-18 00:00:00,,False,Active,1146.92,False,False,True,1276.92,False
4517,MCH8999_1,  Babu and Sons  ,7011.0,Hotel,Private Limited,Jaipur,Rajasthan,2023-02-19 00:00:00,6301987055,True,Active,1204.0,False,False,False,1161.77,True
839,MCH8999_2,"BORDE, REDDY AND MITAL",4131.0,Transportation,Sole Proprietor,Jalandhar,Punjab,2024-06-30 00:00:00,JAYY6619396625712,True,Active,,True,False,False,1225.12,True
4579,MCH8999_3,"panchal, aurora and kamdar",5311.0,Department Store,Private Limited,Lucknow,Uttar Pradesh,2023-10-25 05:37:20,XXXX8730,True,Active,,False,False,False,1356.755,True
5723,MCH9001_1,Mangat-Sachar,4814.0,Mobile Recharge,Individual,Kolkata,West Bengal,2023-11-09 00:00:00,MHGZ0836129052576,True,Active,805.62,False,False,False,1108.585,True
5294,MCH9001_2,Sangha-Ravi,5912.0,Pharmacy,Individual,Bengaluru,Karnataka,2024-10-17 00:00:00,,False,Active,242.09,False,False,False,1300.55,True
1770,MCH9002,MANNE LTD,,Department Store,Partnership,Amritsar,Punjab,2023-04-11 00:00:00,XXXX2471,True,Active,2336.66,False,False,True,1356.755,False
4290,MCH9004_1,KaurInc,5699.0,Apparel,Partnership,Bengaluru,Karnataka,2023-10-07 00:00:00,XXXX9308,True,Active,1124.44,False,False,False,1252.4299999999998,True
4621,MCH9004_2,"Nigam, Hegde and Sura",5912.0,Pharmacy,Partnership,Hyderabad,Telangana,,,False,Inactive,926.37,False,False,False,1300.55,True
1627,MCH9004_3,Vaidya-Subramanian,,Pharmacy,Private Limited,Ludhiana,Punjab,2025-08-03 19:05:00,UZFO1636955430005,True,Suspended,,True,True,True,1300.55,True
2137,MCH9006,Chopra-Sandhu,5699.0,Apparel,Partnership,Lucknow,Uttar Pradesh,2024-04-03 00:00:00,XXXX5629,True,Active,1365.03,False,False,False,1252.4299999999998,False
5220,MCH9008,"GOUR, AMBLE AND BAKSHI",5411.0,Grocery,Sole Proprietor,Amritsar,Punjab,2024-12-18 18:50:53,NUSH9143769186873,True,Active,1167.35,False,False,False,1233.545,False
3579,MCH9009_1,Badami-Sani,5411.0,Grocery,Individual,Mumbai,Maharashtra,2024-03-31 00:00:00,XXXX8465,True,Active,1732.46,False,False,False,1233.545,True
733,MCH9009_2,"Singhal, Patil and Brar",5311.0,Retail,Private Limited,Jalandhar,Punjab,2026-02-20 19:57:40,7365281036,True,Inactive,1016.03,False,False,False,1126.42,True
5942,MCH9012_1,"Bada1, Saxena and Banik",5912.0,Pharmacy,Sole Proprietor,Chennai,Tamil Nadu,2023-04-06 00:00:00,BQEZ6789281493194,True,Active,275.88,False,False,False,1300.55,True
2950,MCH9012_2,"Goel, Devan and Grover",5411.0,Grocery,Sole Proprietor,Amritsar,Punjab,2025-09-16 06:09:00,7133638417,True,Inactive,603.58,False,False,False,1233.545,True
2211,MCH9012_3,nagy-master,5999.0,Misc Retail,Private Limited,Mumbai,Maharashtra,2023-01-10 02:07:00,XXXX7097,True,Suspended,297.61,False,True,False,1276.92,True
4776,MCH9014,Konda-Ram,4814.0,Telecom,Sole Proprietor,Ludhiana,Punjab,2025-08-15 00:00:00,,False,Active,485.94,False,False,False,1213.17,False
3915,MCH9015,PRASHAD INC,5812.0,Restaurant,Sole Proprietor,Chennai,Tamil Nadu,2025-08-05 00:00:00,ZMCX8700350444666,True,Active,787.45,False,False,False,1327.31,False
1342,MCH9016,Upadhyay-Sethi,4814.0,Telecom,Partnership,Mumbai,Maharashtra,2025-07-27 08:59:26,XXXX7823,True,Active,764.46,False,False,False,1213.17,False
2552,MCH9018_1,TAK PLC,5999.0,Misc Retail,Partnership,Amritsar,Punjab,2023-11-25 00:00:00,,False,Active,354.66,False,False,False,1276.92,True
4611,MCH9018_2,Zacharia and Sons,5942.0,Books & Stationery,Individual,Bengaluru,Karnataka,2024-03-06 00:00:00,,False,Active,594.92,False,False,False,1167.225,True
5225,MCH9021_1,Dubey PLC,4814.0,Telecom,Private Limited,Jaipur,Rajasthan,2023-10-03 00:00:00,DCIU7751773884205,True,Inactive,214.99,False,False,False,1213.17,True
4337,MCH9021_2,Sandhu-Jayaraman,5311.0,Department Store,Private Limited,Delhi,Delhi,,,False,Active,1258.68,False,False,False,1356.755,True
5330,MCH9022,"Kunda,DugarandKari",5699.0,Apparel,Individual,Amritsar,Punjab,2026-01-24 00:00:00,,False,Active,1439.0,False,False,False,1252.4299999999998,False
3731,MCH9027,"Dani, Soni and Nagy",7011.0,Hotel,Partnership,Jalandhar,Punjab,2023-10-26 00:00:00,XXXX0115,True,Active,,True,False,False,1161.77,False
1013,MCH9029,Hayre and Sons,5311.0,Retail,Individual,Amritsar,Punjab,2025-11-19 00:00:00,,False,Active,,False,False,False,1126.42,False
6141,MCH9032,Johal-Vaidya,5311.0,Department Store,Partnership,Mumbai,Maharashtra,2023-07-06 06:53:00,,False,Active,821.89,False,False,False,1356.755,False
3757,MCH9035,Merchant PLC,5411.0,Grocery,Private Limited,Jaipur,Rajasthan,2023-02-04 00:00:00,UCPE5658691269773,True,Active,,True,False,False,1233.545,False
2543,MCH9036_1,Banerjee-Shenoy,5912.0,Pharmacy,Sole Proprietor,Pune,Maharashtra,2025-11-19 00:00:00,,False,Active,1613.75,False,False,False,1300.55,True
1728,MCH9036_2,CHERIAN LLC,5699.0,Apparel,Sole Proprietor,Ludhiana,Punjab,2023-05-17 18:31:08,XXXX5926,True,Active,928.81,False,False,False,1252.4299999999998,True
1671,MCH9037,Varty-Vaidya,4131.0,Transportation,Private Limited,Jalandhar,Punjab,2023-04-17 21:34:00,XXXX4749,True,Active,2383.02,False,False,False,1225.12,False
167,MCH9038_1,"Dara, Pai and Saxena",,Apparel,Sole Proprietor,Ludhiana,Punjab,2024-04-18 00:00:00,0739300438,True,Active,2740.86,False,False,True,1252.4299999999998,True
3220,MCH9038_2,DarGroup,5942.0,Books & Stationery,Sole Proprietor,Amritsar,Punjab,2024-02-06 00:00:00,PWGC8781462428260,True,Active,1037.27,False,False,False,1167.225,True
3753,MCH9038_3,NAIDU GROUP,4131.0,Transportation,Private Limited,Mumbai,Maharashtra,2024-12-07 00:00:00,,False,Active,225.16,False,False,False,1225.12,True
4445,MCH9040,  Sharma-Dubey  ,,Books & Stationery,Sole Proprietor,Jaipur,Rajasthan,2023-06-25 10:52:00,XXXX1697,True,Active,573.1,False,False,True,1167.225,False
3868,MCH9041,Kade-Sahota,4131.0,Transportation,Individual,Pune,Maharashtra,,8030172107,True,Active,2738.21,False,False,False,1225.12,False
2851,MCH9043,Setty and Sons,7011.0,Hotel,Partnership,Pune,Maharashtra,2024-02-10 00:00:00,,False,Active,3323.0,False,False,False,1161.77,False
3884,MCH9045,"  Kaul, Sethi and Vaidya  ",4814.0,Telecom,Partnership,Bengaluru,Karnataka,,6906668934,True,Inactive,1488.0,False,False,False,1213.17,False
4148,MCH9048_1,Kalla PLC,5812.0,Restaurant,Partnership,Jalandhar,Punjab,2023-09-18 04:32:57,,False,Active,544.22,False,False,False,1327.31,True
3798,MCH9048_2,Sastry-Prakash,,Restaurant,Private Limited,Pune,Maharashtra,2023-02-01 00:00:00,,False,Suspended,469.83,False,True,True,1327.31,True
1402,MCH9049_1,Babu-Bali,5812.0,Restaurant,Individual,Bengaluru,Karnataka,2023-02-07 10:16:00,4401897773,True,Active,2337.3,False,False,False,1327.31,True
2439,MCH9049_2,"Badami, Pathak and Murty",5912.0,Pharmacy,Partnership,Pune,Maharashtra,2023-03-10 00:00:00,XXXX1304,True,Active,,True,False,False,1300.55,True
1992,MCH9050_1,Bali Ltd,4131.0,Transportation,Individual,Jalandhar,Punjab,2025-06-01 00:00:00,8040024958,True,Suspended,847.23,False,True,False,1225.12,True
6094,MCH9050_2,"Oza, Shukla and Chandra",7011.0,Hotel,Individual,Jalandhar,Punjab,2024-05-12 00:00:00,XXXX1789,True,Active,2974.94,False,False,False,1161.77,True
782,MCH9051,"Gara, Keer and Padmanabhan",4814.0,Telecom,Sole Proprietor,Bengaluru,Karnataka,2023-07-16 00:00:00,XXXX6304,True,Active,1715.14,False,False,False,1213.17,False
4883,MCH9052,ramaswamy-chhabra,,Books & Stationery,Partnership,Mumbai,Maharashtra,2024-11-10 00:00:00,,False,Active,,True,False,True,1167.225,False
1614,MCH9056,"Misra, Kalita and Kapur",5942.0,Books & Stationery,Private Limited,Lucknow,Uttar Pradesh,2023-06-17 00:00:00,0830352688,True,Active,497.59,False,False,False,1167.225,False
2863,MCH9057,Dayal Ltd,,Books & Stationery,Partnership,Jaipur,Rajasthan,2024-10-11 00:00:00,TJAX1540713634286,True,Active,728.46,False,False,True,1167.225,False
5908,MCH9059,Shroff Ltd,5311.0,Department Store,Private Limited,Jalandhar,Punjab,2023-07-18 00:00:00,,False,Active,399.71,False,False,False,1356.755,False
5334,MCH9060,"RAMASWAMY, SINGHAL AND DEEP",5999.0,Misc Retail,Individual,Mumbai,Maharashtra,2023-01-01 00:00:00,,False,Active,1011.0,False,False,False,1276.92,False
887,MCH9063,"Bhatt, Sabharwal and Devi",5699.0,Apparel,Sole Proprietor,Kolkata,West Bengal,2023-09-10 00:00:00,XXXX6663,True,Inactive,,False,False,False,1252.4299999999998,False
2272,MCH9067_1,Boase-Sule,5942.0,Books & Stationery,Individual,Jalandhar,Punjab,2025-09-06 00:00:00,,False,Active,1045.82,False,False,False,1167.225,True
3572,MCH9067_2,Korpal-Som,4814.0,Telecom,Private Limited,Amritsar,Punjab,2024-10-04 00:00:00,5383470268,True,Inactive,1246.81,False,False,False,1213.17,True
2349,MCH9068_1,Halder PLC,5699.0,Apparel,Private Limited,Jalandhar,Punjab,2023-10-08 00:00:00,3161253540,True,Active,5193.72,False,False,False,1252.4299999999998,True
1541,MCH9068_2,Rege-Rao,,Hotel,Private Limited,Delhi,Delhi,2023-03-09 00:00:00,XKVL5640811556536,True,Active,,False,False,True,1161.77,True
4044,MCH9070,"buch, samra and tata",5912.0,Pharmacy,Partnership,Lucknow,Uttar Pradesh,2023-11-19 07:02:51,6049785311,True,Active,5075.53,False,False,False,1300.55,False
3026,MCH9074_1,Sa1vi-Tata,7011.0,Hotel,Partnership,Chennai,Tamil Nadu,2025-04-24 00:00:00,XXXX6816,True,Active,1227.0,False,False,False,1161.77,True
3515,MCH9074_2,Thaman-Ramesh,,Grocery,Private Limited,Delhi,Delhi,2024-08-04 00:00:00,YVFC7381559709766,True,Active,2298.62,False,False,True,1233.545,True
4053,MCH9075,BHAKTA INC,4814.0,Mobile Recharge,Partnership,Delhi,Delhi,2023-10-20 00:00:00,,False,Inactive,1186.46,False,False,False,1108.585,False
4732,MCH9080_1,"  Goswami, Nagy and Sathe  ",4131.0,Travel,Sole Proprietor,Jaipur,Rajasthan,2023-11-07 00:00:00,,False,Active,6603.0,False,False,False,1012.28,True
4010,MCH9080_2,  Jani and Sons  ,5699.0,Apparel,Partnership,Lucknow,Uttar Pradesh,2025-05-13 00:00:00,XXXX8347,True,Suspended,672.43,False,True,False,1252.4299999999998,True
4430,MCH9080_3,Sarraf Group,4814.0,Telecom,Private Limited,Jalandhar,Punjab,2023-09-06 11:01:24,ZYKY9821545261930,True,Active,,True,False,False,1213.17,True
2530,MCH9081,Patil-Hans,4814.0,Mobile Recharge,Individual,Mumbai,Maharashtra,2025-06-12 12:49:19,8795015116,True,Active,,False,False,False,1108.585,False
4285,MCH9082_1,Din-Batta,5311.0,Department Store,Private Limited,Mumbai,Maharashtra,2024-02-18 00:00:00,XXXX5721,True,Inactive,4454.42,False,False,False,1356.755,True
5956,MCH9082_2,"dutt, behl and sant",5311.0,Department Store,Individual,Hyderabad,Telangana,,6486570374,True,Active,621.31,False,False,False,1356.755,True
3443,MCH9082_3,SESHADRI GROUP,5812.0,Restaurant,Sole Proprietor,Jaipur,Rajasthan,2025-11-24 03:08:55,,False,Active,862.0,False,False,False,1327.31,True
4041,MCH9083_1,"Gera, Varghese and Karpe",5311.0,Department Store,Private Limited,Jaipur,Rajasthan,2025-05-19 00:31:00,9824715725,True,Active,3755.09,False,False,False,1356.755,True
4018,MCH9083_2,Vohra-Mishra,5812.0,Restaurant,Partnership,Pune,Maharashtra,2024-06-16 00:00:00,,False,Active,2189.0,False,False,False,1327.31,True
4931,MCH9088_1,Bajaj-Karnik,5912.0,Pharmacy,Individual,Mumbai,Maharashtra,2025-03-11 00:00:00,,False,Suspended,1838.62,False,True,False,1300.55,True
2459,MCH9088_2,Bhardwaj-Bala,5999.0,Misc Retail,Partnership,Chennai,Tamil Nadu,2025-06-26 00:00:00,UMVD8641404072198,True,Active,4130.0,False,False,False,1276.92,True
3316,MCH9091,"Dewan, Hayre and Kala",4131.0,Transportation,Sole Proprietor,Amritsar,Punjab,,VGTR9380587606414,True,Closed,4267.28,False,False,False,1225.12,False
5832,MCH9092_1,Deshmukh Inc,7011.0,Hotel,Individual,Jalandhar,Punjab,2024-02-11 00:00:00,PJZZ8412701337348,True,Closed,859.52,False,False,False,1161.77,True
1612,MCH9092_2,Mall-Deshpande,7011.0,Hotel,Partnership,Delhi,Delhi,2025-12-26 00:00:00,JMDU2866891583451,True,Inactive,1485.1,False,False,False,1161.77,True
6112,MCH9094,"YADAV, ZACHARIA AND DUTT",5912.0,Pharmacy,Sole Proprietor,Ludhiana,Punjab,2023-09-24 00:00:00,2133770313,True,Suspended,1081.32,False,True,False,1300.55,False
3955,MCH9095,  Mital-Reddy  ,4814.0,Mobile Recharge,Partnership,Lucknow,Uttar Pradesh,2025-12-07 00:00:00,,False,Suspended,1105.17,False,True,False,1108.585,False
2988,MCH9096_1,"Boase, Swaminathan and Yohannan",5999.0,Misc Retail,Individual,Chennai,Tamil Nadu,2024-08-04 18:56:27,,False,Active,1547.45,False,False,False,1276.92,True
2571,MCH9096_2,Tandon-Thaman,5999.0,Misc Retail,Individual,Delhi,Delhi,2023-09-03 00:00:00,3351065613,True,Active,2658.35,False,False,False,1276.92,True
2637,MCH9098_1,Ghosh-Roy,7011.0,Hotel,Partnership,Kolkata,West Bengal,,5455672154,True,Active,372.61,False,False,False,1161.77,True
103,MCH9098_2,Manda and Sons,5812.0,Restaurant,Partnership,Bengaluru,Karnataka,2024-03-03 16:14:27,XXXX2826,True,Active,870.0,False,False,False,1327.31,True
1083,MCH9100,Dey-Bandi,5999.0,Misc Retail,Sole Proprietor,Mumbai,Maharashtra,2023-01-23 11:38:30,XLOL4843036264872,True,Active,707.08,False,False,False,1276.92,False
4461,MCH9101,Pal-Ramesh,,Transportation,Partnership,Pune,Maharashtra,2024-05-29 14:48:09,XXXX0762,True,Active,1223.0,False,False,True,1225.12,False
3467,MCH9102,sastry-wali,5942.0,Books & Stationery,Private Limited,Pune,Maharashtra,2025-06-30 04:03:18,WUTS6822135925592,True,Active,1846.0,False,False,False,1167.225,False
811,MCH9104_1,Goel PLC,5311.0,Department Store,Private Limited,Bengaluru,Karnataka,2025-06-30 21:37:07,,False,Active,2640.29,False,False,False,1356.755,True
5399,MCH9104_2,Mannan-Kaul,4131.0,Transportation,Sole Proprietor,Amritsar,Punjab,2023-08-17 14:59:00,XXXX9446,True,Active,,True,False,False,1225.12,True
1551,MCH9104_3,Parmar and Sons,5411.0,Grocery,Sole Proprietor,Pune,Maharashtra,,DUAU1962867484687,True,Active,1913.35,False,False,False,1233.545,True
1045,MCH9107_1,Apte-Pathak,5699.0,Apparel,Private Limited,Jalandhar,Punjab,2023-05-25 21:09:31,,False,Active,4111.02,False,False,False,1252.4299999999998,True
2454,MCH9107_2,"Devi, Chhabra and Sharaf",5699.0,Apparel,Sole Proprietor,Pune,Maharashtra,2026-02-22 08:24:38,5670845997,True,Active,637.0,False,False,False,1252.4299999999998,True
496,MCH9109,"Som, Mittal and Wable",5699.0,Apparel,Partnership,Amritsar,Punjab,2024-11-08 00:00:00,XXXX6670,True,Active,553.0,False,False,False,1252.4299999999998,False
6055,MCH9110,Barad LLC,7011.0,Hotel,Individual,Lucknow,Uttar Pradesh,2024-08-01 13:01:22,XXXX8331,True,Inactive,1477.89,False,False,False,1161.77,False
4698,MCH9111,"  Dhar, Thaker and Madan  ",5999.0,Misc Retail,Private Limited,Kolkata,West Bengal,2024-08-11 00:00:00,IKTX4120845617487,True,Active,1785.1,False,False,False,1276.92,False
3999,MCH9112_1,Pingle-Natt,5311.0,Department Store,Sole Proprietor,Lucknow,Uttar Pradesh,2023-09-18 08:56:52,GWBM3117902848580,True,Closed,356.0,False,False,False,1356.755,True
3681,MCH9112_2,Saini-Sinha,5699.0,Apparel,Private Limited,Pune,Maharashtra,2024-08-03 00:00:00,,False,Active,1129.73,False,False,False,1252.4299999999998,True
3850,MCH9114_1,Narayan-Kalita,5699.0,Apparel,Individual,Bengaluru,Karnataka,2025-03-08 21:47:49,PHUX7313608770713,True,Active,2471.0,False,False,False,1252.4299999999998,True
1839,MCH9114_2,Tiwari-0ak,4814.0,Telecom,Individual,Pune,Maharashtra,2026-01-16 00:00:00,,False,Active,7090.63,False,False,False,1213.17,True
6170,MCH9117,"KALE, KOHLI AND CHHABRA",5942.0,Books & Stationery,Sole Proprietor,Jalandhar,Punjab,,,False,Inactive,206.51,False,False,False,1167.225,False
5737,MCH9119,Dyal-Salvi,4814.0,Telecom,Partnership,Chennai,Tamil Nadu,2023-04-20 00:00:00,,False,Active,6428.96,False,False,False,1213.17,False
5826,MCH9120,sood ltd,7011.0,Hotel,Sole Proprietor,Mumbai,Maharashtra,2025-09-24 21:17:00,,False,Active,680.9,False,False,False,1161.77,False
3718,MCH9121,Divan-Char,5942.0,Books & Stationery,Partnership,Amritsar,Punjab,2025-02-18 00:00:00,YDYC9354203967320,True,Inactive,,True,False,False,1167.225,False
1577,MCH9125_1,"mallick, walia and kanda",5311.0,Department Store,Partnership,Chennai,Tamil Nadu,2023-10-21 19:24:00,,False,Active,3007.21,False,False,False,1356.755,True
1942,MCH9125_2,Raghavan PLC,,Misc Retail,Individual,Jaipur,Rajasthan,2024-10-10 00:00:00,,False,Active,1723.08,False,False,True,1276.92,True
5237,MCH9126,Anne-Chahal,5411.0,Grocery,Partnership,Hyderabad,Telangana,2023-03-05 00:00:00,,False,Active,,False,False,False,1233.545,False
1753,MCH9128,"Vig, Menon and Prabhakar",5942.0,Books & Stationery,Sole Proprietor,Delhi,Delhi,2023-08-30 06:57:00,ROAG7230893964425,True,Active,594.0,False,False,False,1167.225,False
1983,MCH9129,"sinha, chauhan and sathe",5411.0,Grocery,Partnership,Kolkata,West Bengal,2025-07-06 00:00:00,VXNZ5598805748177,True,Active,914.12,False,False,False,1233.545,False
5281,MCH9130,Chhabra LLC,5812.0,Restaurant,Private Limited,Jalandhar,Punjab,2024-12-09 00:00:00,,False,Active,1786.29,False,False,False,1327.31,False
2407,MCH9131,"Arya, Narang and Maharaj",7011.0,Hotel,Individual,Jaipur,Rajasthan,2024-04-19 05:10:00,,False,Active,6588.75,False,False,False,1161.77,False
2659,MCH9132,Shankar-Bahl,4814.0,Telecom,Individual,Pune,Maharashtra,2023-04-12 18:44:00,LXEB0419516326153,True,Suspended,2278.28,False,True,False,1213.17,False
3755,MCH9133,"Rai, Nadig and Karpe",4131.0,Transportation,Private Limited,Ludhiana,Punjab,2025-03-09 00:00:00,,False,Active,,True,False,False,1225.12,False
2299,MCH9134,Edwin-Viswanathan,5699.0,Apparel,Sole Proprietor,Jalandhar,Punjab,,,False,Active,1602.69,False,False,False,1252.4299999999998,False
3167,MCH9135,"NATH, SAMRA AND CHOPRA",4814.0,Mobile Recharge,Sole Proprietor,Kolkata,West Bengal,2026-04-02 01:44:00,7899898758,True,Active,387.53,False,False,False,1108.585,False
3419,MCH9136,Mody Ltd,5411.0,Grocery,Individual,Chennai,Tamil Nadu,2024-07-10 00:00:00,MHEB9502738400073,True,Active,1976.5,False,False,False,1233.545,False
4399,MCH9137,Chakrabarti PLC,4131.0,Transportation,Private Limited,Jaipur,Rajasthan,2023-11-19 00:00:00,XXXX6117,True,Active,347.82,False,False,False,1225.12,False
5234,MCH9140_1,  Dugar-Uppal  ,5411.0,Grocery,Partnership,Jaipur,Rajasthan,2024-12-06 06:26:10,,False,Active,1470.42,False,False,False,1233.545,True
5313,MCH9140_2,Raghavan-Batta,4814.0,Telecom,Individual,Bengaluru,Karnataka,2024-11-04 20:20:17,HHIC1764468874406,True,Active,755.01,False,False,False,1213.17,True
5698,MCH9143_1,Kibe and Sons,,Mobile Recharge,Individual,Jalandhar,Punjab,2025-06-12 00:00:00,,False,Active,924.79,False,False,True,1108.585,True
4115,MCH9143_2,Prakash Inc,5812.0,Restaurant,Partnership,Lucknow,Uttar Pradesh,2023-03-02 00:00:00,XXXX9977,True,Active,1791.89,False,False,False,1327.31,True
885,MCH9145_1,CHAD-KARPE,5699.0,Apparel,Partnership,Jaipur,Rajasthan,2024-08-11 19:13:00,XQWX8871352480351,True,Active,359.12,False,False,False,1252.4299999999998,True
6090,MCH9145_2,"  Naik, Bhargava and Cherian  ",5912.0,Pharmacy,Partnership,Lucknow,Uttar Pradesh,2024-06-13 09:31:54,EJTD8248302454682,True,Active,1754.6,False,False,False,1300.55,True
4469,MCH9145_3,"Yadav, Bhatti and Atwal",4814.0,Telecom,Partnership,Delhi,Delhi,2025-11-24 00:00:00,,False,Active,845.36,False,False,False,1213.17,True
3685,MCH9147_1,Bedi-Dugar,5912.0,Pharmacy,Sole Proprietor,Bengaluru,Karnataka,2024-05-31 05:15:00,,False,Active,1264.98,False,False,False,1300.55,True
3727,MCH9147_2,BORDE GROUP,5942.0,Books & Stationery,Sole Proprietor,Chennai,Tamil Nadu,,,False,Active,193.0,False,False,False,1167.225,True
2068,MCH9148,Venkatesh and Sons,7011.0,Hotel,Sole Proprietor,Hyderabad,Telangana,2023-07-16 21:32:00,XXXX2774,True,Active,503.0,False,False,False,1161.77,False
322,MCH9149_1,Bandi Inc,5999.0,Misc Retail,Partnership,Jaipur,Rajasthan,2025-03-15 00:00:00,,False,Active,2169.18,False,False,False,1276.92,True
4966,MCH9149_2,varghese plc,5411.0,Grocery,Individual,Jaipur,Rajasthan,2025-12-26 00:00:00,,False,Active,3708.64,False,False,False,1233.545,True
3805,MCH9151,  Ravi Ltd  ,4131.0,Transportation,Partnership,Jalandhar,Punjab,2025-06-26 08:37:00,,False,Inactive,779.12,False,False,False,1225.12,False
1790,MCH9152,KARA-PARIKH,4814.0,Telecom,Sole Proprietor,Lucknow,Uttar Pradesh,2024-12-01 00:00:00,,False,Active,5009.29,False,False,False,1213.17,False
3546,MCH9153,Amble and Sons,4131.0,Transportation,Sole Proprietor,Amritsar,Punjab,2025-04-11 00:00:00,RQJV0029687316825,True,Active,,False,False,False,1225.12,False
2575,MCH9154_1,"Mangat, Sarkar and Vasa",5311.0,Retail,Sole Proprietor,Hyderabad,Telangana,2023-03-09 00:00:00,DTTZ1892927349834,True,Active,1303.87,False,False,False,1126.42,True
5703,MCH9154_2,"PAL, DARA AND YADAV",5999.0,Misc Retail,Private Limited,Jaipur,Rajasthan,2025-07-12 00:00:00,XXXX2752,True,Active,3887.81,False,False,False,1276.92,True
4794,MCH9158,"Sachdeva, Va1a and Bedi",5812.0,Restaurant,Sole Proprietor,Lucknow,Uttar Pradesh,,8244922873,True,Closed,6181.65,False,False,False,1327.31,False
692,MCH9160,Som Ltd,4814.0,Mobile Recharge,Partnership,Ludhiana,Punjab,2025-01-29 00:00:00,9756179537,True,Active,722.22,False,False,False,1108.585,False
2555,MCH9161,Patla Group,5311.0,Retail,Individual,Pune,Maharashtra,2024-10-25 00:00:00,XXXX6366,True,Active,,True,False,False,1126.42,False
3087,MCH9162,Shankar-Shah,5999.0,Misc Retail,Private Limited,Bengaluru,Karnataka,2023-02-22 00:00:00,BRKF3158800571527,True,Active,,False,False,False,1276.92,False
4909,MCH9164,MITAL AND SONS,,Apparel,Private Limited,Delhi,Delhi,2025-08-12 00:00:00,,False,Active,4681.79,False,False,True,1252.4299999999998,False
6114,MCH9165_1,Batta PLC,,Transportation,Private Limited,Chennai,Tamil Nadu,2023-06-11 11:40:00,8743490607,True,Suspended,,False,True,True,1225.12,True
1141,MCH9165_2,"Iyengar, Raja and Bhasin",5411.0,Grocery,Private Limited,Lucknow,Uttar Pradesh,2024-03-01 00:00:00,XXXX0194,True,Active,1898.13,False,False,False,1233.545,True
2885,MCH9173,BUMB-BANDI,5999.0,Misc Retail,Sole Proprietor,Pune,Maharashtra,2023-06-26 02:58:00,,False,Active,450.27,False,False,False,1276.92,False
5587,MCH9174,"Chander, Goswami and Butala",7011.0,Hotel,Partnership,Jalandhar,Punjab,2024-06-14 12:24:00,1722137543,True,Active,914.67,False,False,False,1161.77,False
4466,MCH9175,BHATT LTD,7011.0,Hotel,Sole Proprietor,Bengaluru,Karnataka,2025-04-27 18:17:00,2467254885,True,Active,567.73,False,False,False,1161.77,False
1666,MCH9176,Jayaraman PLC,5311.0,Department Store,Private Limited,Jalandhar,Punjab,2025-08-16 00:00:00,,False,Suspended,609.42,False,True,False,1356.755,False
465,MCH9180,RamaswamyPLC,5699.0,Apparel,Individual,Pune,Maharashtra,2025-08-08 00:00:00,,False,Active,,True,False,False,1252.4299999999998,False
1904,MCH9185,Om Ltd,5812.0,Restaurant,Partnership,Kolkata,West Bengal,2025-09-22 00:00:00,RKEJ2980134292377,True,Closed,311.59,False,False,False,1327.31,False
4872,MCH9187,MANE AND SONS,5812.0,Restaurant,Individual,Hyderabad,Telangana,2025-12-18 00:00:00,,False,Active,508.01,False,False,False,1327.31,False
5877,MCH9188,Randhawa PLC,4814.0,Mobile Recharge,Partnership,Jalandhar,Punjab,2024-09-11 00:00:00,XXXX7941,True,Active,,False,False,False,1108.585,False
6130,MCH9190,"Dugar, Babu and Ba1a",5812.0,Restaurant,Individual,Chennai,Tamil Nadu,2025-01-24 00:00:00,,False,Active,471.43,False,False,False,1327.31,False
2533,MCH9192,gandhi llc,5912.0,Pharmacy,Individual,Jaipur,Rajasthan,2025-03-01 00:00:00,,False,Active,1758.06,False,False,False,1300.55,False
3653,MCH9193_1,Ramachandran-Rao,5699.0,Apparel,Individual,Bengaluru,Karnataka,2024-04-07 00:00:00,XXXX3147,True,Active,1693.53,False,False,False,1252.4299999999998,True
194,MCH9193_2,Shroff Inc,5411.0,Grocery,Sole Proprietor,Jalandhar,Punjab,2023-02-10 00:00:00,,False,Active,,True,False,False,1233.545,True
2100,MCH9195,"Manne, Parsa and Ratta",5311.0,Department Store,Individual,Kolkata,West Bengal,2025-01-08 03:54:16,XXXX4221,True,Active,1304.69,False,False,False,1356.755,False
2839,MCH9196_1,Brahmbhatt Inc,5411.0,Grocery,Partnership,Bengaluru,Karnataka,2023-03-16 06:41:42,,False,Active,,True,False,False,1233.545,True
1971,MCH9196_2,"Dani, Palla and Ramachandran",7011.0,Hotel,Sole Proprietor,Hyderabad,Telangana,2023-02-04 00:00:00,5171234438,True,Active,403.86,False,False,False,1161.77,True
4166,MCH9199_1,"BAIL, PERI AND BARIA",,Department Store,Partnership,Chennai,Tamil Nadu,2024-01-14 00:00:00,MIRO8677255410818,True,Active,7748.66,False,False,True,1356.755,True
1317,MCH9199_2,Goda-Patel,4814.0,Mobile Recharge,Partnership,Lucknow,Uttar Pradesh,2024-12-23 00:00:00,3404405124,True,Active,992.24,False,False,False,1108.585,True
1271,MCH9201,  Ramachandran PLC  ,4814.0,Mobile Recharge,Private Limited,Jaipur,Rajasthan,2024-10-02 18:21:00,,False,Active,1064.13,False,False,False,1108.585,False
4408,MCH9203_1,Lad LLC,5812.0,Restaurant,Individual,Chennai,Tamil Nadu,2023-09-29 00:00:00,,False,Active,,True,False,False,1327.31,True
2177,MCH9203_2,PATEL-BHASIN,7011.0,Hotel,Partnership,Delhi,Delhi,2025-04-14 00:00:00,XXXX4448,True,Active,1305.76,False,False,False,1161.77,True
5232,MCH9205,Lala Ltd,4131.0,Transportation,Private Limited,Kolkata,West Bengal,2024-11-26 04:12:00,XXXX6473,True,Suspended,569.25,False,True,False,1225.12,False
1804,MCH9207_1,"Gola, Prabhu and Sood",5311.0,Department Store,Private Limited,Kolkata,West Bengal,2025-02-14 20:21:36,YDIJ7187856499079,True,Active,1107.16,False,False,False,1356.755,True
368,MCH9207_2,"JANI, MITTAL AND NARASIMHAN",5411.0,Grocery,Partnership,Bengaluru,Karnataka,2025-01-15 11:22:00,XJLY4559421802745,True,Inactive,1049.45,False,False,False,1233.545,True
1259,MCH9208,Lala-Tiwari,5942.0,Books & Stationery,Partnership,Amritsar,Punjab,2023-05-17 00:00:00,,False,Inactive,338.09,False,False,False,1167.225,False
4990,MCH9211,Dubey-Kurian,7011.0,Hotel,Individual,Jalandhar,Punjab,2023-08-01 00:00:00,XXXX5476,True,Active,2981.74,False,False,False,1161.77,False
1496,MCH9216,AMBLE-THAMAN,,Pharmacy,Partnership,Ludhiana,Punjab,2025-02-10 00:00:00,TRSX1584484080188,True,Active,2329.15,False,False,True,1300.55,False
4223,MCH9219,  Baria Inc  ,4814.0,Telecom,Sole Proprietor,Jaipur,Rajasthan,2024-07-29 00:00:00,7495991370,True,Active,1931.0,False,False,False,1213.17,False
3430,MCH9220,"Agate,BoaseandKurian",4131.0,Travel,Sole Proprietor,Delhi,Delhi,,XXXX4686,True,Inactive,,True,False,False,1012.28,False
1481,MCH9223_1,D’Alia-Hans,5699.0,Apparel,Partnership,Chennai,Tamil Nadu,2024-12-09 02:24:19,IGRU6773049024506,True,Active,376.0,False,False,False,1252.4299999999998,True
5393,MCH9223_2,Ram LLC,5912.0,Pharmacy,Sole Proprietor,Delhi,Delhi,,,False,Active,633.68,False,False,False,1300.55,True
677,MCH9226_1,  Bhatnagar-Magar  ,5812.0,Restaurant,Partnership,Chennai,Tamil Nadu,2024-11-27 00:00:00,CSVM1025081118272,True,Suspended,500.21,False,True,False,1327.31,True
5976,MCH9226_2,"Sandhu, Jha and Randhawa",5699.0,Apparel,Individual,Pune,Maharashtra,2024-12-03 00:00:00,SCBS7759924913955,True,Active,5451.11,False,False,False,1252.4299999999998,True
701,MCH9228,Ram Inc,5999.0,Misc Retail,Individual,Hyderabad,Telangana,2025-10-19 16:20:00,XXXX4276,True,Active,1661.79,False,False,False,1276.92,False
5837,MCH9229,  Anne-Parikh  ,,Books & Stationery,Private Limited,Jaipur,Rajasthan,2025-10-23 00:00:00,,False,Inactive,173.81,False,False,True,1167.225,False
2973,MCH9231,Kala-Dugar,4131.0,Transportation,Partnership,Pune,Maharashtra,,7817631283,True,Active,228.82,False,False,False,1225.12,False
4733,MCH9232,Ahuja-Chaudhry,4131.0,Transportation,Individual,Hyderabad,Telangana,2023-04-20 00:00:00,XXXX7963,True,Active,361.11,False,False,False,1225.12,False
1984,MCH9234,"Jhaveri, Chandran and Shukla",7011.0,Hotel,Partnership,Lucknow,Uttar Pradesh,2024-07-26 00:00:00,XXXX3221,True,Active,762.04,False,False,False,1161.77,False
1734,MCH9237,GOKHALE INC,5912.0,Pharmacy,Private Limited,Ludhiana,Punjab,2025-09-28 00:00:00,LPZT4038353121229,True,Active,1901.54,False,False,False,1300.55,False
5650,MCH9239,BALAKRISHNAN-DAS,5411.0,Grocery,Partnership,Bengaluru,Karnataka,2025-12-11 06:31:01,EHOI0009201922607,True,Active,,False,False,False,1233.545,False
1096,MCH9242,"Kadakia, Yadav and Seshadri",7011.0,Hotel,Partnership,Hyderabad,Telangana,2023-03-10 00:00:00,XXXX4049,True,Suspended,1024.36,False,True,False,1161.77,False
5309,MCH9245,zachariah-suri,5311.0,Retail,Individual,Jalandhar,Punjab,2023-05-03 00:00:00,ZBKQ5898737738506,True,Active,328.18,False,False,False,1126.42,False
6180,MCH9246,"Krishna, Wable and Kanda",4814.0,Mobile Recharge,Sole Proprietor,Pune,Maharashtra,2023-03-01 00:00:00,XXXX5813,True,Active,859.77,False,False,False,1108.585,False
4834,MCH9249,"Aggarwal, Agarwal and Naidu",5699.0,Apparel,Partnership,Chennai,Tamil Nadu,2025-12-23 00:00:00,XXXX8648,True,Active,,True,False,False,1252.4299999999998,False
716,MCH9251,"Venkatesh, Randhawa and Lal",4131.0,Transportation,Sole Proprietor,Lucknow,Uttar Pradesh,2026-01-02 09:37:10,6838955230,True,Active,621.25,False,False,False,1225.12,False
4923,MCH9253,Gole LLC,5699.0,Apparel,Sole Proprietor,Amritsar,Punjab,2024-05-09 20:29:36,XXXX9261,True,Active,1349.23,False,False,False,1252.4299999999998,False
1474,MCH9255,"Hegde, Dass and Sehgal",5699.0,Apparel,Private Limited,Amritsar,Punjab,2023-07-19 10:19:06,,False,Active,1054.61,False,False,False,1252.4299999999998,False
5749,MCH9257,Deep-Venkataraman,7011.0,Hotel,Partnership,Amritsar,Punjab,2023-12-17 00:00:00,AYAD9422325940628,True,Active,705.83,False,False,False,1161.77,False
3677,MCH9258,Edwin Inc,5942.0,Books & Stationery,Partnership,Lucknow,Uttar Pradesh,2024-09-26 00:00:00,0028974564,True,Active,1647.77,False,False,False,1167.225,False
1104,MCH9261,Gupta-Manne,5812.0,Restaurant,Individual,Jaipur,Rajasthan,2025-07-10 09:04:41,,False,Active,2734.0,False,False,False,1327.31,False
6194,MCH9263,"Chatterjee, Anand and Mani",5999.0,Misc Retail,Partnership,Kolkata,West Bengal,2024-05-05 00:44:32,,False,Active,628.47,False,False,False,1276.92,False
5459,MCH9266_1,"Badami, Pathak and Nanda",5699.0,Apparel,Private Limited,Pune,Maharashtra,2024-10-09 19:17:00,3246654174,True,Active,157.82,False,False,False,1252.4299999999998,True
4514,MCH9266_2,Chatterjee Group,5411.0,Grocery,Sole Proprietor,Bengaluru,Karnataka,,XXXX2510,True,Suspended,726.18,False,True,False,1233.545,True
5681,MCH9266_3,Nazareth Ltd,5942.0,Books & Stationery,Sole Proprietor,Lucknow,Uttar Pradesh,2023-07-07 00:00:00,,False,Active,1049.97,False,False,False,1167.225,True
2242,MCH9271,"Bera, Contractor and Trivedi",4131.0,Transportation,Sole Proprietor,Delhi,Delhi,2025-02-20 00:00:00,KHLJ8243266357655,True,Active,,False,False,False,1225.12,False
2672,MCH9276_1,Bandi Inc,5942.0,Books & Stationery,Private Limited,Jalandhar,Punjab,,3029302980,True,Active,2777.32,False,False,False,1167.225,True
5319,MCH9276_2,TRIVEDI-KUNDA,5699.0,Apparel,Individual,Delhi,Delhi,2025-12-31 04:58:00,XXXX9182,True,Active,2310.01,False,False,False,1252.4299999999998,True
5261,MCH9277,Pa1-R0ut,5942.0,Books & Stationery,Individual,Amritsar,Punjab,2026-02-10 18:58:24,,False,Active,963.33,False,False,False,1167.225,False
3590,MCH9278_1,Oza-Gera,4131.0,Transportation,Partnership,Mumbai,Maharashtra,2024-04-20 00:00:00,,False,Active,13241.0,False,False,False,1225.12,True
201,MCH9278_2,Pant PLC,5942.0,Books & Stationery,Partnership,Bengaluru,Karnataka,2024-06-25 23:31:00,MCZF8391507084286,True,Active,822.0,False,False,False,1167.225,True
2500,MCH9279,Choudhury LLC,5411.0,Grocery,Sole Proprietor,Kolkata,West Bengal,2024-11-18 00:00:00,0970198759,True,Active,644.81,False,False,False,1233.545,False
4653,MCH9287_1,"Datta, Virk and Arya",5999.0,Misc Retail,Individual,Amritsar,Punjab,2025-09-21 00:00:00,XXXX9129,True,Active,636.69,False,False,False,1276.92,True
862,MCH9287_2,Sathe Group,4814.0,Mobile Recharge,Private Limited,Jaipur,Rajasthan,2023-04-16 13:53:00,,False,Inactive,,True,False,False,1108.585,True
4689,MCH9289_1,Baria-Nagy,5999.0,Misc Retail,Sole Proprietor,Chennai,Tamil Nadu,,,False,Active,620.71,False,False,False,1276.92,True
4992,MCH9289_2,LALL LLC,7011.0,Hotel,Private Limited,Kolkata,West Bengal,2025-12-08 09:38:21,PFKV1152289254196,True,Active,3024.28,False,False,False,1161.77,True
1909,MCH9290,"Gole, Viswanathan and Brahmbhatt",7011.0,Hotel,Partnership,Ludhiana,Punjab,,,False,Inactive,1704.51,False,False,False,1161.77,False
1788,MCH9291_1,"Mukhopadhyay, Dua and Dada",5699.0,Apparel,Sole Proprietor,Delhi,Delhi,2023-12-24 00:00:00,4794994318,True,Active,875.0,False,False,False,1252.4299999999998,True
2158,MCH9291_2,"Thakkar, Bath and Uppal",,Retail,Sole Proprietor,Lucknow,Uttar Pradesh,2024-12-24 06:25:11,XXXX5444,True,Inactive,3529.0,False,False,True,1126.42,True
740,MCH9296_1,  Bhakta-Sen  ,5699.0,Apparel,Private Limited,Delhi,Delhi,2024-12-29 00:00:00,CFXN3327085441809,True,Active,453.57,False,False,False,1252.4299999999998,True
4984,MCH9296_2,Ramanathan Ltd,5912.0,Pharmacy,Individual,Jaipur,Rajasthan,2025-01-29 16:04:16,,False,Active,1253.48,False,False,False,1300.55,True
5870,MCH9298,Jain Ltd,5942.0,Books & Stationery,Sole Proprietor,Bengaluru,Karnataka,2024-02-03 12:58:21,XXXX4996,True,Active,8519.11,False,False,False,1167.225,False
4372,MCH9299,Pathak-Menon,5812.0,Restaurant,Sole Proprietor,Ludhiana,Punjab,2024-04-28 07:03:55,,False,Active,3015.0,False,False,False,1327.31,False
3417,MCH9302,Savant-Dave,5311.0,Department Store,Partnership,Bengaluru,Karnataka,2025-08-17 00:00:00,,False,Active,543.56,False,False,False,1356.755,False
284,MCH9304,Char Ltd,4814.0,Mobile Recharge,Individual,Bengaluru,Karnataka,2024-01-05 00:00:00,,False,Active,531.14,False,False,False,1108.585,False
807,MCH9306,Zachariah-Anne,5942.0,Books & Stationery,Partnership,Mumbai,Maharashtra,2026-02-10 00:00:00,JLTB4031924458479,True,Active,1250.09,False,False,False,1167.225,False
316,MCH9307,"Bajwa, Dhawan and Guha",,Restaurant,Sole Proprietor,Jalandhar,Punjab,2024-03-07 00:00:00,,False,Active,468.19,False,False,True,1327.31,False
5196,MCH9310,Ganguly-Tella,7011.0,Hotel,Individual,Pune,Maharashtra,2024-03-29 00:00:00,XXXX9831,True,Active,,True,False,False,1161.77,False
5304,MCH9311_1,"Dyal, Mohan and Patla",5942.0,Books & Stationery,Sole Proprietor,Bengaluru,Karnataka,2025-02-16 00:00:00,8480146699,True,Active,1774.56,False,False,False,1167.225,True
3067,MCH9311_2,Sathe Group,5942.0,Books & Stationery,Private Limited,Ludhiana,Punjab,2025-05-31 23:35:00,,False,Active,595.82,False,False,False,1167.225,True
2436,MCH9316,Bandi Ltd,5411.0,Grocery,Sole Proprietor,Ludhiana,Punjab,2025-08-21 00:00:00,9331997992,True,Active,1198.18,False,False,False,1233.545,False
6152,MCH9319_1,Cherian and Sons,5699.0,Apparel,Individual,Jaipur,Rajasthan,2025-03-07 00:00:00,XXXX4972,True,Active,1697.03,False,False,False,1252.4299999999998,True
90,MCH9319_2,LadInc,5699.0,Apparel,Sole Proprietor,Jalandhar,Punjab,2025-07-20 00:00:00,XXXX7774,True,Active,839.54,False,False,False,1252.4299999999998,True
2226,MCH9320,Char Inc,5411.0,Grocery,Private Limited,Hyderabad,Telangana,2025-11-22 00:00:00,OFHR1997447322569,True,Active,695.0,False,False,False,1233.545,False
1559,MCH9322,"Khosla, Walia and Deep",5311.0,Department Store,Partnership,Kolkata,West Bengal,2024-07-15 00:00:00,BPNH2377464616036,True,Active,1060.15,False,False,False,1356.755,False
3780,MCH9325,"  Patel, Parikh and Kaul  ",4814.0,Telecom,Private Limited,Lucknow,Uttar Pradesh,2023-03-13 00:58:46,9323786200,True,Active,1538.45,False,False,False,1213.17,False
4311,MCH9332_1,GALA INC,5699.0,Apparel,Private Limited,Amritsar,Punjab,2023-03-21 00:00:00,XXXX9903,True,Active,1348.88,False,False,False,1252.4299999999998,True
425,MCH9332_2,  Gupta Inc  ,5912.0,Pharmacy,Private Limited,Pune,Maharashtra,2023-09-24 00:00:00,,False,Active,1393.93,False,False,False,1300.55,True
5151,MCH9335_1,"Sarraf, Wable and Deshmukh",5912.0,Pharmacy,Individual,Amritsar,Punjab,2023-05-03 00:00:00,,False,Active,399.0,False,False,False,1300.55,True
5752,MCH9335_2,Shenoy Group,5699.0,Apparel,Partnership,Lucknow,Uttar Pradesh,2024-07-07 04:29:20,,False,Active,1203.23,False,False,False,1252.4299999999998,True
4080,MCH9335_3,srinivasan-shere,,Department Store,Partnership,Ludhiana,Punjab,2024-04-13 00:00:00,,False,Active,1875.12,False,False,True,1356.755,True
2025,MCH9338,  D’Alia-Mitter  ,,Books & Stationery,Partnership,Mumbai,Maharashtra,2025-07-01 00:00:00,,False,Active,604.36,False,False,True,1167.225,False
4761,MCH9340,Mallick-Konda,5999.0,Misc Retail,Individual,Bengaluru,Karnataka,2025-01-24 13:55:00,,False,Inactive,1550.33,False,False,False,1276.92,False
2972,MCH9342,Dua-Lala,5999.0,Misc Retail,Sole Proprietor,Bengaluru,Karnataka,2025-04-17 11:33:00,BUXU5026475055431,True,Suspended,1698.37,False,True,False,1276.92,False
4107,MCH9343,Sridhar-Sarna,7011.0,Hotel,Partnership,Chennai,Tamil Nadu,2025-08-16 00:00:00,XXXX5274,True,Active,287.96,False,False,False,1161.77,False
4785,MCH9345,Mahal Inc,4814.0,Telecom,Private Limited,Amritsar,Punjab,2025-11-30 00:00:00,5557853955,True,Active,4834.52,False,False,False,1213.17,False
2785,MCH9348_1,"Solanki, Chaudhary and Nori",5912.0,Pharmacy,Partnership,Pune,Maharashtra,2023-09-09 14:53:51,ACBK1959673899093,True,Active,1188.0,False,False,False,1300.55,True
5191,MCH9348_2,"TOOR, PAREKH AND AGATE",5942.0,Books & Stationery,Private Limited,Amritsar,Punjab,2025-03-30 00:00:00,HCSS6943242832650,True,Active,4472.44,False,False,False,1167.225,True
2014,MCH9349_1,"Bhat, Suri and Khalsa",5999.0,Misc Retail,Individual,Hyderabad,Telangana,2023-07-15 00:00:00,7591595714,True,Active,2394.34,False,False,False,1276.92,True
1024,MCH9349_2,Mahajan-Ghosh,5812.0,Restaurant,Individual,Chennai,Tamil Nadu,2023-02-21 00:00:00,,False,Closed,3266.0,False,False,False,1327.31,True
5576,MCH9350,SINGH-SANE,5411.0,Grocery,Private Limited,Ludhiana,Punjab,2023-04-13 00:00:00,1346716181,True,Active,840.43,False,False,False,1233.545,False
3339,MCH9352_1,Bains Group,,Retail,Individual,Chennai,Tamil Nadu,2026-01-13 00:00:00,,False,Inactive,1537.37,False,False,True,1126.42,True
1345,MCH9352_2,Chaudhary-Munshi,,Hotel,Sole Proprietor,Hyderabad,Telangana,2025-12-27 00:00:00,1982708228,True,Inactive,295.19,False,False,True,1161.77,True
2662,MCH9352_3,RAMANATHAN-LALA,4131.0,Transportation,Partnership,Bengaluru,Karnataka,2026-02-09 00:00:00,ICJY2091662937472,True,Active,1121.19,False,False,False,1225.12,True
5758,MCH9353_1,"Baral, Raj and Mishra",5411.0,Grocery,Partnership,Bengaluru,Karnataka,2025-03-19 22:49:10,1787550452,True,Active,,False,False,False,1233.545,True
5915,MCH9353_2,Ray-Gaba,5812.0,Restaurant,Private Limited,Pune,Maharashtra,2023-09-21 00:00:00,4567108215,True,Active,1357.72,False,False,False,1327.31,True
1811,MCH9354,"SRINIVASAN, BHARGAVA AND SATHE",7011.0,Hotel,Private Limited,Pune,Maharashtra,2025-12-26 03:14:06,MCIS2962837592027,True,Active,272.4,False,False,False,1161.77,False
4958,MCH9355,Vig PLC,5912.0,Pharmacy,Partnership,Jalandhar,Punjab,2024-11-01 00:00:00,KRTG3596169904435,True,Active,1697.72,False,False,False,1300.55,False
5953,MCH9356,WagleLLC,5411.0,Grocery,Partnership,Delhi,Delhi,2025-09-15 00:00:00,XXXX8552,True,Active,862.0,False,False,False,1233.545,False
3863,MCH9358,Shroff Ltd,5311.0,Department Store,Sole Proprietor,Kolkata,West Bengal,2023-05-21 00:00:00,RLLU5222765967468,True,Active,1856.54,False,False,False,1356.755,False
2192,MCH9359,"Ramanathan, Parekh and Agrawal",4131.0,Transportation,Partnership,Ludhiana,Punjab,2023-04-08 13:17:52,FQHN0033426656652,True,Active,3245.01,False,False,False,1225.12,False
5493,MCH9362,"Lala, Oza and Chahal",5912.0,Pharmacy,Sole Proprietor,Delhi,Delhi,2024-04-25 00:00:00,XXXX6427,True,Active,1820.41,False,False,False,1300.55,False
3756,MCH9363,  Mannan Group  ,4131.0,Transportation,Private Limited,Mumbai,Maharashtra,2024-07-29 00:00:00,,False,Active,,False,False,False,1225.12,False
5648,MCH9366,"Parsa, Walia and Viswanathan",5699.0,Apparel,Individual,Jalandhar,Punjab,2024-11-13 00:00:00,XXXX5233,True,Active,7891.78,False,False,False,1252.4299999999998,False
4868,MCH9367,Luthra and Sons,,Books & Stationery,Private Limited,Amritsar,Punjab,2023-05-31 17:55:00,,False,Active,1752.0,False,False,True,1167.225,False
5920,MCH9369,Kara Group,7011.0,Hotel,Sole Proprietor,Kolkata,West Bengal,2024-07-06 20:37:37,,False,Active,2036.0,False,False,False,1161.77,False
2208,MCH9370,Mallick-Gola,5999.0,Misc Retail,Private Limited,Jaipur,Rajasthan,2023-02-20 00:00:00,LVKV0562210759080,True,Active,4284.71,False,False,False,1276.92,False
1658,MCH9371,Mand-Oommen,,Grocery,Private Limited,Chennai,Tamil Nadu,2023-11-11 00:00:00,,False,Active,284.42,False,False,True,1233.545,False
1973,MCH9375,"Bhalla, Koshy and Sule",,Books & Stationery,Individual,Ludhiana,Punjab,2023-07-28 23:16:10,XXXX7795,True,Inactive,924.32,False,False,True,1167.225,False
405,MCH9377_1,"Badal, Mitter and Mitter",5912.0,Pharmacy,Sole Proprietor,Lucknow,Uttar Pradesh,2024-08-22 00:00:00,USJW2353874844902,True,Active,,False,False,False,1300.55,True
5652,MCH9377_2,chaudhuri plc,5699.0,Apparel,Sole Proprietor,Delhi,Delhi,2023-04-14 00:00:00,6784208248,True,Active,1583.18,False,False,False,1252.4299999999998,True
5009,MCH9379,Nazareth and Sons,5999.0,Misc Retail,Individual,Kolkata,West Bengal,,XXXX1135,True,Inactive,242.0,False,False,False,1276.92,False
1179,MCH9380,CHAKRABARTI GROUP,5812.0,Restaurant,Private Limited,Ludhiana,Punjab,2023-11-23 00:00:00,ECMM7078142170981,True,Active,199.0,False,False,False,1327.31,False
2151,MCH9383_1,"Sarraf, Mand and Dalal",4131.0,Transportation,Partnership,Lucknow,Uttar Pradesh,2025-11-25 00:00:00,,False,Active,,True,False,False,1225.12,True
943,MCH9383_2,"Sekhon,PadmanabhanandRege",5942.0,Books & Stationery,Individual,Chennai,Tamil Nadu,2026-01-24 02:02:00,4786143604,True,Suspended,2841.0,False,True,False,1167.225,True
2707,MCH9385,"Ray, Gu1ati and Gi11",4814.0,Telecom,Sole Proprietor,Amritsar,Punjab,2024-02-17 00:00:00,,False,Active,1178.44,False,False,False,1213.17,False
2230,MCH9386_1,"Kothari,SantandLoyal",5699.0,Apparel,Individual,Bengaluru,Karnataka,2023-04-01 07:17:00,XXXX0692,True,Active,2792.0,False,False,False,1252.4299999999998,True
1978,MCH9386_2,Shankar Ltd,4131.0,Transportation,Individual,Amritsar,Punjab,2023-10-23 00:00:00,XXXX6796,True,Active,,True,False,False,1225.12,True
759,MCH9388,"mahajan, dixit and memon",7011.0,Hotel,Partnership,Kolkata,West Bengal,2024-11-21 00:00:00,,False,Active,1507.31,False,False,False,1161.77,False
1378,MCH9390,"Minhas,PauandNarayanan",4131.0,Travel,Individual,Ludhiana,Punjab,,,False,Active,2246.12,False,False,False,1012.28,False
5008,MCH9391,Vasa-Mitra,4814.0,Mobile Recharge,Individual,Jalandhar,Punjab,2024-10-30 00:00:00,XXXX6623,True,Active,1456.23,False,False,False,1108.585,False
4388,MCH9393_1,Chand-Vasa,5942.0,Books & Stationery,Individual,Ludhiana,Punjab,2024-12-23 11:24:00,2020254669,True,Active,2868.44,False,False,False,1167.225,True
4446,MCH9393_2,Narasimhan Inc,4131.0,Transportation,Partnership,Kolkata,West Bengal,2024-09-18 13:34:26,8072590742,True,Active,1156.0,False,False,False,1225.12,True
1297,MCH9393_3,"Sehgal, Chawla and Korpal",5812.0,Restaurant,Individual,Amritsar,Punjab,2025-03-09 17:19:00,XXXX8440,True,Active,896.96,False,False,False,1327.31,True
2373,MCH9393_4,SUBRAMANIAN LLC,7011.0,Hotel,Individual,Bengaluru,Karnataka,2025-01-10 00:00:00,CNXK7674132644684,True,Active,1268.96,False,False,False,1161.77,True
5141,MCH9393_5,  Vala-Bahri  ,4814.0,Mobile Recharge,Sole Proprietor,Kolkata,West Bengal,2024-06-09 10:37:28,KRHX3053527242378,True,Suspended,1926.43,False,True,False,1108.585,True
3839,MCH9394_1,Balay Group,5311.0,Department Store,Sole Proprietor,Chennai,Tamil Nadu,2023-08-08 00:00:00,,False,Active,279.0,False,False,False,1356.755,True
3325,MCH9394_2,Pal-Taneja,4814.0,Mobile Recharge,Private Limited,Ludhiana,Punjab,2024-01-02 00:00:00,,False,Closed,311.59,False,False,False,1108.585,True
3023,MCH9395,Bhagat-Chana,5699.0,Apparel,Private Limited,Jaipur,Rajasthan,2024-12-12 00:00:00,,False,Active,2768.73,False,False,False,1252.4299999999998,False
4300,MCH9396_1,Baria-Bhasin,5912.0,Pharmacy,Partnership,Pune,Maharashtra,2025-01-24 00:00:00,WSGG2231313442332,True,Active,,True,False,False,1300.55,True
1421,MCH9396_2,"Solanki, Kara and Saha",7011.0,Hotel,Sole Proprietor,Bengaluru,Karnataka,2024-07-08 07:13:36,XXXX6974,True,Active,1428.59,False,False,False,1161.77,True
2540,MCH9397,Ramaswamy-Goel,5411.0,Grocery,Private Limited,Jalandhar,Punjab,2025-12-20 01:06:00,3711511693,True,Active,1519.0,False,False,False,1233.545,False
618,MCH9398_1,"Soman, Murthy and Mangat",5411.0,Grocery,Partnership,Bengaluru,Karnataka,2026-02-21 00:00:00,,False,Active,5429.9,False,False,False,1233.545,True
2527,MCH9398_2,"Suresh, Khosla and Kadakia",,Hotel,Sole Proprietor,Bengaluru,Karnataka,,XXXX1590,True,Active,1404.91,False,False,True,1161.77,True
5257,MCH9400_1,"Dara, Desai and Sethi",5999.0,Misc Retail,Partnership,Mumbai,Maharashtra,2025-08-23 00:00:00,,False,Active,2120.88,False,False,False,1276.92,True
5450,MCH9400_2,SACHAR PLC,5942.0,Books & Stationery,Sole Proprietor,Kolkata,West Bengal,2023-03-28 00:00:00,,False,Active,872.66,False,False,False,1167.225,True
1197,MCH9401,Ravi LLC,7011.0,Hotel,Sole Proprietor,Pune,Maharashtra,2025-11-14 00:00:00,1215375647,True,Active,1824.72,False,False,False,1161.77,False
1675,MCH9402,Vyas-Nath,5812.0,Restaurant,Private Limited,Lucknow,Uttar Pradesh,2023-09-18 00:00:00,,False,Active,,True,False,False,1327.31,False
4500,MCH9403,"Bains,BanerjeeandBansal",7011.0,Hotel,Partnership,Mumbai,Maharashtra,2025-02-22 16:11:00,,False,Inactive,1838.83,False,False,False,1161.77,False
4102,MCH9404,BARAL AND SONS,4131.0,Travel,Private Limited,Kolkata,West Bengal,2025-02-10 00:00:00,,False,Active,,False,False,False,1012.28,False
3560,MCH9406_1,Goyal-Bhakta,5912.0,Pharmacy,Individual,Delhi,Delhi,2023-11-20 00:00:00,,False,Active,280.93,False,False,False,1300.55,True
669,MCH9406_2,Randhawa and Sons,,Restaurant,Individual,Lucknow,Uttar Pradesh,2025-08-11 00:00:00,XXXX6795,True,Active,2159.94,False,False,True,1327.31,True
4693,MCH9408,Arya-Vig,4131.0,Transportation,Individual,Bengaluru,Karnataka,2023-12-24 00:00:00,6291585633,True,Active,,True,False,False,1225.12,False
2030,MCH9410,Sagar-Chawla,5699.0,Apparel,Individual,Jalandhar,Punjab,2026-01-24 00:00:00,XXXX0534,True,Active,820.0,False,False,False,1252.4299999999998,False
1380,MCH9412,NAYAK-GUHA,4131.0,Transportation,Individual,Amritsar,Punjab,,XXXX5639,True,Active,2887.33,False,False,False,1225.12,False
5268,MCH9413,Kala-Sarkar,5912.0,Pharmacy,Sole Proprietor,Hyderabad,Telangana,2023-10-25 07:38:39,XXXX4409,True,Active,869.76,False,False,False,1300.55,False
3137,MCH9414,Banik-Garde,5812.0,Restaurant,Individual,Jalandhar,Punjab,2025-01-16 00:00:00,VESW9193556812149,True,Active,942.13,False,False,False,1327.31,False
3508,MCH9415,Krishnamurthy-Warrior,7011.0,Hotel,Sole Proprietor,Ludhiana,Punjab,2023-02-21 00:00:00,,False,Active,438.69,False,False,False,1161.77,False
1604,MCH9416,  Kulkarni and Sons  ,5411.0,Grocery,Partnership,Mumbai,Maharashtra,2024-12-13 22:23:48,0558936473,True,Active,755.0,False,False,False,1233.545,False
3472,MCH9418_1,"BORA, VENKATESH AND LOKE",5411.0,Grocery,Individual,Bengaluru,Karnataka,2024-05-22 00:00:00,ZTOW0641939254087,True,Suspended,1520.21,False,True,False,1233.545,True
1454,MCH9418_2,Dixit-Ranganathan,5912.0,Pharmacy,Partnership,Delhi,Delhi,2024-02-24 00:00:00,,False,Active,1164.23,False,False,False,1300.55,True
6113,MCH9423,apte group,7011.0,Hotel,Sole Proprietor,Chennai,Tamil Nadu,2025-10-24 00:00:00,HHBU3998361677128,True,Active,3132.43,False,False,False,1161.77,False
222,MCH9424,Sur-Bajaj,5311.0,Department Store,Sole Proprietor,Bengaluru,Karnataka,2025-04-18 00:00:00,XXXX3219,True,Active,1902.79,False,False,False,1356.755,False
2960,MCH9426_1,Puri-Soman,5699.0,Apparel,Individual,Bengaluru,Karnataka,2023-10-28 00:00:00,EDMP4232010731701,True,Active,333.54,False,False,False,1252.4299999999998,True
2156,MCH9426_2,Singh-Narula,7011.0,Hotel,Sole Proprietor,Chennai,Tamil Nadu,2023-07-08 00:00:00,CZYQ5289749024896,True,Active,615.87,False,False,False,1161.77,True
5978,MCH9428,"  Dyal, Varma and Sachdeva  ",5999.0,Misc Retail,Private Limited,Lucknow,Uttar Pradesh,,,False,Active,1955.23,False,False,False,1276.92,False
735,MCH9429_1,"Sachar, Borra and Raj",4814.0,Telecom,Private Limited,Bengaluru,Karnataka,,,False,Active,1031.66,False,False,False,1213.17,True
2067,MCH9429_2,Varghese-Mitter,7011.0,Hotel,Partnership,Hyderabad,Telangana,2024-12-16 00:00:00,ICYM9819940442894,True,Active,1566.55,False,False,False,1161.77,True
3533,MCH9430,"Shetty, Pau and Chhabra",4814.0,Mobile Recharge,Partnership,Pune,Maharashtra,2023-10-31 00:00:00,,False,Active,927.24,False,False,False,1108.585,False
3254,MCH9431,Madan-Kota,4131.0,Travel,Private Limited,Bengaluru,Karnataka,2023-02-05 00:00:00,1678744111,True,Active,436.79,False,False,False,1012.28,False
2119,MCH9433,Chhabra-Naik,5912.0,Pharmacy,Individual,Jalandhar,Punjab,2023-12-14 00:00:00,CQOU4085851260723,True,Active,4629.09,False,False,False,1300.55,False
5928,MCH9434,Srinivasan-Savant,5812.0,Restaurant,Partnership,Chennai,Tamil Nadu,2023-05-01 21:28:13,XXXX0171,True,Active,,False,False,False,1327.31,False
1057,MCH9439_1,Dhingra Inc,5411.0,Grocery,Individual,Mumbai,Maharashtra,2023-06-06 00:00:00,,False,Inactive,619.52,False,False,False,1233.545,True
4497,MCH9439_2,Jani LLC,5411.0,Grocery,Sole Proprietor,Bengaluru,Karnataka,2024-02-24 00:00:00,2073250929,True,Active,275.02,False,False,False,1233.545,True
3383,MCH9440,Ratti LLC,5311.0,Retail,Individual,Jalandhar,Punjab,,MAUW1308281422202,True,Active,186.6,False,False,False,1126.42,False
6153,MCH9442,issac-batra,7011.0,Hotel,Partnership,Delhi,Delhi,2025-08-12 00:00:00,,False,Active,1049.17,False,False,False,1161.77,False
5019,MCH9443_1,"Bumb, Sama and Prashad",4131.0,Transportation,Sole Proprietor,Lucknow,Uttar Pradesh,2024-03-28 00:00:00,,False,Active,712.16,False,False,False,1225.12,True
2809,MCH9443_2,"Chowdhury, Kapadia and Chada",5812.0,Restaurant,Partnership,Chennai,Tamil Nadu,2024-02-20 00:00:00,,False,Active,1660.16,False,False,False,1327.31,True
1397,MCH9444_1,NarainandSons,5812.0,Restaurant,Private Limited,Hyderabad,Telangana,2023-08-09 00:00:00,XXXX4479,True,Suspended,1056.16,False,True,False,1327.31,True
2872,MCH9444_2,Sachdeva-Khatri,4131.0,Travel,Partnership,Jalandhar,Punjab,2024-01-13 00:00:00,2308250236,True,Active,345.26,False,False,False,1012.28,True
897,MCH9447_1,Singh and Sons,7011.0,Hotel,Private Limited,Chennai,Tamil Nadu,2023-01-10 00:00:00,XXXX0990,True,Active,1158.32,False,False,False,1161.77,True
5666,MCH9447_2,Sundaram LLC,5999.0,Misc Retail,Individual,Hyderabad,Telangana,2026-01-30 00:00:00,XXXX5917,True,Active,974.62,False,False,False,1276.92,True
185,MCH9448,"  Sant, Manda and Khurana  ",,Apparel,Partnership,Jalandhar,Punjab,2023-10-08 00:00:00,XXXX3103,True,Inactive,522.0,False,False,True,1252.4299999999998,False
1651,MCH9450,"Bahl, Varughese and Char",4814.0,Telecom,Partnership,Pune,Maharashtra,2023-06-22 16:33:28,RGOX3327381847596,True,Active,260.0,False,False,False,1213.17,False
5205,MCH9452,Kapoor-Kara,5999.0,Misc Retail,Private Limited,Kolkata,West Bengal,,TTFV4828934746515,True,Inactive,,False,False,False,1276.92,False
5819,MCH9456_1,Anne Group,5999.0,Misc Retail,Sole Proprietor,Chennai,Tamil Nadu,2024-05-16 00:00:00,,False,Active,896.81,False,False,False,1276.92,True
626,MCH9456_2,"Rajagopalan, Luthra and Singh",,Misc Retail,Individual,Delhi,Delhi,2025-09-22 04:16:00,XXXX4617,True,Active,,False,False,True,1276.92,True
4325,MCH9457_1,"Grover, Deep and Subramaniam",4131.0,Travel,Partnership,Bengaluru,Karnataka,2026-01-19 00:00:00,XXXX7189,True,Active,276.66,False,False,False,1012.28,True
4627,MCH9457_2,"Rege, Kalita and Sibal",,Hotel,Partnership,Hyderabad,Telangana,,,False,Active,3319.89,False,False,True,1161.77,True
3355,MCH9457_3,Som-Ravi,5311.0,Department Store,Sole Proprietor,Jaipur,Rajasthan,2025-02-19 05:25:00,,False,Active,672.31,False,False,False,1356.755,True
1696,MCH9458_1,"Basak, Natarajan and Golla",4814.0,Mobile Recharge,Individual,Mumbai,Maharashtra,2024-10-06 13:29:00,ROVV3982446480189,True,Active,1528.67,False,False,False,1108.585,True
4778,MCH9458_2,Raja Ltd,5311.0,Retail,Partnership,Amritsar,Punjab,2025-12-15 00:00:00,XXXX6323,True,Active,480.87,False,False,False,1126.42,True
16,MCH9459_1,Bala and Sons,5411.0,Grocery,Partnership,Chennai,Tamil Nadu,2023-11-12 00:00:00,,False,Active,558.21,False,False,False,1233.545,True
3565,MCH9459_2,BATTA-HANDA,4131.0,Transportation,Partnership,Hyderabad,Telangana,2025-06-03 00:00:00,,False,Active,11281.97,False,False,False,1225.12,True
1948,MCH9460,"Oza, Balakrishnan and Kapoor",5942.0,Books & Stationery,Individual,Chennai,Tamil Nadu,,XXXX5842,True,Active,481.26,False,False,False,1167.225,False
186,MCH9463,Boase and Sons,5942.0,Books & Stationery,Private Limited,Amritsar,Punjab,2025-06-01 16:04:50,8867615299,True,Active,835.0,False,False,False,1167.225,False
3149,MCH9467,"Pall, Lala and Dhar",4131.0,Transportation,Individual,Chennai,Tamil Nadu,2024-09-03 09:23:16,,False,Active,1206.07,False,False,False,1225.12,False
6003,MCH9471_1,"bajaj, sandal and barad",5912.0,Pharmacy,Sole Proprietor,Mumbai,Maharashtra,2025-05-23 00:00:00,XXXX5365,True,Active,,True,False,False,1300.55,True
731,MCH9471_2,Sarma Ltd,5699.0,Apparel,Partnership,Hyderabad,Telangana,2023-10-26 00:00:00,XXXX5808,True,Active,2136.82,False,False,False,1252.4299999999998,True
5781,MCH9472,Sankaran-Om,5699.0,Apparel,Private Limited,Delhi,Delhi,2023-06-03 00:00:00,OYDX9439754020828,True,Inactive,4710.1,False,False,False,1252.4299999999998,False
4746,MCH9474_1,"Bajwa, Bhandari and Parmar",5912.0,Pharmacy,Sole Proprietor,Kolkata,West Bengal,2024-03-16 19:46:00,0765979563,True,Active,1464.0,False,False,False,1300.55,True
5878,MCH9474_2,"dutta, ramesh and buch",7011.0,Hotel,Sole Proprietor,Hyderabad,Telangana,2024-10-13 00:00:00,,False,Suspended,290.21,False,True,False,1161.77,True
2796,MCH9476,Sama PLC,5812.0,Restaurant,Private Limited,Hyderabad,Telangana,,XXXX6830,True,Active,165.93,False,False,False,1327.31,False
2001,MCH9478,"desai, borah and dugar",,Misc Retail,Private Limited,Kolkata,West Bengal,,,False,Suspended,1333.54,False,True,True,1276.92,False
3675,MCH9481_1,Kata LLC,4814.0,Mobile Recharge,Partnership,Amritsar,Punjab,2025-11-25 00:00:00,,False,Active,1054.88,False,False,False,1108.585,True
5905,MCH9481_2,"Seshadri, Hora and Magar",,Mobile Recharge,Sole Proprietor,Jalandhar,Punjab,2024-02-09 00:00:00,,False,Active,927.01,False,False,True,1108.585,True
4356,MCH9482,"Vasa, Chada and Iyengar",5411.0,Grocery,Partnership,Hyderabad,Telangana,,XXXX4559,True,Active,600.13,False,False,False,1233.545,False
6099,MCH9483,"Yohannan, Ghose and Pal",5699.0,Apparel,Partnership,Hyderabad,Telangana,2023-03-21 23:53:34,,False,Active,4425.5,False,False,False,1252.4299999999998,False
4853,MCH9484,"bail, sen and bava",,Pharmacy,Sole Proprietor,Jalandhar,Punjab,2024-11-30 00:00:00,,False,Active,1401.0,False,False,True,1300.55,False
2862,MCH9489,Badal-Sankaran,4131.0,Transportation,Sole Proprietor,Chennai,Tamil Nadu,2026-03-02 18:53:00,,False,Active,1437.06,False,False,False,1225.12,False
5349,MCH9492_1,Mitra Gr0up,5912.0,Pharmacy,Private Limited,Kolkata,West Bengal,2024-07-13 00:00:00,8155802263,True,Active,1049.0,False,False,False,1300.55,True
362,MCH9492_2,Sahni-Ravel,5311.0,Department Store,Individual,Lucknow,Uttar Pradesh,2024-03-01 00:00:00,1939900223,True,Active,3080.63,False,False,False,1356.755,True
4560,MCH9494_1,Sama Group,4814.0,Telecom,Individual,Bengaluru,Karnataka,2023-11-01 04:57:39,9680001784,True,Active,,True,False,False,1213.17,True
311,MCH9494_2,"  Wable, Warrior and Parmer  ",,Telecom,Individual,Pune,Maharashtra,2024-05-27 00:00:00,,False,Active,455.01,False,False,True,1213.17,True
5954,MCH9502,VYAS-HAYRE,5942.0,Books & Stationery,Sole Proprietor,Mumbai,Maharashtra,2023-03-25 00:00:00,,False,Active,777.19,False,False,False,1167.225,False
4942,MCH9503_1,Kulkarni LLC,4131.0,Transportation,Individual,Hyderabad,Telangana,2026-01-22 21:02:00,FRMH0087238544779,True,Inactive,1312.52,False,False,False,1225.12,True
4173,MCH9503_2,"Lanka, Bhasin and Srinivas",5411.0,Grocery,Partnership,Kolkata,West Bengal,2024-10-29 00:00:00,,False,Active,1065.1,False,False,False,1233.545,True
645,MCH9506,"SAVANT, BAINS AND BALI",5912.0,Pharmacy,Partnership,Pune,Maharashtra,2025-01-12 00:00:00,XXXX0299,True,Active,353.01,False,False,False,1300.55,False
1364,MCH9510,Warri0r-Thakkar,4131.0,Transportation,Sole Proprietor,Bengaluru,Karnataka,2024-09-15 00:00:00,,False,Active,1261.0,False,False,False,1225.12,False
1747,MCH9514,Prakash Gr0up,5912.0,Pharmacy,Partnership,Lucknow,Uttar Pradesh,2024-10-06 00:00:00,XXXX7878,True,Inactive,2338.36,False,False,False,1300.55,False
5269,MCH9516,"SULE, BORRA AND RATTAN",,Restaurant,Partnership,Amritsar,Punjab,2023-01-19 00:01:38,,False,Active,,True,False,True,1327.31,False
3348,MCH9517,MENON INC,,Hotel,Sole Proprietor,Mumbai,Maharashtra,2023-09-23 00:00:00,XXXX3518,True,Active,,True,False,True,1161.77,False
1504,MCH9519,Shere-Banik,5699.0,Apparel,Sole Proprietor,Lucknow,Uttar Pradesh,2025-07-04 00:00:00,,False,Active,889.4,False,False,False,1252.4299999999998,False
900,MCH9521,"soni, bal and thaman",5699.0,Apparel,Partnership,Ludhiana,Punjab,2023-04-05 07:18:00,,False,Closed,155.0,False,False,False,1252.4299999999998,False
1912,MCH9523,"Tank, Uppal and Malhotra",5912.0,Pharmacy,Partnership,Pune,Maharashtra,2025-10-25 00:00:00,,False,Active,5060.01,False,False,False,1300.55,False
157,MCH9528,Kibe-Memon,5699.0,Apparel,Sole Proprietor,Delhi,Delhi,2025-12-07 00:00:00,XXXX9874,True,Active,5399.84,False,False,False,1252.4299999999998,False
2440,MCH9529,Dubey Inc,4814.0,Mobile Recharge,Private Limited,Pune,Maharashtra,2024-04-26 00:00:00,XXXX3556,True,Active,1801.0,False,False,False,1108.585,False
2909,MCH9530,B0rah PLC,,Restaurant,Individual,Hyderabad,Telangana,2023-11-01 00:00:00,,False,Suspended,999.86,False,True,True,1327.31,False
2447,MCH9531,lad ltd,5411.0,Grocery,Private Limited,Ludhiana,Punjab,2025-12-02 00:00:00,CDSZ2178272638566,True,Suspended,545.56,False,True,False,1233.545,False
5664,MCH9534,DESHMUKH-YADAV,7011.0,Hotel,Individual,Hyderabad,Telangana,2024-08-13 00:00:00,XXXX7810,True,Active,1143.6,False,False,False,1161.77,False
5028,MCH9537_1,Chakrab0rty PLC,5942.0,Books & Stationery,Individual,Amritsar,Punjab,2025-01-02 06:24:34,XXXX8422,True,Active,,True,False,False,1167.225,True
4941,MCH9537_2,"Kohli, Bedi and Khatri",5812.0,Restaurant,Partnership,Lucknow,Uttar Pradesh,2023-02-03 00:00:00,ETHU3692414694902,True,Active,,True,False,False,1327.31,True
4850,MCH9537_3,Mahal Group,5999.0,Misc Retail,Private Limited,Jalandhar,Punjab,2023-05-13 00:00:00,,False,Active,777.57,False,False,False,1276.92,True
2994,MCH9541,"Grover, Bhatia and Tandon",,Restaurant,Partnership,Lucknow,Uttar Pradesh,2025-07-02 05:37:38,,False,Active,2401.33,False,False,True,1327.31,False
2095,MCH9542_1,"Buch, Singhal and Bhardwaj",5812.0,Restaurant,Individual,Chennai,Tamil Nadu,2023-01-05 00:00:00,ATYU2810542090525,True,Inactive,2703.0,False,False,False,1327.31,True
4057,MCH9542_2,"Singh, Johal and Khalsa",5942.0,Books & Stationery,Individual,Hyderabad,Telangana,2025-06-18 21:51:23,XXXX3154,True,Active,2463.46,False,False,False,1167.225,True
864,MCH9543_1,"G0ur, Raju and Dara",4131.0,Travel,Individual,Amritsar,Punjab,2024-02-10 00:00:00,,False,Active,,True,False,False,1012.28,True
417,MCH9543_2,Khanna-Som,5942.0,Books & Stationery,Sole Proprietor,Bengaluru,Karnataka,2023-11-13 04:04:51,XXXX7044,True,Active,1143.19,False,False,False,1167.225,True
431,MCH9546,"Mohan, Tak and Dhingra",5999.0,Misc Retail,Sole Proprietor,Amritsar,Punjab,2024-11-20 10:50:24,XXXX5350,True,Active,1645.26,False,False,False,1276.92,False
2161,MCH9547,Anne-Narasimhan,5311.0,Department Store,Individual,Delhi,Delhi,2025-04-11 00:00:00,,False,Active,823.12,False,False,False,1356.755,False
5568,MCH9548_1,Raja PLC,,Transportation,Partnership,Jaipur,Rajasthan,2026-02-22 14:03:23,XXXX5841,True,Active,1649.0,False,False,True,1225.12,True
6074,MCH9548_2,Sur PLC,5912.0,Pharmacy,Sole Proprietor,Bengaluru,Karnataka,2024-08-14 00:00:00,,False,Active,,False,False,False,1300.55,True
5447,MCH9550,Chandra-Sangha,5942.0,Books & Stationery,Sole Proprietor,Hyderabad,Telangana,2025-12-18 00:00:00,,False,Active,674.9,False,False,False,1167.225,False
2774,MCH9551_1,Chaudhari-Dugar,5942.0,Books & Stationery,Individual,Lucknow,Uttar Pradesh,2023-08-11 00:00:00,XXXX6470,True,Active,2156.36,False,False,False,1167.225,True
5502,MCH9551_2,Chaudhry-Vaidya,5942.0,Books & Stationery,Sole Proprietor,Pune,Maharashtra,2023-04-23 05:10:39,XXXX2092,True,Active,1013.07,False,False,False,1167.225,True
606,MCH9554,Kale Ltd,4814.0,Telecom,Partnership,Kolkata,West Bengal,2025-12-07 00:00:00,,False,Inactive,696.0,False,False,False,1213.17,False
5484,MCH9555_1,Chandra Ltd,4814.0,Telecom,Partnership,Jaipur,Rajasthan,2023-01-10 01:23:43,XXXX4338,True,Inactive,7981.95,False,False,False,1213.17,True
2602,MCH9555_2,"nadig, kumer and nath",5912.0,Pharmacy,Partnership,Lucknow,Uttar Pradesh,2023-02-01 00:00:00,9648467253,True,Active,,False,False,False,1300.55,True
5424,MCH9556,"Hari, Dave and Ahluwalia",4131.0,Transportation,Sole Proprietor,Chennai,Tamil Nadu,2025-06-12 00:00:00,LIFR2342836809377,True,Active,4820.97,False,False,False,1225.12,False
4998,MCH9559,Randhawa-Mody,5699.0,Apparel,Sole Proprietor,Amritsar,Punjab,2025-06-08 00:00:00,XXXX2517,True,Inactive,543.84,False,False,False,1252.4299999999998,False
1092,MCH9560_1,Kaul PLC,5942.0,Books & Stationery,Individual,Bengaluru,Karnataka,2024-10-24 00:00:00,XWSA3966243533864,True,Inactive,735.59,False,False,False,1167.225,True
3525,MCH9560_2,Puri-Ahluwalia,5999.0,Misc Retail,Partnership,Ludhiana,Punjab,2025-06-21 05:09:56,XXXX3305,True,Active,1176.68,False,False,False,1276.92,True
5002,MCH9563_1,Sharaf-Tella,,Hotel,Sole Proprietor,Kolkata,West Bengal,2025-02-09 00:00:00,,False,Active,1375.95,False,False,True,1161.77,True
2833,MCH9563_2,"Singh, Issac and Murty",4131.0,Travel,Private Limited,Kolkata,West Bengal,2023-02-01 00:00:00,,False,Active,1366.02,False,False,False,1012.28,True
6097,MCH9565_1,"Dhar, Shukla and Chaudhary",5942.0,Books & Stationery,Individual,Chennai,Tamil Nadu,2025-08-22 13:59:00,6503799014,True,Active,2205.09,False,False,False,1167.225,True
4087,MCH9565_2,Gaba LLC,5912.0,Pharmacy,Individual,Kolkata,West Bengal,2025-03-08 00:00:00,5752723069,True,Inactive,715.93,False,False,False,1300.55,True
5943,MCH9565_3,Subramanian-Bakshi,4814.0,Mobile Recharge,Private Limited,Hyderabad,Telangana,2025-06-26 00:00:00,XXXX4080,True,Closed,1964.93,False,False,False,1108.585,True
1020,MCH9566,  Batra-Kaul  ,5311.0,Department Store,Private Limited,Delhi,Delhi,2025-11-28 00:00:00,LYAO0984012362521,True,Active,1260.75,False,False,False,1356.755,False
2947,MCH9567,"Dar, Gera and Sane",5812.0,Restaurant,Private Limited,Delhi,Delhi,2026-01-09 00:00:00,,False,Active,850.48,False,False,False,1327.31,False
2617,MCH9569,Parekh-Kalita,5311.0,Retail,Individual,Amritsar,Punjab,2025-12-07 00:00:00,XXXX5054,True,Active,1617.31,False,False,False,1126.42,False
4793,MCH9571,buch inc,5812.0,Restaurant,Individual,Hyderabad,Telangana,,DKEU4746665718428,True,Active,1270.83,False,False,False,1327.31,False
6173,MCH9580,"murthy, virk and lad",,Department Store,Partnership,Ludhiana,Punjab,2025-09-20 00:00:00,,False,Active,1520.62,False,False,True,1356.755,False
5005,MCH9582,"Aggarwal, Morar and Vohra",4814.0,Telecom,Private Limited,Chennai,Tamil Nadu,2026-02-02 00:00:00,1610482956,True,Active,2012.0,False,False,False,1213.17,False
1128,MCH9583_1,"Borra, Mutti and Chaudhary",5812.0,Restaurant,Private Limited,Ludhiana,Punjab,2023-05-13 01:02:41,3322589465,True,Active,1408.6,False,False,False,1327.31,True
1803,MCH9583_2,Khurana-Johal,5411.0,Grocery,Partnership,Delhi,Delhi,2024-04-30 09:32:52,9658176597,True,Active,5627.6,False,False,False,1233.545,True
4307,MCH9584_1,"  Bhat, Shukla and Bajaj  ",5311.0,Department Store,Private Limited,Mumbai,Maharashtra,2025-02-04 10:04:43,XXXX2185,True,Closed,4140.74,False,False,False,1356.755,True
1756,MCH9584_2,Kakar PLC,,Restaurant,Individual,Pune,Maharashtra,2024-05-13 06:31:00,FJCP5342966624704,True,Inactive,653.19,False,False,True,1327.31,True
2026,MCH9586,  Ghose PLC  ,7011.0,Hotel,Private Limited,Chennai,Tamil Nadu,2023-03-30 00:00:00,,False,Active,2522.89,False,False,False,1161.77,False
6036,MCH9587,Krishnamurthy-Contractor,4814.0,Mobile Recharge,Sole Proprietor,Kolkata,West Bengal,2024-12-09 00:00:00,XXXX7878,True,Active,211.86,False,False,False,1108.585,False
832,MCH9591,BALI GROUP,5999.0,Misc Retail,Sole Proprietor,Ludhiana,Punjab,2026-01-14 00:00:00,,False,Active,3007.14,False,False,False,1276.92,False
5705,MCH9593_1,Daya1 Inc,,Transportation,Partnership,Kolkata,West Bengal,2024-05-06 00:00:00,,False,Active,2414.51,False,False,True,1225.12,True
4351,MCH9593_2,Varty-Lala,5942.0,Books & Stationery,Individual,Lucknow,Uttar Pradesh,2024-02-08 00:00:00,DUTM3222823880955,True,Active,3004.61,False,False,False,1167.225,True
4748,MCH9593_3,"Vora, Natt and Butala",5411.0,Grocery,Sole Proprietor,Ludhiana,Punjab,2023-06-03 00:00:00,XXXX8685,True,Active,,True,False,False,1233.545,True
3055,MCH9594,Ben Group,5311.0,Department Store,Sole Proprietor,Jaipur,Rajasthan,2023-01-10 00:00:00,3846101369,True,Active,4070.31,False,False,False,1356.755,False
5372,MCH9595,Kapur Inc,5999.0,Misc Retail,Private Limited,Chennai,Tamil Nadu,2023-10-26 00:00:00,FKYL3305691122715,True,Active,,False,False,False,1276.92,False
2367,MCH9601_1,JOSHI-CHAUHAN,4131.0,Transportation,Private Limited,Bengaluru,Karnataka,2023-10-05 00:00:00,GXDF2258830455225,True,Active,1949.42,False,False,False,1225.12,True
5082,MCH9601_2,Murthy-Sagar,5999.0,Misc Retail,Private Limited,Delhi,Delhi,,4391317650,True,Active,2574.06,False,False,False,1276.92,True
5427,MCH9604,Merchant-Johal,5311.0,Retail,Partnership,Pune,Maharashtra,2024-10-11 00:00:00,2871306703,True,Active,762.2,False,False,False,1126.42,False
3830,MCH9605,Chokshi LLC,5812.0,Restaurant,Sole Proprietor,Bengaluru,Karnataka,2026-01-31 00:00:00,,False,Active,2523.0,False,False,False,1327.31,False
6019,MCH9609_1,  Bhatti Inc  ,5411.0,Grocery,Individual,Hyderabad,Telangana,2026-01-29 00:00:00,BTIY5631851884644,True,Suspended,1792.34,False,True,False,1233.545,True
4661,MCH9609_2,Mohanty LLC,,Books & Stationery,Partnership,Mumbai,Maharashtra,2025-02-23 00:00:00,2458956606,True,Active,,True,False,True,1167.225,True
3567,MCH9609_3,Saran-Iyengar,,Restaurant,Sole Proprietor,Bengaluru,Karnataka,2023-11-14 00:00:00,,False,Active,3223.75,False,False,True,1327.31,True
1763,MCH9609_4,"Taneja, Parsa and Chaudhry",4814.0,Mobile Recharge,Private Limited,Mumbai,Maharashtra,2024-09-15 00:00:00,,False,Active,501.49,False,False,False,1108.585,True
4032,MCH9613,  Tella Group  ,5912.0,Pharmacy,Partnership,Hyderabad,Telangana,2024-07-29 00:00:00,IJFC0895713811161,True,Active,,False,False,False,1300.55,False
2542,MCH9617,Ranganathan-Ha1der,5411.0,Grocery,Private Limited,Chennai,Tamil Nadu,2024-08-12 00:00:00,6857352456,True,Active,904.23,False,False,False,1233.545,False
18,MCH9620_1,chad plc,,Retail,Individual,Ludhiana,Punjab,2025-04-16 00:00:00,HEOY8360949899311,True,Active,786.55,False,False,True,1126.42,True
319,MCH9620_2,prakash group,5411.0,Grocery,Partnership,Ludhiana,Punjab,2023-02-02 08:54:57,,False,Active,2975.01,False,False,False,1233.545,True
1851,MCH9623_1,Mangat PLC,4814.0,Telecom,Sole Proprietor,Lucknow,Uttar Pradesh,2024-03-26 15:39:33,,False,Active,457.6,False,False,False,1213.17,True
6030,MCH9623_2,Subramanian LLC,5912.0,Pharmacy,Individual,Hyderabad,Telangana,2025-06-07 00:00:00,XXXX2659,True,Active,1226.76,False,False,False,1300.55,True
442,MCH9624,Brar-Chad,5311.0,Department Store,Individual,Amritsar,Punjab,2025-02-04 00:00:00,XXXX6058,True,Suspended,2595.66,False,True,False,1356.755,False
2277,MCH9625,tripathi plc,4814.0,Mobile Recharge,Private Limited,Amritsar,Punjab,2024-09-11 21:48:18,,False,Active,,False,False,False,1108.585,False
177,MCH9626,Gu1ati-Chhabra,4814.0,Telecom,Partnership,Lucknow,Uttar Pradesh,2025-02-21 13:12:50,,False,Active,880.0,False,False,False,1213.17,False
6179,MCH9627,Randhawa Gr0up,7011.0,Hotel,Private Limited,Chennai,Tamil Nadu,2023-08-31 05:51:15,,False,Active,,True,False,False,1161.77,False
1126,MCH9632,KADE-SHERE,5311.0,Department Store,Sole Proprietor,Delhi,Delhi,2025-11-28 00:00:00,,False,Active,895.55,False,False,False,1356.755,False
2311,MCH9635_1,Konda-Verma,5942.0,Books & Stationery,Individual,Chennai,Tamil Nadu,2023-09-10 00:00:00,BAID6365865587003,True,Active,4885.39,False,False,False,1167.225,True
5540,MCH9635_2,Parekh-Mammen,5411.0,Grocery,Private Limited,Pune,Maharashtra,2025-05-07 07:22:44,,False,Active,1533.7,False,False,False,1233.545,True
2380,MCH9636,KIBE-MAGAR,5699.0,Apparel,Individual,Bengaluru,Karnataka,2023-08-21 09:35:55,SSYN5165458216497,True,Active,,True,False,False,1252.4299999999998,False
3655,MCH9637,Handa-Basu,5699.0,Apparel,Partnership,Pune,Maharashtra,2025-09-17 00:00:00,,False,Active,515.71,False,False,False,1252.4299999999998,False
6008,MCH9638,"Dara, Badami and Sen",5699.0,Apparel,Sole Proprietor,Lucknow,Uttar Pradesh,2026-01-22 00:00:00,,False,Active,3649.35,False,False,False,1252.4299999999998,False
5098,MCH9640_1,Aurora and Sons,4131.0,Travel,Sole Proprietor,Lucknow,Uttar Pradesh,2023-09-09 06:54:50,6211538586,True,Active,1623.21,False,False,False,1012.28,True
1902,MCH9640_2,Basu Group,,Department Store,Sole Proprietor,Bengaluru,Karnataka,2025-05-21 00:00:00,,False,Active,8379.99,False,False,True,1356.755,True
2108,MCH9640_3,"Jain, Sant and Oak",5699.0,Apparel,Individual,Bengaluru,Karnataka,,4751326262,True,Active,,True,False,False,1252.4299999999998,True
2724,MCH9641,Andra Ltd,5912.0,Pharmacy,Private Limited,Kolkata,West Bengal,2025-10-15 02:13:04,2325222758,True,Active,3323.59,False,False,False,1300.55,False
3686,MCH9642,Sarin Group,4814.0,Telecom,Individual,Mumbai,Maharashtra,2025-10-09 00:00:00,LEVP3171266345624,True,Active,11510.93,False,False,False,1213.17,False
5013,MCH9647,"Bhat, Tank and Aurora",7011.0,Hotel,Individual,Kolkata,West Bengal,2024-08-18 00:00:00,8968048918,True,Active,5590.39,False,False,False,1161.77,False
2573,MCH9649,Sachdeva-Dey,7011.0,Hotel,Sole Proprietor,Amritsar,Punjab,2025-06-12 07:10:00,XRSK3388415827357,True,Active,,True,False,False,1161.77,False
5389,MCH9651,Thakkar-Dass,5311.0,Department Store,Private Limited,Jalandhar,Punjab,2023-03-28 04:13:28,,False,Active,2535.0,False,False,False,1356.755,False
4744,MCH9654,Saini-Bath,5942.0,Books & Stationery,Private Limited,Ludhiana,Punjab,2024-10-11 00:00:00,XXXX5605,True,Active,2570.91,False,False,False,1167.225,False
2550,MCH9659,gokhale-bassi,4814.0,Mobile Recharge,Sole Proprietor,Mumbai,Maharashtra,2023-09-11 00:00:00,AEKL3434312955275,True,Active,269.4,False,False,False,1108.585,False
2351,MCH9661,Ramanathan Group,7011.0,Hotel,Individual,Mumbai,Maharashtra,2023-11-10 08:09:50,,False,Active,735.62,False,False,False,1161.77,False
5836,MCH9662,Basu-Korpal,4814.0,Telecom,Private Limited,Pune,Maharashtra,2023-09-13 15:28:38,WZTV1265477628451,True,Active,1152.0,False,False,False,1213.17,False
3433,MCH9665,Baria and Sons,5699.0,Apparel,Sole Proprietor,Chennai,Tamil Nadu,2023-08-09 00:00:00,VFLG7914496362461,True,Suspended,4561.8,False,True,False,1252.4299999999998,False
2546,MCH9672,contractor-sinha,5311.0,Retail,Individual,Kolkata,West Bengal,2024-11-26 00:00:00,8867559277,True,Active,1371.8,False,False,False,1126.42,False
2149,MCH9675,Mand-Varkey,5912.0,Pharmacy,Individual,Jalandhar,Punjab,2025-11-05 00:00:00,,False,Inactive,843.13,False,False,False,1300.55,False
5099,MCH9679,RAMAN LTD,,Hotel,Sole Proprietor,Delhi,Delhi,2024-07-09 00:00:00,PIVF1729636161305,True,Inactive,310.73,False,False,True,1161.77,False
1304,MCH9681,Bawa PLC,5699.0,Apparel,Private Limited,Pune,Maharashtra,2024-01-09 03:45:47,,False,Active,1913.04,False,False,False,1252.4299999999998,False
5998,MCH9683,Pillai Inc,5411.0,Grocery,Partnership,Bengaluru,Karnataka,2024-11-28 00:00:00,,False,Suspended,1862.68,False,True,False,1233.545,False
1385,MCH9684,Bhasin Inc,5912.0,Pharmacy,Private Limited,Delhi,Delhi,2025-01-20 00:00:00,XXXX1695,True,Inactive,2227.2,False,False,False,1300.55,False
927,MCH9688,choudhry llc,5942.0,Books & Stationery,Sole Proprietor,Bengaluru,Karnataka,2023-10-18 00:00:00,,False,Active,825.43,False,False,False,1167.225,False
4734,MCH9690,Bai1-Sarin,7011.0,Hotel,Partnership,Amritsar,Punjab,2025-11-04 17:06:00,XXXX0228,True,Active,3320.22,False,False,False,1161.77,False
5610,MCH9692_1,Pandey-Behl,5812.0,Restaurant,Private Limited,Hyderabad,Telangana,2024-08-31 00:00:00,XXXX3446,True,Active,522.57,False,False,False,1327.31,True
3304,MCH9692_2,Parekh-Kurian,5699.0,Apparel,Individual,Jaipur,Rajasthan,2025-10-20 00:00:00,XXXX0036,True,Active,,False,False,False,1252.4299999999998,True
558,MCH9693,"Babu, Murty and Rao",5942.0,Books & Stationery,Sole Proprietor,Pune,Maharashtra,2023-07-25 19:48:00,SBLA0467817458024,True,Active,1260.07,False,False,False,1167.225,False
5125,MCH9696,D’Alia-Bhardwaj,5999.0,Misc Retail,Private Limited,Lucknow,Uttar Pradesh,2024-02-17 21:42:16,XXXX0392,True,Active,3568.12,False,False,False,1276.92,False
70,MCH9697,Walla Ltd,,Telecom,Individual,Bengaluru,Karnataka,2025-07-21 00:00:00,,False,Active,1081.86,False,False,True,1213.17,False
3074,MCH9702,Ranganathan-Madan,7011.0,Hotel,Individual,Hyderabad,Telangana,2025-04-10 00:00:00,RTHS3346421176187,True,Active,1980.13,False,False,False,1161.77,False
4363,MCH9704_1,"Maharaj, Sangha and Suresh",5411.0,Grocery,Private Limited,Pune,Maharashtra,2023-01-01 16:43:00,FJDE3725342913526,True,Active,,True,False,False,1233.545,True
5674,MCH9704_2,"Wason, Upadhyay and Palla",5311.0,Retail,Private Limited,Mumbai,Maharashtra,2024-11-07 02:29:00,0272024202,True,Active,,False,False,False,1126.42,True
4617,MCH9706,"Mohan, Sahni and Doctor",5699.0,Apparel,Partnership,Lucknow,Uttar Pradesh,2023-10-26 00:00:00,,False,Active,,False,False,False,1252.4299999999998,False
4081,MCH9710_1,"Mohanty, Lanka and Kamdar",5311.0,Department Store,Individual,Mumbai,Maharashtra,2024-11-13 00:00:00,EZNF2282969074066,True,Inactive,1462.25,False,False,False,1356.755,True
2789,MCH9710_2,Trivedi PLC,5411.0,Grocery,Partnership,Ludhiana,Punjab,2025-01-24 00:00:00,,False,Active,718.83,False,False,False,1233.545,True
4017,MCH9713,"Toor, Nayak and Varma",5699.0,Apparel,Individual,Jalandhar,Punjab,,,False,Active,,True,False,False,1252.4299999999998,False
1256,MCH9714,Issac-Pall,5912.0,Pharmacy,Private Limited,Chennai,Tamil Nadu,2024-07-06 12:33:24,,False,Inactive,925.43,False,False,False,1300.55,False
3005,MCH9715,Desai PLC,7011.0,Hotel,Partnership,Kolkata,West Bengal,2023-01-10 00:00:00,5413889015,True,Inactive,547.82,False,False,False,1161.77,False
4488,MCH9716,"Kadakia, Mishra and Ba1i",5812.0,Restaurant,Private Limited,Lucknow,Uttar Pradesh,2023-09-09 13:40:00,4695594803,True,Active,,True,False,False,1327.31,False
4896,MCH9718_1,  Bumb PLC  ,5699.0,Apparel,Private Limited,Jalandhar,Punjab,,XXXX7725,True,Active,,False,False,False,1252.4299999999998,True
164,MCH9718_2,Mammen and Sons,5411.0,Grocery,Sole Proprietor,Jalandhar,Punjab,2023-06-20 00:00:00,3331553891,True,Active,678.94,False,False,False,1233.545,True
1493,MCH9718_3,Raval and Sons,5812.0,Restaurant,Individual,Bengaluru,Karnataka,2026-01-04 00:00:00,6381850074,True,Active,3311.57,False,False,False,1327.31,True
1007,MCH9718_4,"Trivedi, Yohannan and Garde",5411.0,Grocery,Sole Proprietor,Pune,Maharashtra,2025-06-14 14:04:26,6798429963,True,Active,1881.34,False,False,False,1233.545,True
5654,MCH9720,Hayre Ltd,5942.0,Books & Stationery,Sole Proprietor,Pune,Maharashtra,2024-04-24 00:00:00,,False,Active,507.94,False,False,False,1167.225,False
4242,MCH9722,"KRISHNA, SAXENA AND AURORA",4814.0,Mobile Recharge,Individual,Lucknow,Uttar Pradesh,,XXXX5150,True,Active,,False,False,False,1108.585,False
1032,MCH9725,Shan LLC,5699.0,Apparel,Individual,Lucknow,Uttar Pradesh,2024-12-20 00:00:00,4923079593,True,Active,2250.85,False,False,False,1252.4299999999998,False
1742,MCH9728,"  Dass, Sengupta and Halder  ",5411.0,Grocery,Sole Proprietor,Chennai,Tamil Nadu,2024-10-29 12:12:00,,False,Active,6287.55,False,False,False,1233.545,False
3880,MCH9729,Prabhakar Ltd,5812.0,Restaurant,Individual,Bengaluru,Karnataka,2025-12-28 11:50:57,,False,Active,1127.0,False,False,False,1327.31,False
4192,MCH9731,Chaudhry-Pillay,5311.0,Department Store,Individual,Jaipur,Rajasthan,2025-09-19 16:43:34,4390962437,True,Active,516.39,False,False,False,1356.755,False
1771,MCH9732_1,Pal-Kaur,5699.0,Apparel,Individual,Jalandhar,Punjab,2023-06-25 00:00:00,2545195064,True,Active,1508.45,False,False,False,1252.4299999999998,True
3665,MCH9732_2,"Srinivasan,EdwinandRattan",,Travel,Sole Proprietor,Amritsar,Punjab,2025-04-19 12:04:14,,False,Active,3076.5,False,False,True,1012.28,True
1615,MCH9733,SATHE-HARI,4131.0,Transportation,Partnership,Bengaluru,Karnataka,2025-09-24 05:50:29,,False,Active,1033.79,False,False,False,1225.12,False
2517,MCH9736,sant plc,7011.0,Hotel,Sole Proprietor,Lucknow,Uttar Pradesh,2024-12-07 00:00:00,4147851928,True,Active,1081.26,False,False,False,1161.77,False
4055,MCH9738,Barman-Rastogi,5411.0,Grocery,Partnership,Chennai,Tamil Nadu,2024-11-19 00:00:00,XXXX3047,True,Active,2419.77,False,False,False,1233.545,False
3763,MCH9739,"Gupta, Bhatia and Dhillon",4131.0,Transportation,Private Limited,Jaipur,Rajasthan,2025-03-20 00:00:00,,False,Active,,True,False,False,1225.12,False
2836,MCH9740,Jain and Sons,5812.0,Restaurant,Individual,Jaipur,Rajasthan,2025-01-31 05:45:13,BHGC5407337420204,True,Active,1510.42,False,False,False,1327.31,False
5816,MCH9743,Sahota-Krish,5942.0,Books & Stationery,Private Limited,Ludhiana,Punjab,2023-05-22 00:00:00,,False,Active,873.78,False,False,False,1167.225,False
476,MCH9744,  Walia Inc  ,5942.0,Books & Stationery,Sole Proprietor,Bengaluru,Karnataka,2024-06-24 00:00:00,XXXX8765,True,Suspended,574.28,False,True,False,1167.225,False
1236,MCH9745_1,Chaudhuri PLC,,Apparel,Sole Proprietor,Pune,Maharashtra,2025-05-26 00:00:00,LAJQ5592021482333,True,Inactive,475.31,False,False,True,1252.4299999999998,True
780,MCH9745_2,"Datta, Kibe and Barad",,Pharmacy,Sole Proprietor,Ludhiana,Punjab,2023-03-05 00:00:00,UQJV3362810389691,True,Inactive,1003.0,False,False,True,1300.55,True
5398,MCH9745_3,ramanathan-kara,4131.0,Travel,Sole Proprietor,Chennai,Tamil Nadu,2023-11-27 13:35:38,,False,Active,,False,False,False,1012.28,True
593,MCH9749_1,"Vasa, Jha and Babu",7011.0,Hotel,Sole Proprietor,Chennai,Tamil Nadu,2025-04-08 00:00:00,KYLU7872860441516,True,Active,276.87,False,False,False,1161.77,True
4561,MCH9749_2,Virk Ltd,,Transportation,Private Limited,Pune,Maharashtra,2023-05-24 00:00:00,7433630126,True,Active,4831.0,False,False,True,1225.12,True
2801,MCH9751,Memon-Sinha,5812.0,Restaurant,Sole Proprietor,Ludhiana,Punjab,2023-07-16 00:00:00,4462778035,True,Active,2265.65,False,False,False,1327.31,False
1922,MCH9753,Chowdhury and Sons,4814.0,Telecom,Individual,Mumbai,Maharashtra,2023-06-07 13:36:00,XRQC4173107226583,True,Active,559.33,False,False,False,1213.17,False
2771,MCH9754,Khanna Group,5411.0,Grocery,Partnership,Ludhiana,Punjab,2023-11-20 00:00:00,EDBE0893143652084,True,Active,3682.51,False,False,False,1233.545,False
6093,MCH9755_1,ANAND INC,5311.0,Department Store,Private Limited,Lucknow,Uttar Pradesh,2024-09-10 16:48:00,EWFI4945547358021,True,Active,2048.19,False,False,False,1356.755,True
145,MCH9755_2,"Mane, Dey and Nagy",7011.0,Hotel,Individual,Lucknow,Uttar Pradesh,2023-09-05 00:00:00,,False,Active,2207.77,False,False,False,1161.77,True
4727,MCH9756,"  Dugal, Virk and Dhaliwal  ",4131.0,Transportation,Partnership,Jalandhar,Punjab,2023-01-01 08:25:47,SZBM8211536669889,True,Active,494.0,False,False,False,1225.12,False
6088,MCH9757,Venkataraman-Vig,5311.0,Department Store,Sole Proprietor,Amritsar,Punjab,2025-03-26 02:02:24,,False,Active,,True,False,False,1356.755,False
2012,MCH9762,Kara LLC,5999.0,Misc Retail,Individual,Delhi,Delhi,,9982880458,True,Active,413.17,False,False,False,1276.92,False
1230,MCH9763,Bhatnagar-Ramesh,5699.0,Apparel,Individual,Bengaluru,Karnataka,2023-03-24 10:13:00,FAWR8699456284349,True,Active,2954.71,False,False,False,1252.4299999999998,False
2805,MCH9764_1,"Chaudhry, Samra and Garde",4814.0,Telecom,Private Limited,Jalandhar,Punjab,2024-07-15 00:00:00,XXXX9534,True,Active,,True,False,False,1213.17,True
1809,MCH9764_2,More-Bhavsar,5912.0,Pharmacy,Sole Proprietor,Pune,Maharashtra,2024-09-06 22:28:13,XXXX9274,True,Active,3514.68,False,False,False,1300.55,True
224,MCH9769_1,"Kota, Dara and Sarin",,Travel,Partnership,Ludhiana,Punjab,2025-05-22 00:00:00,XXXX8418,True,Active,2120.25,False,False,True,1012.28,True
5803,MCH9769_2,Setty-Mistry,5311.0,Retail,Partnership,Mumbai,Maharashtra,2023-10-31 00:00:00,,False,Active,301.79,False,False,False,1126.42,True
4662,MCH9769_3,Yogi-Dixit,5411.0,Grocery,Private Limited,Amritsar,Punjab,,ITST4174155209610,True,Inactive,1299.88,False,False,False,1233.545,True
2897,MCH9770,jha-andra,,Transportation,Sole Proprietor,Chennai,Tamil Nadu,2026-01-22 00:00:00,BRJH7377264204006,True,Suspended,1847.23,False,True,True,1225.12,False
4494,MCH9772_1,"Memon, Virk and Mital",,Restaurant,Individual,Amritsar,Punjab,,,False,Active,2402.93,False,False,True,1327.31,True
2841,MCH9772_2,Sachdeva LLC,5411.0,Grocery,Sole Proprietor,Kolkata,West Bengal,2025-10-23 00:00:00,BDSV5277645088008,True,Active,,False,False,False,1233.545,True
3883,MCH9772_3,Vyas-Ganguly,5942.0,Books & Stationery,Partnership,Jalandhar,Punjab,2023-12-25 00:00:00,1012219749,True,Active,1198.91,False,False,False,1167.225,True
3051,MCH9774,Trivedi Group,5912.0,Pharmacy,Partnership,Jaipur,Rajasthan,2024-08-03 00:00:00,5443660478,True,Active,1811.0,False,False,False,1300.55,False
3511,MCH9778,"chandra, subramanian and borde",5942.0,Books & Stationery,Private Limited,Bengaluru,Karnataka,2025-05-20 15:00:27,2832098556,True,Active,2313.1,False,False,False,1167.225,False
4208,MCH9779,De0-Agate,4814.0,Telecom,Individual,Kolkata,West Bengal,2024-03-24 00:00:00,,False,Active,2425.1,False,False,False,1213.17,False
705,MCH9780,"Kibe, Setty and Kaul",5942.0,Books & Stationery,Private Limited,Mumbai,Maharashtra,2024-07-14 00:00:00,EUVJ9352599503304,True,Active,3251.18,False,False,False,1167.225,False
4709,MCH9782_1,Bhardwaj-Varghese,4131.0,Travel,Individual,Ludhiana,Punjab,2023-02-18 14:33:29,GXDH5697468169226,True,Active,1522.0,False,False,False,1012.28,True
4145,MCH9782_2,"Prashad, Sura and Mutti",5311.0,Department Store,Sole Proprietor,Amritsar,Punjab,2025-04-17 00:00:00,,False,Active,2734.0,False,False,False,1356.755,True
56,MCH9784,lal ltd,5812.0,Restaurant,Partnership,Chennai,Tamil Nadu,2024-12-28 05:21:00,XXXX3001,True,Active,1442.84,False,False,False,1327.31,False
4951,MCH9785_1,Bains-Bhavsar,5999.0,Misc Retail,Partnership,Mumbai,Maharashtra,2023-08-07 00:00:00,,False,Active,54.42,False,False,False,1276.92,True
123,MCH9785_2,Nagarajan PLC,5699.0,Apparel,Individual,Mumbai,Maharashtra,2025-08-06 00:00:00,,False,Active,2709.78,False,False,False,1252.4299999999998,True
5118,MCH9786,"Pai, Thakkar and Krish",5311.0,Department Store,Private Limited,Hyderabad,Telangana,,,False,Active,1876.06,False,False,False,1356.755,False
2169,MCH9787,Nigam LLC,7011.0,Hotel,Private Limited,Jaipur,Rajasthan,2023-06-18 00:00:00,,False,Inactive,717.19,False,False,False,1161.77,False
451,MCH9790_1,Ganesh-La1,5999.0,Misc Retail,Sole Proprietor,Delhi,Delhi,2024-03-11 00:00:00,XCKU8726264646953,True,Active,914.14,False,False,False,1276.92,True
4634,MCH9790_2,Kumar-Dua,4814.0,Mobile Recharge,Sole Proprietor,Kolkata,West Bengal,2024-12-09 00:00:00,XXXX3101,True,Active,375.28,False,False,False,1108.585,True
1425,MCH9790_3,YOHANNAN-NARANG,7011.0,Hotel,Private Limited,Lucknow,Uttar Pradesh,2023-01-17 00:00:00,UQCA1861995078274,True,Active,1704.7,False,False,False,1161.77,True
5083,MCH9793,Brar Ltd,,Apparel,Private Limited,Bengaluru,Karnataka,,4222281666,True,Active,198.68,False,False,True,1252.4299999999998,False
3627,MCH9797,"Basu, Kota and Hora",7011.0,Hotel,Individual,Jaipur,Rajasthan,,,False,Active,3455.43,False,False,False,1161.77,False
3184,MCH9798,Mann-Gera,4131.0,Transportation,Individual,Jalandhar,Punjab,2025-07-15 05:53:00,AQRW3805344799887,True,Active,952.0,False,False,False,1225.12,False
333,MCH9800_1,Dasgupta-Sathe,7011.0,Hotel,Partnership,Ludhiana,Punjab,2024-06-13 13:22:14,4290574632,True,Active,,False,False,False,1161.77,True
3263,MCH9800_2,"Om, Rana and Bhatti",5311.0,Department Store,Partnership,Hyderabad,Telangana,,XXXX5409,True,Active,,False,False,False,1356.755,True
4684,MCH9801,"Manda, Bansal and Devan",5812.0,Restaurant,Partnership,Pune,Maharashtra,2025-12-09 00:49:00,XXXX9062,True,Suspended,1106.68,False,True,False,1327.31,False
6009,MCH9802_1,Contractor-Keer,5699.0,Apparel,Individual,Delhi,Delhi,2024-04-08 00:00:00,6197117381,True,Active,1430.48,False,False,False,1252.4299999999998,True
3288,MCH9802_2,  Kashyap LLC  ,4814.0,Telecom,Private Limited,Amritsar,Punjab,,4417851194,True,Inactive,378.5,False,False,False,1213.17,True
1758,MCH9803,Rastogi Ltd,,Books & Stationery,Partnership,Jaipur,Rajasthan,2025-01-29 05:08:38,,False,Active,3135.89,False,False,True,1167.225,False
1125,MCH9804,Bhasin-Peri,5311.0,Department Store,Sole Proprietor,Chennai,Tamil Nadu,2023-12-21 00:24:00,,False,Suspended,962.52,False,True,False,1356.755,False
5691,MCH9805,Sha-Mitter,5311.0,Retail,Partnership,Jalandhar,Punjab,,6239132906,True,Active,1993.26,False,False,False,1126.42,False
5511,MCH9806,Hari-Kant,5411.0,Grocery,Individual,Amritsar,Punjab,2023-12-26 00:00:00,JKYA8958406507555,True,Active,1398.42,False,False,False,1233.545,False
5272,MCH9807,PILLAY-SULE,5912.0,Pharmacy,Partnership,Ludhiana,Punjab,2024-09-17 00:00:00,,False,Active,3555.86,False,False,False,1300.55,False
2888,MCH9811_1,"Dyal, Ranganathan and Sinha",5812.0,Restaurant,Private Limited,Delhi,Delhi,2025-11-04 00:00:00,RQQY2365576077878,True,Active,972.81,False,False,False,1327.31,True
5307,MCH9811_2,natarajan-goswami,5699.0,Apparel,Partnership,Mumbai,Maharashtra,2023-08-24 00:06:28,,False,Active,5908.31,False,False,False,1252.4299999999998,True
4518,MCH9813_1,MENON GROUP,,Misc Retail,Individual,Delhi,Delhi,2026-01-06 00:00:00,XXXX6379,True,Suspended,12265.27,False,True,True,1276.92,True
3208,MCH9813_2,Modi Group,5912.0,Pharmacy,Sole Proprietor,Kolkata,West Bengal,2023-01-13 00:00:00,NMVQ7058285918265,True,Inactive,3354.47,False,False,False,1300.55,True
4178,MCH9813_3,"Padmanabhan,BrahmbhattandTrivedi",5411.0,Grocery,Private Limited,Ludhiana,Punjab,2025-01-27 10:19:00,XXXX5772,True,Active,2491.37,False,False,False,1233.545,True
708,MCH9814,Sekhon-Luthra,5411.0,Grocery,Individual,Hyderabad,Telangana,2023-06-12 00:00:00,,False,Active,2338.35,False,False,False,1233.545,False
19,MCH9815,"NARASIMHAN, VASA AND GOSWAMI",5942.0,Books & Stationery,Individual,Delhi,Delhi,2025-10-11 04:53:00,MZNM1643262942719,True,Active,,True,False,False,1167.225,False
2408,MCH9820,"Rai, Saha and Lalla",7011.0,Hotel,Individual,Amritsar,Punjab,2024-10-13 00:00:00,,False,Active,3129.0,False,False,False,1161.77,False
4564,MCH9821,Natt-Kibe,5699.0,Apparel,Private Limited,Chennai,Tamil Nadu,2025-05-03 00:00:00,XXXX1748,True,Active,4072.48,False,False,False,1252.4299999999998,False
5709,MCH9822,Thaman-Parsa,5311.0,Department Store,Private Limited,Bengaluru,Karnataka,,0500860031,True,Active,534.71,False,False,False,1356.755,False
2570,MCH9823,Kunda-Parekh,5812.0,Restaurant,Individual,Mumbai,Maharashtra,2023-04-10 00:00:00,YIKU2339191619475,True,Active,1308.28,False,False,False,1327.31,False
577,MCH9824,Memon-Mistry,4814.0,Mobile Recharge,Partnership,Ludhiana,Punjab,2024-08-16 02:30:46,,False,Inactive,837.47,False,False,False,1108.585,False
3280,MCH9826,RANA AND SONS,,Grocery,Private Limited,Bengaluru,Karnataka,2023-07-07 16:29:00,ZBMZ7199667891551,True,Active,739.28,False,False,True,1233.545,False
2903,MCH9827,Chaudry and Sons,5311.0,Department Store,Private Limited,Bengaluru,Karnataka,2025-04-02 00:00:00,WKDN2531235762305,True,Active,1686.75,False,False,False,1356.755,False
4867,MCH9831_1,deep-kanda,4814.0,Mobile Recharge,Sole Proprietor,Pune,Maharashtra,2025-07-29 00:00:00,XXXX7811,True,Active,796.02,False,False,False,1108.585,True
5579,MCH9831_2,Kala-Wason,5942.0,Books & Stationery,Individual,Chennai,Tamil Nadu,2024-09-21 00:00:00,XXXX7493,True,Active,1222.6,False,False,False,1167.225,True
3240,MCH9831_3,"Nayar, Sridhar and Shankar",5411.0,Grocery,Sole Proprietor,Bengaluru,Karnataka,2023-05-03 00:00:00,,False,Active,2558.5,False,False,False,1233.545,True
1383,MCH9834_1,"Gill, Varghese and Ganesh",5912.0,Pharmacy,Private Limited,Kolkata,West Bengal,2023-03-26 00:00:00,,False,Active,1416.0,False,False,False,1300.55,True
3082,MCH9834_2,Handa-Chaudhari,5411.0,Grocery,Private Limited,Lucknow,Uttar Pradesh,2025-04-27 00:00:00,XXXX0961,True,Active,3989.9,False,False,False,1233.545,True
4676,MCH9834_3,Pau Ltd,,Misc Retail,Private Limited,Jalandhar,Punjab,2023-12-07 00:00:00,XXXX5411,True,Active,428.09,False,False,True,1276.92,True
1783,MCH9835_1,Mahajan-Pingle,7011.0,Hotel,Private Limited,Jaipur,Rajasthan,2025-09-22 00:00:00,,False,Active,2477.71,False,False,False,1161.77,True
2520,MCH9835_2,MANDA INC,5912.0,Pharmacy,Individual,Kolkata,West Bengal,2024-10-22 00:00:00,,False,Active,293.75,False,False,False,1300.55,True
3460,MCH9836,"Nori, Malhotra and Deep",7011.0,Hotel,Sole Proprietor,Chennai,Tamil Nadu,,XXXX5684,True,Active,3007.0,False,False,False,1161.77,False
4127,MCH9837,Raval-Aurora,5812.0,Restaurant,Sole Proprietor,Kolkata,West Bengal,2023-04-26 00:00:00,,False,Active,2990.0,False,False,False,1327.31,False
982,MCH9839,Natarajan-Keer,5812.0,Restaurant,Individual,Delhi,Delhi,2025-03-03 12:00:05,XXXX6434,True,Active,2189.15,False,False,False,1327.31,False
3247,MCH9840,"gara, bedi and dua",5942.0,Books & Stationery,Private Limited,Amritsar,Punjab,2025-09-12 00:00:00,4627903528,True,Active,369.0,False,False,False,1167.225,False
2956,MCH9843,"Banerjee, Singh and Anne",5942.0,Books & Stationery,Individual,Chennai,Tamil Nadu,2025-04-07 00:00:00,,False,Active,8077.21,False,False,False,1167.225,False
3799,MCH9844,MENON AND SONS,4131.0,Transportation,Sole Proprietor,Mumbai,Maharashtra,2024-04-14 00:00:00,,False,Active,1083.0,False,False,False,1225.12,False
3268,MCH9845,Misra-Varghese,5912.0,Pharmacy,Sole Proprietor,Ludhiana,Punjab,2025-12-30 00:00:00,,False,Active,186.59,False,False,False,1300.55,False
3858,MCH9846_1,Mukherjee Ltd,5812.0,Restaurant,Sole Proprietor,Chennai,Tamil Nadu,2024-09-15 00:00:00,XXXX2201,True,Active,1799.62,False,False,False,1327.31,True
5657,MCH9846_2,"Nadig, Saran and Prabhakar",,Grocery,Private Limited,Amritsar,Punjab,2023-05-30 00:00:00,,False,Active,672.0,False,False,True,1233.545,True
5632,MCH9847_1,Dube and Sons,4814.0,Telecom,Partnership,Delhi,Delhi,2023-06-06 03:41:54,6626610678,True,Active,918.47,False,False,False,1213.17,True
2505,MCH9847_2,"Krish, Rau and Parsa",5999.0,Misc Retail,Private Limited,Kolkata,West Bengal,2024-12-26 00:00:00,,False,Active,1027.86,False,False,False,1276.92,True
844,MCH9848,B0rde Inc,,Retail,Private Limited,Hyderabad,Telangana,2024-02-03 00:00:00,0308046800,True,Active,1173.29,False,False,True,1126.42,False
1374,MCH9849,Jayaraman Inc,5942.0,Books & Stationery,Individual,Kolkata,West Bengal,2026-02-11 02:12:30,8602198402,True,Active,1659.94,False,False,False,1167.225,False
6083,MCH9853,Dhar-Raval,5912.0,Pharmacy,Sole Proprietor,Kolkata,West Bengal,,,False,Active,795.17,False,False,False,1300.55,False
3956,MCH9855,Samra-Manda,4814.0,Mobile Recharge,Private Limited,Chennai,Tamil Nadu,2025-02-01 00:00:00,PEIX9794404707965,True,Active,1167.22,False,False,False,1108.585,False
5367,MCH9856,"Gala, Nadig and Borra",5411.0,Grocery,Partnership,Lucknow,Uttar Pradesh,2025-10-13 23:24:00,DZVT3507500653540,True,Active,1744.37,False,False,False,1233.545,False
1613,MCH9857,Mitra-Bala,5311.0,Department Store,Partnership,Bengaluru,Karnataka,2024-01-15 00:21:39,7322976024,True,Active,507.74,False,False,False,1356.755,False
3368,MCH9858_1,"Devi, Thaker and Master",5812.0,Restaurant,Private Limited,Amritsar,Punjab,2024-07-20 00:00:00,,False,Active,255.83,False,False,False,1327.31,True
2852,MCH9858_2,"Kapur, Doshi and Nayak",5812.0,Restaurant,Partnership,Delhi,Delhi,2025-02-22 05:45:00,,False,Active,791.03,False,False,False,1327.31,True
493,MCH9858_3,"Memon, Mohanty and Ghosh",4131.0,Transportation,Sole Proprietor,Mumbai,Maharashtra,2025-12-11 20:43:32,WBRG3053362542372,True,Active,911.0,False,False,False,1225.12,True
4477,MCH9858_4,Nayar Group,7011.0,Hotel,Sole Proprietor,Pune,Maharashtra,2024-11-23 17:57:00,,False,Active,648.23,False,False,False,1161.77,True
1093,MCH9859,Mukherjee-Agate,5999.0,Misc Retail,Sole Proprietor,Jalandhar,Punjab,,,False,Active,158.0,False,False,False,1276.92,False
2044,MCH9861,"Mukherjee, Murthy and Jani",4131.0,Transportation,Private Limited,Ludhiana,Punjab,2025-06-22 00:00:00,,False,Active,719.77,False,False,False,1225.12,False
2701,MCH9865,Minhas PLC,5942.0,Books & Stationery,Private Limited,Delhi,Delhi,2025-11-29 00:00:00,,False,Active,334.0,False,False,False,1167.225,False
2757,MCH9866_1,"Lad,ShereandKarpe",5812.0,Restaurant,Individual,Lucknow,Uttar Pradesh,2023-07-07 23:38:23,,False,Active,1173.0,False,False,False,1327.31,True
1843,MCH9866_2,Sane-Dar,4814.0,Mobile Recharge,Partnership,Lucknow,Uttar Pradesh,2024-04-11 00:00:00,,False,Active,910.27,False,False,False,1108.585,True
1027,MCH9867_1,Loyal and Sons,5699.0,Apparel,Partnership,Pune,Maharashtra,2023-05-16 14:57:33,,False,Active,1984.39,False,False,False,1252.4299999999998,True
4410,MCH9867_2,TripathiLtd,5942.0,Books & Stationery,Individual,Hyderabad,Telangana,2024-01-11 00:43:00,,False,Active,936.0,False,False,False,1167.225,True
79,MCH9868_1,"  Bedi, Konda and Kant  ",5912.0,Pharmacy,Individual,Jaipur,Rajasthan,2023-02-01 06:58:00,XXXX9285,True,Active,444.97,False,False,False,1300.55,True
2589,MCH9868_2,"Narain, Dada and Panchal",4814.0,Telecom,Sole Proprietor,Pune,Maharashtra,2026-02-28 00:00:00,7391477397,True,Inactive,,True,False,False,1213.17,True
4876,MCH9877_1,Borra and Sons,4814.0,Telecom,Individual,Bengaluru,Karnataka,2023-04-12 21:37:32,YYFP6378402221168,True,Active,416.84,False,False,False,1213.17,True
5946,MCH9877_2,"Garde, Sabharwal and Prashad",5942.0,Books & Stationery,Private Limited,Hyderabad,Telangana,2024-03-02 00:00:00,9136330532,True,Active,1246.91,False,False,False,1167.225,True
3104,MCH9879,Venkataraman-Tata,4814.0,Mobile Recharge,Individual,Ludhiana,Punjab,2024-01-04 00:00:00,5404250897,True,Inactive,2839.66,False,False,False,1108.585,False
6147,MCH9881,Kalla-Tara,5411.0,Grocery,Private Limited,Delhi,Delhi,2025-04-10 00:00:00,,False,Active,1174.86,False,False,False,1233.545,False
2362,MCH9882,  Joshi PLC  ,4814.0,Mobile Recharge,Sole Proprietor,Jaipur,Rajasthan,,,False,Active,320.23,False,False,False,1108.585,False
598,MCH9883_1,"K0rpa1, Bera and Sachdeva",4814.0,Mobile Recharge,Partnership,Bengaluru,Karnataka,2025-07-08 00:00:00,,False,Active,1595.57,False,False,False,1108.585,True
5144,MCH9883_2,Modi PLC,5411.0,Grocery,Sole Proprietor,Delhi,Delhi,2024-08-25 00:00:00,XXXX9460,True,Active,492.1,False,False,False,1233.545,True
534,MCH9884,Sidhu Group,7011.0,Hotel,Partnership,Chennai,Tamil Nadu,2023-10-27 00:00:00,PILQ9149941231060,True,Active,1570.58,False,False,False,1161.77,False
1354,MCH9888_1,"Contractor, Mohanty and Devi",5912.0,Pharmacy,Sole Proprietor,Chennai,Tamil Nadu,2025-09-23 23:00:00,XXXX3253,True,Active,1367.96,False,False,False,1300.55,True
5413,MCH9888_2,Lalla-Cherian,5411.0,Grocery,Sole Proprietor,Mumbai,Maharashtra,2023-09-01 20:16:39,,False,Active,2000.0,False,False,False,1233.545,True
285,MCH9888_3,"Majumdar, Sama and Narayanan",,Mobile Recharge,Sole Proprietor,Kolkata,West Bengal,2025-08-13 00:00:00,XXXX3073,True,Inactive,444.72,False,False,True,1108.585,True
2301,MCH9896_1,Dave-Vasa,5311.0,Retail,Partnership,Pune,Maharashtra,2023-09-30 00:00:00,XXXX8599,True,Active,3148.67,False,False,False,1126.42,True
5700,MCH9896_2,wali group,4814.0,Telecom,Sole Proprietor,Pune,Maharashtra,2023-08-15 00:00:00,,False,Suspended,1708.02,False,True,False,1213.17,True
1835,MCH9897,Modi PLC,5699.0,Apparel,Individual,Delhi,Delhi,2023-06-01 00:00:00,,False,Active,,True,False,False,1252.4299999999998,False
2557,MCH9901,Oommen Ltd,7011.0,Hotel,Sole Proprietor,Hyderabad,Telangana,2025-10-01 18:50:10,XXXX3340,True,Closed,538.3,False,False,False,1161.77,False
4822,MCH9905,Pate1-S00d,7011.0,Hotel,Sole Proprietor,Jaipur,Rajasthan,2025-11-21 00:00:00,ZWIP5852637363100,True,Active,,False,False,False,1161.77,False
5040,MCH9906_1,"Raj, Goda and Rastogi",5912.0,Pharmacy,Private Limited,Pune,Maharashtra,2025-01-31 00:00:00,2812012011,True,Active,543.33,False,False,False,1300.55,True
4450,MCH9906_2,sani-tailor,5311.0,Department Store,Partnership,Chennai,Tamil Nadu,2024-11-20 00:00:00,,False,Active,3953.0,False,False,False,1356.755,True
1550,MCH9909_1,CHAR-MOHANTY,5999.0,Misc Retail,Partnership,Delhi,Delhi,2023-02-18 05:54:00,4229797435,True,Active,1739.69,False,False,False,1276.92,True
4527,MCH9909_2,"Gade, Tiwari and Solanki",5699.0,Apparel,Individual,Pune,Maharashtra,2024-08-23 00:00:00,XXXX1254,True,Active,2922.02,False,False,False,1252.4299999999998,True
1028,MCH9910,"Karan, Ram and Sengupta",5311.0,Department Store,Individual,Delhi,Delhi,2025-10-14 00:00:00,IIRT4821012999661,True,Active,191.17,False,False,False,1356.755,False
5719,MCH9911,"Pal, Dash and Nagi",4131.0,Transportation,Individual,Mumbai,Maharashtra,2024-11-28 00:00:00,XXXX9114,True,Active,1474.73,False,False,False,1225.12,False
3857,MCH9912,"Gade, Bajaj and Zachariah",7011.0,Hotel,Sole Proprietor,Ludhiana,Punjab,2023-02-22 18:06:00,,False,Active,564.0,False,False,False,1161.77,False
4566,MCH9913,Das Ltd,4814.0,Mobile Recharge,Partnership,Lucknow,Uttar Pradesh,2024-08-10 00:00:00,,False,Active,442.64,False,False,False,1108.585,False
4510,MCH9914_1,nayar group,5311.0,Department Store,Individual,Amritsar,Punjab,2024-05-26 03:30:00,PBUY1561698017263,True,Active,5811.91,False,False,False,1356.755,True
6073,MCH9914_2,"Parmar, Sekhon and Kakar",4131.0,Transportation,Private Limited,Amritsar,Punjab,2025-12-15 03:30:38,1204552607,True,Active,1356.48,False,False,False,1225.12,True
4365,MCH9916,"Sur, Palla and Goyal",4814.0,Telecom,Private Limited,Pune,Maharashtra,2023-09-04 08:24:31,7186592814,True,Active,282.0,False,False,False,1213.17,False
314,MCH9918_1,"Jha, Kumer and Srivastava",5699.0,Apparel,Sole Proprietor,Bengaluru,Karnataka,2024-01-16 02:34:09,UOAA2292690080709,True,Inactive,902.09,False,False,False,1252.4299999999998,True
4542,MCH9918_2,Lanka-Oommen,5411.0,Grocery,Private Limited,Amritsar,Punjab,2023-02-08 00:00:00,,False,Active,562.01,False,False,False,1233.545,True
3398,MCH9919,"Ramaswamy,PallandBahri",5912.0,Pharmacy,Private Limited,Mumbai,Maharashtra,2026-02-09 00:00:00,,False,Active,1346.24,False,False,False,1300.55,False
846,MCH9920,Oommen-Mitra,5411.0,Grocery,Private Limited,Jaipur,Rajasthan,2024-01-17 00:00:00,7684049085,True,Active,767.57,False,False,False,1233.545,False
1037,MCH9921,"Datta, Chatterjee and Khalsa",4131.0,Transportation,Private Limited,Bengaluru,Karnataka,2024-02-22 00:00:00,XXXX9256,True,Active,2964.42,False,False,False,1225.12,False
2790,MCH9922,Chand-Jain,5411.0,Grocery,Partnership,Chennai,Tamil Nadu,2023-09-10 00:00:00,XXXX1121,True,Active,1800.0,False,False,False,1233.545,False
1822,MCH9927,"lall, bali and varughese",5812.0,Restaurant,Sole Proprietor,Lucknow,Uttar Pradesh,2025-12-09 00:00:00,IDZP0771497763313,True,Active,1410.0,False,False,False,1327.31,False
4045,MCH9928_1,Kalita-Dave,5999.0,Misc Retail,Private Limited,Mumbai,Maharashtra,2023-02-14 00:00:00,,False,Active,2034.32,False,False,False,1276.92,True
4033,MCH9928_2,KrishnanInc,,Hotel,Private Limited,Jaipur,Rajasthan,2025-05-06 06:23:57,8263891927,True,Active,477.53,False,False,True,1161.77,True
3829,MCH9930,Kale LLC,5699.0,Apparel,Sole Proprietor,Jaipur,Rajasthan,,,False,Active,1917.92,False,False,False,1252.4299999999998,False
4737,MCH9931_1,ray ltd,5912.0,Pharmacy,Private Limited,Chennai,Tamil Nadu,2023-06-28 07:48:26,8013465643,True,Active,7044.3,False,False,False,1300.55,True
4276,MCH9931_2,"Wadhwa, Loyal and Bhat",4814.0,Telecom,Partnership,Lucknow,Uttar Pradesh,2024-05-03 20:57:24,,False,Inactive,,True,False,False,1213.17,True
6,MCH9933,Bali-Zachariah,5411.0,Grocery,Sole Proprietor,Jaipur,Rajasthan,2023-06-07 00:00:00,TWPF4694358713410,True,Active,1549.0,False,False,False,1233.545,False
6104,MCH9935,Sahni-Barad,5999.0,Misc Retail,Partnership,Delhi,Delhi,2023-06-12 00:00:00,,False,Active,1444.0,False,False,False,1276.92,False
4267,MCH9937,"Sant, Dada and Biswas",4814.0,Mobile Recharge,Partnership,Hyderabad,Telangana,2023-08-09 00:00:00,,False,Inactive,663.0,False,False,False,1108.585,False
5453,MCH9940_1,Mutti-Chakraborty,,Restaurant,Private Limited,Jaipur,Rajasthan,2024-05-03 00:00:00,,False,Inactive,1326.53,False,False,True,1327.31,True
1619,MCH9940_2,"Thakur, Chokshi and Char",5699.0,Apparel,Sole Proprietor,Jalandhar,Punjab,2023-01-16 00:00:00,,False,Active,1656.0,False,False,False,1252.4299999999998,True
892,MCH9941_1,Bava and Sons,5999.0,Misc Retail,Private Limited,Hyderabad,Telangana,2024-02-12 03:24:00,8632655432,True,Active,,True,False,False,1276.92,True
2861,MCH9941_2,"prakash, ramakrishnan and shukla",4814.0,Telecom,Partnership,Ludhiana,Punjab,2023-08-19 00:00:00,,False,Active,414.88,False,False,False,1213.17,True
6084,MCH9942_1,Choudhry-Shenoy,4814.0,Telecom,Partnership,Amritsar,Punjab,2024-08-09 09:43:00,JYCX6599095859245,True,Active,1359.79,False,False,False,1213.17,True
2090,MCH9942_2,"Joshi,PradhanandBawa",5311.0,Department Store,Partnership,Mumbai,Maharashtra,2023-08-22 00:00:00,7937476711,True,Active,289.38,False,False,False,1356.755,True
2855,MCH9942_3,"Sarma, Butala and Ganguly",5912.0,Pharmacy,Sole Proprietor,Lucknow,Uttar Pradesh,2025-10-16 02:21:10,,False,Active,,False,False,False,1300.55,True
2895,MCH9942_4,Srinivas and Sons,,Hotel,Individual,Amritsar,Punjab,2024-09-07 13:54:00,NAOM1028605509837,True,Active,636.69,False,False,True,1161.77,True
5197,MCH9943,Mukhopadhyay-Kale,5699.0,Apparel,Private Limited,Amritsar,Punjab,2025-11-30 15:51:23,HLRA9462438432419,True,Active,2114.46,False,False,False,1252.4299999999998,False
4887,MCH9944,"Parikh, Mutti and Saha",4131.0,Transportation,Partnership,Jalandhar,Punjab,2025-08-03 12:22:46,YTTI1528625741410,True,Active,1826.64,False,False,False,1225.12,False
1379,MCH9945,"Pant, Hayre and Pathak",4814.0,Telecom,Private Limited,Jalandhar,Punjab,2025-07-14 00:56:49,XXXX5088,True,Active,789.57,False,False,False,1213.17,False
3559,MCH9946_1,Jain LLC,5912.0,Pharmacy,Partnership,Pune,Maharashtra,2024-12-10 16:23:14,WESP3308956963595,True,Active,1421.0,False,False,False,1300.55,True
5277,MCH9946_2,Koshy Group,,Books & Stationery,Private Limited,Hyderabad,Telangana,,XXXX9561,True,Suspended,1728.0,False,True,True,1167.225,True
2531,MCH9947,Sarkar Ltd,5311.0,Department Store,Individual,Ludhiana,Punjab,2023-06-25 00:00:00,GOFP4316530582610,True,Active,,False,False,False,1356.755,False
5416,MCH9949_1,Balan LLC,5411.0,Grocery,Private Limited,Amritsar,Punjab,2024-06-27 00:00:00,XXXX7461,True,Active,2493.77,False,False,False,1233.545,True
1469,MCH9949_2,Lanka Ltd,4131.0,Travel,Sole Proprietor,Ludhiana,Punjab,2024-08-10 00:24:00,,False,Active,4386.14,False,False,False,1012.28,True
29,MCH9951,Natt Group,5912.0,Pharmacy,Partnership,Chennai,Tamil Nadu,2024-02-05 00:00:00,TSMH8783182679043,True,Active,1765.37,False,False,False,1300.55,False
852,MCH9952,Vig-Doctor,,Travel,Private Limited,Lucknow,Uttar Pradesh,2024-10-27 00:00:00,XXXX8487,True,Active,856.86,False,False,True,1012.28,False
2246,MCH9954_1,"Dutta, J0ha1 and Char",5699.0,Apparel,Sole Proprietor,Delhi,Delhi,2025-12-23 00:00:00,ERMO2255417001428,True,Active,3148.72,False,False,False,1252.4299999999998,True
2925,MCH9954_2,Mitra LLC,5912.0,Pharmacy,Sole Proprietor,Lucknow,Uttar Pradesh,2023-06-30 00:00:00,,False,Active,412.84,False,False,False,1300.55,True
1410,MCH9955_1,Bumb Ltd,,Pharmacy,Individual,Bengaluru,Karnataka,2024-02-20 00:00:00,,False,Inactive,5375.4,False,False,True,1300.55,True
6079,MCH9955_2,NORI-NAZARETH,5699.0,Apparel,Sole Proprietor,Delhi,Delhi,2024-05-22 02:32:54,,False,Inactive,673.27,False,False,False,1252.4299999999998,True
877,MCH9956_1,Khatri Inc,7011.0,Hotel,Sole Proprietor,Pune,Maharashtra,2023-05-19 18:45:01,5037831406,True,Suspended,,True,True,False,1161.77,True
945,MCH9956_2,"Sanghvi, Ghose and Din",5311.0,Department Store,Private Limited,Delhi,Delhi,2025-11-29 16:15:00,,False,Active,2309.81,False,False,False,1356.755,True
2398,MCH9957_1,"Chatterjee, Goda and Saraf",4814.0,Telecom,Sole Proprietor,Ludhiana,Punjab,2025-05-10 05:24:35,XXXX6546,True,Active,533.81,False,False,False,1213.17,True
1688,MCH9957_2,"Choudhury, Doctor and Das",5942.0,Books & Stationery,Partnership,Jalandhar,Punjab,2023-03-15 00:00:00,XXXX1369,True,Active,,False,False,False,1167.225,True
975,MCH9963,Mahajan and S0ns,5942.0,Books & Stationery,Partnership,Jaipur,Rajasthan,2025-01-19 07:33:36,7503956758,True,Active,7342.46,False,False,False,1167.225,False
450,MCH9964,Dua Inc,4131.0,Transportation,Sole Proprietor,Mumbai,Maharashtra,2023-02-06 00:00:00,,False,Inactive,794.67,False,False,False,1225.12,False
151,MCH9966_1,"  Kara, Chanda and Hayre  ",4131.0,Transportation,Individual,Kolkata,West Bengal,2024-01-16 20:22:00,XXXX6108,True,Active,3566.37,False,False,False,1225.12,True
4346,MCH9966_2,TOOR GROUP,,Misc Retail,Partnership,Kolkata,West Bengal,2024-03-11 00:00:00,1428945380,True,Active,681.04,False,False,True,1276.92,True
2088,MCH9967,Kaul LLC,5812.0,Restaurant,Individual,Lucknow,Uttar Pradesh,2023-12-23 00:00:00,HXGW3877013830442,True,Active,4200.0,False,False,False,1327.31,False
3917,MCH9968_1,Kata-Bawa,5311.0,Department Store,Private Limited,Lucknow,Uttar Pradesh,2025-09-01 12:08:34,,False,Active,2070.31,False,False,False,1356.755,True
2698,MCH9968_2,Swamy-Was0n,5311.0,Department Store,Sole Proprietor,Mumbai,Maharashtra,2024-04-29 12:30:36,,False,Inactive,526.26,False,False,False,1356.755,True
3029,MCH9969,Tiwari and Sons,5942.0,Books & Stationery,Private Limited,Ludhiana,Punjab,2023-01-15 00:00:00,3536281860,True,Inactive,1542.28,False,False,False,1167.225,False
4315,MCH9972,"Bakshi, Tata and Parmer",5311.0,Department Store,Sole Proprietor,Hyderabad,Telangana,2024-08-14 00:00:00,ATOC5117985834296,True,Active,1398.48,False,False,False,1356.755,False
550,MCH9973,"Parsa, Loyal and Pai",4814.0,Mobile Recharge,Partnership,Lucknow,Uttar Pradesh,2024-04-19 00:00:00,VRDN2962805644016,True,Active,1836.29,False,False,False,1108.585,False
656,MCH9975,Nadkarni-Sane,5999.0,Misc Retail,Sole Proprietor,Delhi,Delhi,2025-08-02 00:00:00,XXXX7415,True,Active,4465.19,False,False,False,1276.92,False
2493,MCH9977,Mohanty-Desai,4814.0,Telecom,Sole Proprietor,Mumbai,Maharashtra,2023-02-13 00:00:00,0069594001,True,Active,845.52,False,False,False,1213.17,False
1746,MCH9979,"Bandi, Gupta and Sarma",4131.0,Transportation,Private Limited,Ludhiana,Punjab,2023-04-13 00:00:00,,False,Suspended,,True,True,False,1225.12,False
2644,MCH9983,bhagat group,5411.0,Grocery,Individual,Pune,Maharashtra,2025-11-27 00:00:00,XXXX2568,True,Active,3669.57,False,False,False,1233.545,False
1213,MCH9984_1,"Dash, Radhakrishnan and Singh",4131.0,Transportation,Sole Proprietor,Amritsar,Punjab,2025-11-01 00:00:00,4065235597,True,Active,956.87,False,False,False,1225.12,True
3486,MCH9984_2,Samra and Sons,5942.0,Books & Stationery,Private Limited,Ludhiana,Punjab,2025-09-02 00:00:00,QLUY8246015665493,True,Active,983.46,False,False,False,1167.225,True
3924,MCH9986,tak ltd,4131.0,Transportation,Partnership,Delhi,Delhi,2025-01-21 00:00:00,PVFQ1310778139722,True,Active,,True,False,False,1225.12,False
3141,MCH9988,"Johal, Padmanabhan and Sagar",,Pharmacy,Individual,Delhi,Delhi,2026-02-02 00:00:00,,False,Active,1620.14,False,False,True,1300.55,False
5727,MCH9990,Mishra Inc,5912.0,Pharmacy,Private Limited,Mumbai,Maharashtra,2023-02-18 00:00:00,XXXX3137,True,Active,970.05,False,False,False,1300.55,False
916,MCH9992,Rajagopalan PLC,7011.0,Hotel,Sole Proprietor,Bengaluru,Karnataka,2024-02-07 00:00:00,5652803993,True,Active,577.93,False,False,False,1161.77,False
33,MCH9993,Chadha-Tailor,5942.0,Books & Stationery,Private Limited,Ludhiana,Punjab,2026-01-05 00:00:00,,False,Inactive,2368.65,False,False,False,1167.225,False
5981,MCH9994,"Barad, Lall and Shetty",5942.0,Books & Stationery,Partnership,Delhi,Delhi,2026-01-13 00:00:00,5940602579,True,Active,1588.48,False,False,False,1167.225,False
617,MCH9995,ben-krish,,Retail,Sole Proprietor,Pune,Maharashtra,2025-11-09 20:22:00,FLBG6350605755281,True,Active,2919.94,False,False,True,1126.42,False
345,MCH9996,Kala-Nadkarni,5699.0,Apparel,Private Limited,Delhi,Delhi,2023-01-03 00:00:00,XXXX7769,True,Active,628.11,False,False,False,1252.4299999999998,False
11,MCH9997,"Kalita, Dass and Balay",5999.0,Misc Retail,Individual,Ludhiana,Punjab,2023-07-12 00:00:00,XXXX2557,True,Active,2233.91,False,False,False,1276.92,False
5742,MCH9999,"KONDA, SUBRAMANIAN AND RAU",5999.0,Misc Retail,Individual,Mumbai,Maharashtra,2024-01-16 20:59:00,,False,Active,510.0,False,False,False,1276.92,False
